# MagicaVoxel @ Ephtracy

# group
o 

# material
mtllib Isla-Del-Verano-7.mtl
usemtl palette

# normals
vn -1 0 0
vn 1 0 0
vn 0 0 1
vn 0 0 -1
vn 0 -1 0
vn 0 1 0

# texcoords
vt 0.00195312 0.5
vt 0.00585938 0.5
vt 0.00976562 0.5
vt 0.0136719 0.5
vt 0.0175781 0.5
vt 0.0214844 0.5
vt 0.0253906 0.5
vt 0.0332031 0.5
vt 0.0371094 0.5
vt 0.0683594 0.5
vt 0.224609 0.5
vt 0.283203 0.5

# verts
v 12.8 0 12.2
v 12.8 0 0.2
v 12.8 0.5 12.1
v 12.8 0.5 11.4
v 12.8 0.5 8.7
v 12.8 0.5 3.7
v 12.8 0.5 3.6
v 12.8 0.5 2
v 12.8 0.5 0.2
v 12.8 0.6 3.6
v 12.8 0.6 2
v 12.8 0.8 7.2
v 12.8 0.8 6
v 12.8 0.8 5.6
v 12.8 0.8 5.3
v 12.8 1 12.2
v 12.8 1 12.1
v 12.8 1 4.2
v 12.8 1 4.1
v 12.8 1.1 11.4
v 12.8 1.1 9.9
v 12.8 1.1 3.6
v 12.8 1.1 0.2
v 12.8 1.2 9.9
v 12.8 1.2 8.7
v 12.8 1.2 7.2
v 12.8 1.2 6
v 12.8 1.2 5.6
v 12.8 1.2 5.3
v 12.8 1.2 4.2
v 12.8 1.2 4.1
v 12.8 1.4 12.2
v 12.8 1.4 9.1
v 12.8 1.4 7.8
v 12.8 1.4 6.3
v 12.8 1.4 4.5
v 12.8 1.4 3.7
v 12.8 1.5 9.1
v 12.8 1.5 7.8
v 12.8 1.5 6.6
v 12.8 1.5 6.3
v 12.8 1.5 6.2
v 12.8 1.5 4.5
v 12.8 1.7 10.9
v 12.8 1.7 10.5
v 12.8 1.8 10.9
v 12.8 1.8 10.5
v 12.8 1.8 8.7
v 12.8 1.8 8
v 12.8 1.9 8.7
v 12.8 1.9 8
v 12.8 2 12.2
v 12.8 2 6.6
v 12.8 2 6.2
v 12.8 2 3.7
v 12.8 2.1 8.8
v 12.8 2.1 7.8
v 12.8 2.2 11.2
v 12.8 2.2 10.3
v 12.8 2.3 10.3
v 12.8 2.3 9.9
v 12.8 2.3 6
v 12.8 2.3 5.2
v 12.8 2.3 4.1
v 12.8 2.3 3.7
v 12.8 2.4 8.8
v 12.8 2.4 7.8
v 12.8 2.5 8.1
v 12.8 2.5 7.6
v 12.8 2.5 6
v 12.8 2.5 5.2
v 12.8 2.6 8.1
v 12.8 2.6 7.6
v 12.8 2.7 10.3
v 12.8 2.7 9.9
v 12.8 2.9 7.9
v 12.8 2.9 7.8
v 12.8 2.9 6.1
v 12.8 2.9 5.9
v 12.8 2.9 4.6
v 12.8 2.9 4.5
v 12.8 3 7.8
v 12.8 3 7.7
v 12.8 3 5.9
v 12.8 3 5.3
v 12.8 3 4.7
v 12.8 3 4.6
v 12.8 3 4.5
v 12.8 3 4.3
v 12.8 3 4.1
v 12.8 3.1 7.7
v 12.8 3.1 7.3
v 12.8 3.1 6.6
v 12.8 3.1 6.1
v 12.8 3.1 5.3
v 12.8 3.1 5.2
v 12.8 3.1 4.8
v 12.8 3.1 4.7
v 12.8 3.2 7.9
v 12.8 3.2 7.8
v 12.8 3.2 7.3
v 12.8 3.2 6.6
v 12.8 3.2 5.2
v 12.8 3.2 4.8
v 12.8 3.3 7.8
v 12.8 3.3 7.7
v 12.8 3.3 4.3
v 12.8 3.4 11.2
v 12.8 3.4 10.3
v 12.8 4 12.2
v 12.8 4 9.2
v 12.8 4 8.6
v 12.8 4 7.7
v 12.8 4.2 9.4
v 12.8 4.2 9.2
v 12.8 4.2 8.9
v 12.8 4.2 8.6
v 12.8 4.3 11.5
v 12.8 4.3 10.5
v 12.8 4.4 11.5
v 12.8 4.4 10.5
v 12.8 4.4 9.4
v 12.8 4.4 8.9
v 12.8 4.5 7.8
v 12.8 4.5 7.7
v 12.8 4.6 12.2
v 12.8 4.6 7.8
v 12.8 4.8 9.6
v 12.8 4.8 7.7
v 12.8 5.1 9.6
v 12.8 5.1 7.7
v 12.8 5.3 8.2
v 12.8 5.3 7.7
v 12.8 5.4 10.3
v 12.8 5.4 10
v 12.8 5.5 12.1
v 12.8 5.5 11.1
v 12.8 5.5 10.3
v 12.8 5.5 10.2
v 12.8 5.5 10
v 12.8 5.5 9.9
v 12.8 5.6 10.3
v 12.8 5.6 10.2
v 12.8 5.6 9.9
v 12.8 5.6 9.7
v 12.8 5.7 9.7
v 12.8 5.7 9.5
v 12.8 5.8 10.5
v 12.8 5.8 10.3
v 12.8 5.8 9.5
v 12.8 5.8 9.4
v 12.8 5.9 12.2
v 12.8 5.9 12.1
v 12.8 5.9 10.6
v 12.8 5.9 10.5
v 12.8 5.9 9.4
v 12.8 5.9 9.2
v 12.8 5.9 8.3
v 12.8 5.9 8.2
v 12.8 6 10.8
v 12.8 6 10.6
v 12.8 6 9.2
v 12.8 6 9.1
v 12.8 6.1 11.1
v 12.8 6.1 10.8
v 12.8 6.1 9.1
v 12.8 6.1 8.9
v 12.8 6.2 8.9
v 12.8 6.2 8.8
v 12.8 6.3 8.8
v 12.8 6.3 8.3
v 12.8 6.4 11.1
v 12.8 6.4 8.2
v 12.9 2.3 4.1
v 12.9 2.3 3.7
v 12.9 2.4 3.8
v 12.9 2.4 3.7
v 12.9 2.9 4
v 12.9 2.9 3.8
v 12.9 3 4.1
v 12.9 3 4
v 12.9 5.3 8.2
v 12.9 5.3 7.7
v 12.9 5.5 12.1
v 12.9 5.5 11.1
v 12.9 5.6 12.1
v 12.9 5.6 12
v 12.9 5.6 8.2
v 12.9 5.6 7.7
v 12.9 5.9 12
v 12.9 5.9 11.4
v 12.9 6.1 11.3
v 12.9 6.1 11.1
v 12.9 6.3 11.4
v 12.9 6.3 11.3
v 12.9 6.4 11.4
v 12.9 6.4 11.1
v 13 5.6 12.2
v 13 5.6 12
v 13 5.9 12.2
v 13 5.9 12
v 13.1 3.3 7
v 13.1 3.3 6.8
v 13.1 3.4 7
v 13.1 3.4 6.8
v 13.1 5.9 12.2
v 13.1 5.9 11.9
v 13.1 5.9 11.7
v 13.1 5.9 11.5
v 13.1 5.9 11.4
v 13.1 6 12.2
v 13.1 6 11.9
v 13.1 6 11.6
v 13.1 6.3 11.5
v 13.1 6.3 11.4
v 13.1 6.4 11.6
v 13.1 6.4 11.4
v 13.2 3.3 6.8
v 13.2 3.3 6.7
v 13.2 3.4 6.8
v 13.2 3.4 6.7
v 13.3 2.4 3.8
v 13.3 2.4 3.7
v 13.3 2.9 3.8
v 13.3 3 3.8
v 13.3 3 3.7
v 13.3 3.3 6.7
v 13.3 3.3 6.6
v 13.3 3.4 6.7
v 13.3 3.4 6.6
v 13.4 2.9 4
v 13.4 2.9 3.8
v 13.4 2.9 3.7
v 13.4 2.9 3.6
v 13.4 3 4.4
v 13.4 3 4.1
v 13.4 3 4
v 13.4 3 3.8
v 13.4 3 3.7
v 13.4 3.1 4.3
v 13.4 3.1 4.1
v 13.4 3.1 4
v 13.4 3.1 3.6
v 13.4 3.2 4.4
v 13.4 3.2 4.3
v 13.4 3.3 6.6
v 13.4 3.3 6.5
v 13.4 3.4 6.6
v 13.4 3.4 6.5
v 13.5 3 4.1
v 13.5 3 4
v 13.5 3.1 4.1
v 13.5 3.1 4
v 13.5 6 12.2
v 13.5 6 12.1
v 13.5 6 12
v 13.5 6 11.6
v 13.5 6.1 11.7
v 13.5 6.1 11.6
v 13.5 6.2 11.8
v 13.5 6.2 11.7
v 13.5 6.3 12
v 13.5 6.3 11.8
v 13.5 6.4 12.2
v 13.5 6.4 12.1
v 13.5 6.4 12
v 13.5 6.4 11.6
v 13.6 2.8 3.7
v 13.6 2.8 3.6
v 13.6 2.9 3.7
v 13.6 2.9 3.6
v 13.6 3.1 4.3
v 13.6 3.1 3.6
v 13.6 3.3 4.3
v 13.6 3.3 3.6
v 13.8 4.8 8.3
v 13.8 4.8 7.7
v 13.8 4.9 7.8
v 13.8 4.9 7.7
v 13.8 6.1 8.3
v 13.8 6.1 8
v 13.8 6.2 7.8
v 13.8 6.2 7.7
v 13.8 6.3 8.3
v 13.8 6.3 8
v 13.8 6.3 7.7
v 13.8 6.4 11.2
v 13.8 6.4 10.9
v 13.8 6.5 11.2
v 13.8 6.5 10.9
v 13.9 6.3 7.8
v 13.9 6.3 7.7
v 13.9 6.4 11.3
v 13.9 6.4 11.2
v 13.9 6.4 7.8
v 13.9 6.4 7.7
v 13.9 6.5 11.3
v 13.9 6.5 11.2
v 14.1 4.9 7.8
v 14.1 4.9 7.7
v 14.1 6 12.1
v 14.1 6 12
v 14.1 6.2 7.8
v 14.1 6.2 7.7
v 14.1 6.3 12.1
v 14.1 6.3 12
v 14.1 6.4 12.1
v 14.1 6.4 12
v 14.1 6.4 11.4
v 14.1 6.4 11.3
v 14.1 6.5 11.4
v 14.1 6.5 11.3
v 14.2 3.3 7.7
v 14.2 3.3 7.6
v 14.2 3.3 7.5
v 14.2 3.5 7.7
v 14.2 3.5 7.6
v 14.2 3.6 7.7
v 14.2 3.6 7.6
v 14.2 3.9 7.7
v 14.2 3.9 7.6
v 14.2 4 7.7
v 14.2 4 7.6
v 14.2 4.2 7.7
v 14.2 4.2 7.6
v 14.2 4.3 7.7
v 14.2 4.3 7.6
v 14.2 4.6 7.7
v 14.2 4.6 7.6
v 14.2 4.7 7.7
v 14.2 4.7 7.6
v 14.2 5.1 7.7
v 14.2 5.1 7.6
v 14.2 5.2 7.7
v 14.2 5.2 7.6
v 14.2 5.4 7.7
v 14.2 5.4 7.6
v 14.2 5.5 7.7
v 14.2 5.5 7.6
v 14.2 6 7.7
v 14.2 6 7.6
v 14.2 6.1 7.7
v 14.2 6.1 7.6
v 14.2 6.3 8.5
v 14.2 6.3 8.3
v 14.2 6.3 7.8
v 14.2 6.3 7.7
v 14.2 6.3 7.6
v 14.2 6.4 8.5
v 14.2 6.4 7.8
v 14.2 6.4 7.7
v 14.2 6.4 7.6
v 14.2 6.6 7.7
v 14.2 6.6 7.6
v 14.2 6.6 7.5
v 14.4 3.3 4.3
v 14.4 3.3 3.9
v 14.4 3.4 4.3
v 14.4 3.4 3.9
v 14.5 3 3.7
v 14.5 3 3.6
v 14.5 3.2 3.7
v 14.5 3.2 3.6
v 14.5 6.4 9.4
v 14.5 6.4 9
v 14.5 6.5 9.4
v 14.5 6.5 9
v 14.6 2.9 3.7
v 14.6 2.9 3.6
v 14.6 3 3.7
v 14.6 3 3.6
v 14.7 2.8 3.7
v 14.7 2.8 3.6
v 14.7 2.9 3.7
v 14.7 2.9 3.6
v 15 3.3 7.6
v 15 3.3 7.5
v 15 3.3 5.6
v 15 3.3 4.8
v 15 3.4 5.5
v 15 3.4 4.9
v 15 3.5 7.6
v 15 3.5 5.6
v 15 3.5 5.5
v 15 3.5 4.9
v 15 3.5 4.8
v 15 3.6 7.6
v 15 3.9 7.6
v 15 4 7.6
v 15 4.2 7.6
v 15 4.3 7.6
v 15 4.6 7.6
v 15 4.7 7.6
v 15 5.1 7.6
v 15 5.2 7.6
v 15 5.4 7.6
v 15 5.5 7.6
v 15 6 7.6
v 15 6.1 7.6
v 15 6.3 7.6
v 15 6.4 7.6
v 15 6.6 7.6
v 15 6.6 7.5
v 15.3 3.3 5.6
v 15.3 3.3 4.8
v 15.3 3.4 5.6
v 15.3 3.4 5.5
v 15.3 3.4 4.9
v 15.3 3.4 4.8
v 15.4 3.3 6.6
v 15.4 3.3 6.5
v 15.4 3.4 6.6
v 15.4 3.4 6.5
v 15.5 3.3 6.5
v 15.5 3.3 6.4
v 15.5 3.4 6.5
v 15.5 3.4 6.4
v 15.6 3 4.4
v 15.6 3 4.3
v 15.6 3.2 4.4
v 15.6 3.2 4.3
v 15.6 3.3 6.4
v 15.6 3.3 6.3
v 15.6 3.3 5.6
v 15.6 3.3 4.8
v 15.6 3.3 4.4
v 15.6 3.3 4.3
v 15.6 3.4 6.4
v 15.6 3.4 6.3
v 15.6 3.4 5.6
v 15.6 3.4 5.5
v 15.6 3.4 4.9
v 15.6 3.4 4.8
v 15.7 3 4.3
v 15.7 3 4.2
v 15.7 3.2 4.3
v 15.7 3.3 7.6
v 15.7 3.3 7.5
v 15.7 3.3 7.4
v 15.7 3.3 4.3
v 15.7 3.3 4.2
v 15.7 3.4 7.6
v 15.7 3.4 7.5
v 15.7 3.4 7.4
v 15.8 0.5 3.7
v 15.8 0.5 3.6
v 15.8 1.1 3.7
v 15.8 1.1 3.6
v 15.8 6.4 12
v 15.8 6.4 11.6
v 15.8 6.5 12
v 15.8 6.5 11.6
v 15.9 3.3 5.6
v 15.9 3.3 4.8
v 15.9 3.4 5.6
v 15.9 3.4 5.5
v 15.9 3.4 4.9
v 15.9 3.4 4.8
v 16.1 6.4 8.6
v 16.1 6.4 8.4
v 16.1 6.5 8.6
v 16.1 6.5 8.4
v 16.2 3.3 5.6
v 16.2 3.3 4.8
v 16.2 3.4 5.6
v 16.2 3.4 5.5
v 16.2 3.4 4.9
v 16.2 3.4 4.8
v 16.2 6.4 8.7
v 16.2 6.4 8.6
v 16.2 6.5 8.7
v 16.2 6.5 8.6
v 16.4 3.3 5.6
v 16.4 3.3 4.8
v 16.4 3.4 5.6
v 16.4 3.4 5.5
v 16.4 3.4 4.9
v 16.4 3.4 4.8
v 16.7 3.3 5.6
v 16.7 3.3 4.8
v 16.7 3.4 5.6
v 16.7 3.4 5.5
v 16.7 3.4 4.9
v 16.7 3.4 4.8
v 16.8 6.3 8.4
v 16.8 6.3 8.3
v 16.8 6.4 8.4
v 16.8 6.4 8.3
v 16.9 2.7 1.1
v 16.9 2.7 1
v 16.9 2.8 1.3
v 16.9 2.8 1.1
v 16.9 2.9 3.4
v 16.9 2.9 3.2
v 16.9 2.9 1.5
v 16.9 2.9 1.3
v 16.9 3 3.7
v 16.9 3 3.4
v 16.9 3 3.2
v 16.9 3 3.1
v 16.9 3 1.6
v 16.9 3 1.5
v 16.9 3 1
v 16.9 3 0.9
v 16.9 3.1 3.9
v 16.9 3.1 3.7
v 16.9 3.1 3.1
v 16.9 3.1 2.9
v 16.9 3.1 1.7
v 16.9 3.1 1.6
v 16.9 3.1 0.9
v 16.9 3.1 0.8
v 16.9 3.2 4.8
v 16.9 3.2 3.9
v 16.9 3.2 2.9
v 16.9 3.2 1.7
v 16.9 3.3 4.8
v 16.9 3.3 0.8
v 16.9 6.4 10.8
v 16.9 6.4 10.7
v 16.9 6.4 10.6
v 16.9 6.4 10.4
v 16.9 6.5 10.8
v 16.9 6.5 10.7
v 16.9 6.5 10.6
v 16.9 6.5 10.4
v 17 0.5 6
v 17 0.5 4.8
v 17 0.5 0.3
v 17 0.5 0.2
v 17 0.6 0.3
v 17 1 0.3
v 17 1 0.2
v 17 1.1 6
v 17 1.1 4.8
v 17 1.1 0.5
v 17 1.1 0.3
v 17 1.2 0.5
v 17 1.2 0.2
v 17 1.4 6
v 17 1.4 0.2
v 17 2 6
v 17 2 0.2
v 17 2.2 5.3
v 17 2.2 5.2
v 17 2.2 3.1
v 17 2.2 2.3
v 17 2.3 5.9
v 17 2.3 5.3
v 17 2.4 3.1
v 17 2.4 2.3
v 17 2.4 1.9
v 17 2.4 1.5
v 17 2.6 3.9
v 17 2.6 3.4
v 17 2.6 2.9
v 17 2.6 2.6
v 17 2.6 0.6
v 17 2.6 0.3
v 17 2.7 3.9
v 17 2.7 3.4
v 17 2.7 1.1
v 17 2.7 1
v 17 2.7 0.3
v 17 2.7 0.2
v 17 2.8 6
v 17 2.8 5.9
v 17 2.8 1.3
v 17 2.8 1.1
v 17 2.9 3.4
v 17 2.9 3.2
v 17 2.9 2.9
v 17 2.9 2.6
v 17 2.9 1.5
v 17 2.9 1.3
v 17 3 3.7
v 17 3 3.4
v 17 3 3.2
v 17 3 3.1
v 17 3 1.9
v 17 3 1.6
v 17 3 1.5
v 17 3 1
v 17 3 0.9
v 17 3.1 3.9
v 17 3.1 3.7
v 17 3.1 3.1
v 17 3.1 2.9
v 17 3.1 1.7
v 17 3.1 1.6
v 17 3.1 0.9
v 17 3.1 0.8
v 17 3.2 4.8
v 17 3.2 3.9
v 17 3.2 2.9
v 17 3.2 1.7
v 17 3.2 0.8
v 17 3.2 0.6
v 17 3.3 5.2
v 17 3.3 4.8
v 17 6.3 8.3
v 17 6.3 8.2
v 17 6.4 8.3
v 17 6.4 8.2
v 17.1 2.2 5.3
v 17.1 2.2 5.2
v 17.1 2.3 5.9
v 17.1 2.3 5.3
v 17.1 2.8 5.9
v 17.1 3.1 5.9
v 17.1 3.1 5.5
v 17.1 3.2 5.5
v 17.1 3.2 5.2
v 17.1 3.3 5.5
v 17.1 3.3 5.2
v 17.1 3.3 4.3
v 17.1 3.3 4.1
v 17.1 3.3 1.2
v 17.1 3.3 0.9
v 17.1 3.4 4.3
v 17.1 3.4 4.1
v 17.1 3.4 1.2
v 17.1 3.4 0.9
v 17.2 2.6 0.6
v 17.2 2.6 0.3
v 17.2 3 0.4
v 17.2 3 0.3
v 17.2 3.1 0.4
v 17.2 3.1 0.3
v 17.2 3.2 0.8
v 17.2 3.2 0.7
v 17.2 3.2 0.6
v 17.2 3.2 0.3
v 17.2 3.3 5.6
v 17.2 3.3 5.5
v 17.2 3.3 4.8
v 17.2 3.3 4.5
v 17.2 3.3 4.3
v 17.2 3.3 0.8
v 17.2 3.3 0.7
v 17.2 3.4 5.6
v 17.2 3.4 5.5
v 17.2 3.4 4.9
v 17.2 3.4 4.8
v 17.2 3.4 4.5
v 17.2 3.4 4.3
v 17.3 3 0.4
v 17.3 3 0.3
v 17.3 3.1 0.4
v 17.3 3.1 0.3
v 17.3 3.2 0.7
v 17.3 3.2 0.6
v 17.3 3.3 0.7
v 17.3 3.3 0.6
v 17.5 3.1 5.9
v 17.5 3.1 5.5
v 17.5 3.2 6.1
v 17.5 3.2 5.9
v 17.5 3.2 5.5
v 17.5 3.2 0.6
v 17.5 3.2 0.3
v 17.5 3.3 6.1
v 17.5 3.3 5.6
v 17.5 3.3 5.5
v 17.5 3.3 0.6
v 17.5 3.3 0.3
v 17.5 3.4 9.8
v 17.5 3.4 9.5
v 17.5 3.5 9.8
v 17.5 3.5 9.5
v 17.6 2.8 6
v 17.6 2.8 5.9
v 17.6 3.2 11.1
v 17.6 3.2 11
v 17.6 3.2 6
v 17.6 3.2 5.9
v 17.6 3.3 11.1
v 17.6 3.3 11
v 17.6 3.3 5.6
v 17.6 3.3 4.8
v 17.6 3.4 5.6
v 17.6 3.4 5.5
v 17.6 3.4 4.9
v 17.6 3.4 4.8
v 17.7 2.3 0.3
v 17.7 2.3 0.2
v 17.7 3.2 0.3
v 17.7 3.2 0.2
v 17.7 3.3 0.3
v 17.7 3.3 0.2
v 17.8 3.1 11.1
v 17.8 3.1 11
v 17.8 3.2 11.1
v 17.8 3.2 11
v 17.9 3.1 6.1
v 17.9 3.1 6
v 17.9 3.2 6.1
v 17.9 3.2 6
v 18 3.2 0.3
v 18 3.2 0.2
v 18 3.3 0.3
v 18 3.3 0.2
v 18.3 1.1 7.4
v 18.3 1.1 6
v 18.3 1.2 7.5
v 18.3 1.2 7.4
v 18.3 1.2 6
v 18.3 1.3 7.5
v 18.3 1.3 6
v 18.3 3 6.1
v 18.3 3 6
v 18.3 3.1 6.1
v 18.3 3.1 6
v 18.3 3.3 1.4
v 18.3 3.3 1
v 18.3 3.4 1.4
v 18.3 3.4 1
v 18.4 3.1 8.8
v 18.4 3.1 8.7
v 18.4 3.3 8.8
v 18.4 3.3 8.7
v 18.5 1.3 6.6
v 18.5 1.3 6.4
v 18.5 1.4 6.6
v 18.5 1.4 6.4
v 18.5 2.9 6.1
v 18.5 2.9 6
v 18.5 3 6.1
v 18.5 3 6
v 18.5 3.2 0.8
v 18.5 3.2 0.6
v 18.5 3.3 0.8
v 18.5 3.3 0.6
v 18.6 3.3 3.6
v 18.6 3.3 3.3
v 18.6 3.4 3.6
v 18.6 3.4 3.3
v 18.7 2.8 6.1
v 18.7 2.8 6
v 18.7 2.9 6.1
v 18.7 2.9 6
v 18.7 3.2 0.6
v 18.7 3.2 0.5
v 18.7 3.3 3.3
v 18.7 3.3 3.2
v 18.7 3.3 0.6
v 18.7 3.3 0.5
v 18.7 3.4 11
v 18.7 3.4 10.6
v 18.7 3.4 3.3
v 18.7 3.4 3.2
v 18.7 3.5 11
v 18.7 3.5 10.6
v 18.9 3.4 9.7
v 18.9 3.4 9.5
v 18.9 3.5 9.7
v 18.9 3.5 9.5
v 19.1 3.2 0.5
v 19.1 3.2 0.4
v 19.1 3.3 0.5
v 19.1 3.3 0.4
v 19.2 3.3 3.2
v 19.2 3.3 3
v 19.2 3.4 3.2
v 19.2 3.4 3
v 19.3 3.3 3
v 19.3 3.3 2.9
v 19.3 3.4 3
v 19.3 3.4 2.9
v 19.5 3.4 10.1
v 19.5 3.4 10
v 19.5 3.5 10.1
v 19.5 3.5 10
v 19.6 1.2 3.4
v 19.6 1.2 3.3
v 19.6 1.3 3.4
v 19.6 1.3 3.3
v 19.6 3.4 10
v 19.6 3.4 9.9
v 19.6 3.5 10
v 19.6 3.5 9.9
v 19.7 0.6 1
v 19.7 0.6 0.3
v 19.7 1.1 1
v 19.7 1.1 0.3
v 19.7 1.3 7.3
v 19.7 1.3 7
v 19.7 1.4 7.3
v 19.7 1.4 7
v 19.7 3 9.9
v 19.7 3 9.5
v 19.7 3.2 9.9
v 19.7 3.2 9.8
v 19.7 3.3 9.9
v 19.7 3.3 9.8
v 19.7 3.3 9.5
v 19.7 3.4 10.2
v 19.7 3.4 10.1
v 19.7 3.5 10.2
v 19.7 3.5 10.1
v 19.8 1.1 7.5
v 19.8 1.1 7.4
v 19.8 1.1 3.4
v 19.8 1.1 3.3
v 19.8 1.2 7.5
v 19.8 1.2 7.4
v 19.8 1.2 3.4
v 19.8 1.2 3.3
v 19.8 2.8 9.5
v 19.8 2.8 9.4
v 19.8 2.9 9.5
v 19.8 2.9 9.4
v 19.8 3.2 10.6
v 19.8 3.2 10.5
v 19.8 3.3 10.5
v 19.8 3.4 10.6
v 19.8 3.4 10.5
v 20 1.3 4.3
v 20 1.3 3.9
v 20 1.4 4.3
v 20 1.4 3.9
v 20.6 1 3.4
v 20.6 1 3.3
v 20.6 1.1 3.4
v 20.6 1.1 3.3
v 21.2 1.1 7.5
v 21.2 1.1 7.4
v 21.2 1.2 7.5
v 21.2 1.2 7.4
v 21.5 0.5 7.5
v 21.5 0.5 7.4
v 21.5 0.8 7.4
v 21.5 1 7.5
v 21.5 1 7.4
v 21.5 1.1 7.5
v 21.5 1.1 7.4
v 21.9 1.3 3.5
v 21.9 1.3 3.3
v 21.9 1.4 3.5
v 21.9 1.4 3.3
v 22.2 1.3 4.4
v 22.2 1.3 4.2
v 22.2 1.4 4.4
v 22.2 1.4 4.2
v 22.4 1.1 4.3
v 22.4 1.1 4.2
v 22.4 1.2 4.3
v 22.4 1.2 4.2
v 22.4 1.3 4.4
v 22.4 1.3 4.3
v 22.4 1.3 4.2
v 22.4 1.4 4.4
v 22.4 1.4 4.2
v 22.9 1.3 7.1
v 22.9 1.3 7
v 22.9 1.4 7.1
v 22.9 1.4 7
v 23 1.3 7
v 23 1.3 6.9
v 23 1.4 7
v 23 1.4 6.9
v 23.1 1.2 4.6
v 23.1 1.2 4.5
v 23.1 1.3 4.6
v 23.1 1.3 4.5
v 23.2 1.2 4.7
v 23.2 1.2 4.6
v 23.2 1.3 4.7
v 23.2 1.3 4.6
v 23.4 0.5 7.4
v 23.4 0.5 7.3
v 23.4 0.8 7.3
v 23.4 1.1 7.4
v 23.4 1.1 7.3
v 23.4 1.2 7.1
v 23.4 1.2 7
v 23.4 1.2 6.9
v 23.4 1.2 6.8
v 23.4 1.2 4.5
v 23.4 1.2 4.4
v 23.4 1.3 7.1
v 23.4 1.3 6.8
v 23.4 1.3 4.8
v 23.4 1.3 4.6
v 23.4 1.3 4.5
v 23.4 1.3 4.4
v 23.4 1.4 4.8
v 23.4 1.4 4.6
v 23.4 1.4 4.5
v 23.5 0.6 3.5
v 23.5 0.6 3.4
v 23.5 0.8 7.3
v 23.5 0.8 7
v 23.5 0.9 7
v 23.5 1.1 7.4
v 23.5 1.1 7.3
v 23.5 1.1 7
v 23.5 1.1 3.5
v 23.5 1.1 3.4
v 23.5 1.2 7.4
v 23.5 1.2 7.3
v 12.9 5.6 12.2
v 12.9 5.6 12.1
v 12.9 5.9 12.2
v 12.9 5.9 12.1
v 12.9 6.3 8.5
v 12.9 6.3 8.2
v 12.9 6.4 8.5
v 12.9 6.4 8.2
v 13 4.9 7.8
v 13 4.9 7.7
v 13 5.6 7.8
v 13 5.6 7.7
v 13.1 3 4.4
v 13.1 3 4.3
v 13.1 3.2 4.4
v 13.1 3.2 4.3
v 13.4 4.8 8.3
v 13.4 4.8 7.7
v 13.4 4.9 7.8
v 13.4 4.9 7.7
v 13.4 5.6 8.2
v 13.4 5.6 7.8
v 13.4 6.3 8.3
v 13.4 6.3 8.2
v 13.6 3.3 7
v 13.6 3.3 6.5
v 13.6 3.4 7
v 13.6 3.4 6.5
v 13.7 2.8 3.7
v 13.7 2.8 3.6
v 13.7 3 3.7
v 13.7 3 3.6
v 14 3 3.7
v 14 3 3.6
v 14 3.1 3.7
v 14 3.1 3.6
v 14.2 3.1 3.7
v 14.2 3.1 3.6
v 14.2 3.2 3.7
v 14.2 3.2 3.6
v 14.2 6.4 11.4
v 14.2 6.4 10.9
v 14.2 6.5 11.4
v 14.2 6.5 10.9
v 14.3 3.3 7.6
v 14.3 3.3 7.5
v 14.3 3.5 7.6
v 14.3 3.6 7.6
v 14.3 3.9 7.6
v 14.3 4 7.6
v 14.3 4.2 7.6
v 14.3 4.3 7.6
v 14.3 4.6 7.6
v 14.3 4.7 7.6
v 14.3 5.1 7.6
v 14.3 5.2 7.6
v 14.3 5.4 7.6
v 14.3 5.5 7.6
v 14.3 6 7.6
v 14.3 6.1 7.6
v 14.3 6.3 7.6
v 14.3 6.4 7.6
v 14.3 6.6 7.6
v 14.3 6.6 7.5
v 14.7 3.3 4.1
v 14.7 3.3 4
v 14.7 3.3 3.9
v 14.7 3.4 4.1
v 14.7 3.4 4
v 14.7 3.4 3.9
v 14.8 3.3 4.3
v 14.8 3.3 4.1
v 14.8 3.4 4.3
v 14.8 3.4 4.1
v 14.8 6.4 9.1
v 14.8 6.4 9
v 14.8 6.5 9.1
v 14.8 6.5 9
v 14.9 6.4 9.4
v 14.9 6.4 9.1
v 14.9 6.5 9.4
v 14.9 6.5 9.1
v 15 2.8 3.7
v 15 2.8 3.6
v 15 2.9 3.7
v 15 2.9 3.6
v 15 3 4
v 15 3 3.8
v 15 3 3.6
v 15 3.2 4
v 15 3.2 3.8
v 15 3.3 4
v 15 3.3 3.6
v 15.1 2.9 3.7
v 15.1 2.9 3.6
v 15.1 3 3.7
v 15.1 3 3.6
v 15.1 3.3 7.7
v 15.1 3.3 7.5
v 15.1 3.5 7.7
v 15.1 3.5 7.6
v 15.1 3.6 7.7
v 15.1 3.6 7.6
v 15.1 3.9 7.7
v 15.1 3.9 7.6
v 15.1 4 7.7
v 15.1 4 7.6
v 15.1 4.2 7.7
v 15.1 4.2 7.6
v 15.1 4.3 7.7
v 15.1 4.3 7.6
v 15.1 4.6 7.7
v 15.1 4.6 7.6
v 15.1 4.7 7.7
v 15.1 4.7 7.6
v 15.1 5.1 7.7
v 15.1 5.1 7.6
v 15.1 5.2 7.7
v 15.1 5.2 7.6
v 15.1 5.4 7.7
v 15.1 5.4 7.6
v 15.1 5.5 7.7
v 15.1 5.5 7.6
v 15.1 5.9 7.7
v 15.1 5.9 7.6
v 15.1 6 7.7
v 15.1 6 7.6
v 15.1 6.1 7.7
v 15.1 6.1 7.6
v 15.1 6.3 7.7
v 15.1 6.3 7.6
v 15.1 6.4 7.7
v 15.1 6.4 7.6
v 15.1 6.6 7.7
v 15.1 6.6 7.5
v 15.2 3.3 5.6
v 15.2 3.3 4.8
v 15.2 3.4 5.6
v 15.2 3.4 5.5
v 15.2 3.4 4.9
v 15.2 3.4 4.8
v 15.3 2.2 4.4
v 15.3 2.2 4.2
v 15.3 3 4.4
v 15.3 3 4.2
v 15.3 3.1 4.4
v 15.3 3.1 4.2
v 15.3 3.2 4.4
v 15.3 3.2 4.2
v 15.3 3.3 4.4
v 15.3 3.3 4.2
v 15.5 2.9 4.2
v 15.5 2.9 3.9
v 15.5 3 4
v 15.5 3 3.9
v 15.5 3.2 4.2
v 15.5 3.2 4
v 15.5 3.3 5.6
v 15.5 3.3 4.8
v 15.5 3.3 4.2
v 15.5 3.3 4
v 15.5 3.4 5.6
v 15.5 3.4 5.5
v 15.5 3.4 4.9
v 15.5 3.4 4.8
v 15.6 2.2 4.5
v 15.6 2.2 4.4
v 15.6 2.2 4.2
v 15.6 2.2 3.7
v 15.6 2.9 4.2
v 15.6 2.9 3.9
v 15.6 3 4.5
v 15.6 3 4.4
v 15.6 3 3.9
v 15.6 3 3.7
v 15.6 6.1 8
v 15.6 6.1 7.8
v 15.6 6.1 7.7
v 15.6 6.4 8
v 15.6 6.4 7.7
v 15.7 3.3 6.6
v 15.7 3.3 6.3
v 15.7 3.4 6.6
v 15.7 3.4 6.3
v 15.8 1.1 7.7
v 15.8 1.1 6.2
v 15.8 1.1 5.8
v 15.8 1.1 3.7
v 15.8 1.2 6.2
v 15.8 1.2 5.8
v 15.8 1.4 7.7
v 15.8 1.4 3.7
v 15.8 2 7.7
v 15.8 2 3.7
v 15.8 2.2 4.5
v 15.8 2.2 3.7
v 15.8 2.3 6.6
v 15.8 2.3 6.4
v 15.8 2.4 7.1
v 15.8 2.4 6.9
v 15.8 2.6 6.9
v 15.8 2.6 6.6
v 15.8 2.6 6.4
v 15.8 2.6 6
v 15.8 2.7 6.9
v 15.8 2.7 6.6
v 15.8 2.7 6.4
v 15.8 2.7 6
v 15.8 2.8 6.6
v 15.8 2.8 6.4
v 15.8 2.9 7.1
v 15.8 2.9 6.9
v 15.8 3 6.4
v 15.8 3 6.1
v 15.8 3 4.5
v 15.8 3 4.4
v 15.8 3.1 7.3
v 15.8 3.1 6.4
v 15.8 3.1 6.1
v 15.8 3.1 5.8
v 15.8 3.1 4.5
v 15.8 3.1 4.4
v 15.8 3.2 7.7
v 15.8 3.2 7.3
v 15.8 3.2 5.8
v 15.8 3.2 5.6
v 15.8 3.2 4.8
v 15.8 3.2 4.5
v 15.8 3.3 7.6
v 15.8 3.3 7.5
v 15.8 3.3 5.6
v 15.8 3.3 4.8
v 15.8 3.4 7.6
v 15.8 3.4 7.5
v 15.8 3.4 5.6
v 15.8 3.4 5.5
v 15.8 3.4 4.9
v 15.8 3.4 4.8
v 15.9 3 6.4
v 15.9 3 6.1
v 15.9 3 4.4
v 15.9 3 4.2
v 15.9 3.1 7.3
v 15.9 3.1 6.4
v 15.9 3.1 6.1
v 15.9 3.1 5.8
v 15.9 3.1 4.5
v 15.9 3.1 4.4
v 15.9 3.2 7.7
v 15.9 3.2 7.3
v 15.9 3.2 5.8
v 15.9 3.2 5.6
v 15.9 3.2 4.8
v 15.9 3.2 4.5
v 15.9 3.3 7.7
v 15.9 3.3 7.5
v 15.9 3.3 7.4
v 15.9 3.3 5.6
v 15.9 3.3 4.8
v 15.9 3.3 4.2
v 15.9 3.4 7.5
v 15.9 3.4 7.4
v 15.9 6.4 11.7
v 15.9 6.4 11.6
v 15.9 6.5 11.7
v 15.9 6.5 11.6
v 16.1 3.3 5.6
v 16.1 3.3 4.8
v 16.1 3.4 5.6
v 16.1 3.4 5.5
v 16.1 3.4 4.9
v 16.1 3.4 4.8
v 16.1 6.4 11.8
v 16.1 6.4 11.7
v 16.1 6.5 11.8
v 16.1 6.5 11.7
v 16.2 6.4 12
v 16.2 6.4 11.8
v 16.2 6.5 12
v 16.2 6.5 11.8
v 16.3 3.3 5.6
v 16.3 3.3 4.8
v 16.3 3.4 5.6
v 16.3 3.4 5.5
v 16.3 3.4 4.9
v 16.3 3.4 4.8
v 16.3 6.4 8.7
v 16.3 6.4 8.5
v 16.3 6.4 8.4
v 16.3 6.5 8.7
v 16.3 6.5 8.5
v 16.3 6.5 8.4
v 16.4 6.3 12.2
v 16.4 6.3 11.8
v 16.4 6.4 12.2
v 16.4 6.4 11.8
v 16.6 3.3 5.6
v 16.6 3.3 4.8
v 16.6 3.4 5.6
v 16.6 3.4 5.5
v 16.6 3.4 4.9
v 16.6 3.4 4.8
v 16.6 5.3 12.2
v 16.6 5.3 12.1
v 16.6 6.3 12.2
v 16.6 6.3 12.1
v 16.7 5.7 7.8
v 16.7 5.7 7.7
v 16.7 5.9 7.9
v 16.7 5.9 7.8
v 16.7 6.1 7.9
v 16.7 6.1 7.7
v 16.7 6.3 9.3
v 16.7 6.3 9.1
v 16.7 6.3 8.4
v 16.7 6.3 8
v 16.7 6.4 9.3
v 16.7 6.4 9.1
v 16.7 6.4 8.4
v 16.7 6.4 8
v 16.9 0.5 6
v 16.9 0.5 4.8
v 16.9 0.5 0.3
v 16.9 0.5 0.2
v 16.9 0.6 0.3
v 16.9 0.6 0.2
v 16.9 1.1 6
v 16.9 1.1 4.8
v 16.9 1.1 0.3
v 16.9 1.1 0.2
v 17 6.2 12.1
v 17 6.2 11.4
v 17 6.2 11.3
v 17 6.2 11.2
v 17 6.2 11.1
v 17 6.2 11
v 17 6.3 12.1
v 17 6.3 11.8
v 17 6.3 11.4
v 17 6.3 11.1
v 17 6.3 11
v 17 6.3 9.1
v 17 6.3 9
v 17 6.4 11.8
v 17 6.4 11
v 17 6.4 10.5
v 17 6.4 10.4
v 17 6.4 9.1
v 17 6.4 9
v 17 6.5 10.5
v 17 6.5 10.4
v 17.1 2.3 0.3
v 17.1 2.3 0.2
v 17.1 2.6 0.3
v 17.1 2.7 0.3
v 17.1 2.7 0.2
v 17.1 3.3 5.6
v 17.1 3.3 5.5
v 17.1 3.3 4.8
v 17.1 3.4 5.6
v 17.1 3.4 5.5
v 17.1 3.4 4.9
v 17.1 3.4 4.8
v 17.1 5.5 8.1
v 17.1 5.5 7.7
v 17.1 5.7 7.8
v 17.1 5.7 7.7
v 17.1 5.8 12.1
v 17.1 5.8 11.4
v 17.1 5.9 7.9
v 17.1 5.9 7.8
v 17.1 6.1 8
v 17.1 6.1 7.9
v 17.1 6.2 12.1
v 17.1 6.2 11.4
v 17.1 6.3 9
v 17.1 6.3 8.9
v 17.1 6.3 8.1
v 17.1 6.3 8
v 17.1 6.4 10.8
v 17.1 6.4 10.5
v 17.1 6.4 9
v 17.1 6.4 8.9
v 17.1 6.5 10.8
v 17.1 6.5 10.5
v 17.2 4.7 11.1
v 17.2 4.7 11
v 17.2 4.7 10.8
v 17.2 4.7 10.7
v 17.2 4.8 11.1
v 17.2 4.8 11
v 17.2 4.8 10.8
v 17.2 4.8 10.7
v 17.2 5.1 12.2
v 17.2 5.1 11.3
v 17.2 5.2 8.7
v 17.2 5.2 7.7
v 17.2 5.3 12.2
v 17.2 5.3 12.1
v 17.2 5.5 8.1
v 17.2 5.5 7.7
v 17.2 5.8 12.1
v 17.2 5.8 11.4
v 17.2 6 11.4
v 17.2 6 11.3
v 17.2 6 8.4
v 17.2 6 8.2
v 17.2 6.1 8.6
v 17.2 6.1 8.4
v 17.2 6.2 8.7
v 17.2 6.2 8.6
v 17.2 6.3 8.2
v 17.2 6.3 8.1
v 17.3 1.1 12.2
v 17.3 1.1 11
v 17.3 1.1 8.8
v 17.3 1.1 8.4
v 17.3 1.1 8.2
v 17.3 1.1 7.7
v 17.3 1.2 8.4
v 17.3 1.2 8.2
v 17.3 1.4 12.2
v 17.3 1.4 11.8
v 17.3 1.4 11.1
v 17.3 1.4 11
v 17.3 1.4 8.8
v 17.3 1.4 7.7
v 17.3 1.5 11.9
v 17.3 1.5 11.8
v 17.3 1.5 11.6
v 17.3 1.5 11.1
v 17.3 1.6 11.9
v 17.3 1.6 11.6
v 17.3 1.8 8.2
v 17.3 1.8 8
v 17.3 2 12.2
v 17.3 2 11
v 17.3 2 8.8
v 17.3 2 8.2
v 17.3 2 8
v 17.3 2 7.7
v 17.3 2.1 8.5
v 17.3 2.1 8.4
v 17.3 2.3 8.5
v 17.3 2.3 8.4
v 17.3 2.5 8.2
v 17.3 2.5 8
v 17.3 2.6 8.2
v 17.3 2.6 8
v 17.3 2.8 12.2
v 17.3 2.8 11.9
v 17.3 3 8.8
v 17.3 3 8.7
v 17.3 3.3 12.2
v 17.3 3.3 11.9
v 17.3 3.3 11.1
v 17.3 3.3 11
v 17.3 3.3 4.5
v 17.3 3.3 4.3
v 17.3 3.3 4.2
v 17.3 3.3 4.1
v 17.3 3.4 11.1
v 17.3 3.4 8.7
v 17.3 3.4 4.5
v 17.3 3.4 4.3
v 17.3 3.4 4.2
v 17.3 3.4 4.1
v 17.3 3.6 11.1
v 17.3 3.6 10.4
v 17.3 3.6 8.9
v 17.3 3.6 8.3
v 17.3 3.7 11.1
v 17.3 3.7 10.4
v 17.3 3.9 8.9
v 17.3 3.9 8.3
v 17.3 4 12.2
v 17.3 4 10.9
v 17.3 4 10.4
v 17.3 4 9
v 17.3 4 8.4
v 17.3 4 7.7
v 17.3 4.1 9
v 17.3 4.1 8.4
v 17.3 4.2 10.9
v 17.3 4.2 10.4
v 17.3 4.4 9.2
v 17.3 4.4 8.9
v 17.3 4.5 11.7
v 17.3 4.5 11.5
v 17.3 4.5 9
v 17.3 4.5 8.9
v 17.3 4.6 12.2
v 17.3 4.6 11.7
v 17.3 4.6 11.5
v 17.3 4.6 9.2
v 17.3 4.6 9
v 17.3 4.6 7.7
v 17.3 4.7 11.1
v 17.3 4.7 11
v 17.3 4.7 10.8
v 17.3 4.7 10.7
v 17.3 4.7 9.8
v 17.3 4.7 9.5
v 17.3 4.8 11.3
v 17.3 4.8 11.1
v 17.3 4.8 11
v 17.3 4.8 10.8
v 17.3 4.8 10.7
v 17.3 4.8 10.5
v 17.3 4.9 11.3
v 17.3 4.9 10.5
v 17.3 4.9 9.8
v 17.3 4.9 9.5
v 17.3 5 10.4
v 17.3 5 9.7
v 17.3 5.1 12.2
v 17.3 5.1 11.3
v 17.3 5.2 8.7
v 17.3 5.2 7.7
v 17.3 5.3 10.4
v 17.3 5.3 9.7
v 17.3 5.9 10.5
v 17.3 5.9 10.2
v 17.3 6 11.4
v 17.3 6 11.3
v 17.3 6 10.9
v 17.3 6 10.5
v 17.3 6 10.2
v 17.3 6 9.9
v 17.3 6 8.4
v 17.3 6 8.2
v 17.3 6.1 11.2
v 17.3 6.1 10.9
v 17.3 6.1 10.1
v 17.3 6.1 9.9
v 17.3 6.1 8.6
v 17.3 6.1 8.4
v 17.3 6.2 11.4
v 17.3 6.2 11.2
v 17.3 6.2 8.9
v 17.3 6.2 8.7
v 17.3 6.2 8.6
v 17.3 6.3 10.1
v 17.3 6.3 9.3
v 17.3 6.3 8.9
v 17.3 6.4 8.9
v 17.3 6.4 8.2
v 17.4 3.3 1
v 17.4 3.3 0.9
v 17.4 3.4 1
v 17.4 3.4 0.9
v 17.4 5.9 10.5
v 17.4 5.9 10.2
v 17.4 6 10.9
v 17.4 6 10.5
v 17.4 6 10.2
v 17.4 6 9.9
v 17.4 6.1 11.2
v 17.4 6.1 10.9
v 17.4 6.1 10.1
v 17.4 6.1 9.9
v 17.4 6.2 11.2
v 17.4 6.2 11
v 17.4 6.3 10.1
v 17.4 6.3 9.3
v 17.4 6.4 11
v 17.4 6.4 9.3
v 17.5 3.3 5.6
v 17.5 3.3 4.8
v 17.5 3.3 1.2
v 17.5 3.3 1.1
v 17.5 3.3 1
v 17.5 3.4 5.6
v 17.5 3.4 5.5
v 17.5 3.4 4.9
v 17.5 3.4 4.8
v 17.5 3.4 1.2
v 17.5 3.4 1.1
v 17.5 3.4 1
v 17.6 3 8.8
v 17.6 3 8.7
v 17.6 3.1 8.8
v 17.6 3.1 8.7
v 17.7 3.1 8.8
v 17.7 3.1 8.7
v 17.7 3.2 8.8
v 17.7 3.2 8.7
v 17.7 3.4 9.6
v 17.7 3.4 9.5
v 17.7 3.5 9.6
v 17.7 3.5 9.5
v 17.8 3.2 8.8
v 17.8 3.2 8.7
v 17.8 3.2 0.3
v 17.8 3.2 0.2
v 17.8 3.3 8.8
v 17.8 3.3 8.7
v 17.8 3.3 0.3
v 17.8 3.3 0.2
v 17.8 3.4 9.8
v 17.8 3.4 9.7
v 17.8 3.4 9.6
v 17.8 3.5 9.8
v 17.8 3.5 9.7
v 17.8 3.5 9.6
v 17.9 3.3 5.6
v 17.9 3.3 4.8
v 17.9 3.4 5.5
v 17.9 3.4 4.9
v 17.9 3.5 5.6
v 17.9 3.5 5.5
v 17.9 3.5 4.9
v 17.9 3.5 4.8
v 18 3.2 0.8
v 18 3.2 0.7
v 18 3.3 0.8
v 18 3.3 0.7
v 18.1 3.2 0.7
v 18.1 3.2 0.3
v 18.1 3.3 0.7
v 18.1 3.3 0.3
v 18.4 2.6 0.3
v 18.4 2.6 0.2
v 18.4 3 0.3
v 18.4 3 0.2
v 18.4 3.2 0.3
v 18.4 3.3 1.1
v 18.4 3.3 1
v 18.4 3.3 0.3
v 18.4 3.3 0.2
v 18.4 3.4 1.1
v 18.4 3.4 1
v 18.5 1.8 9.2
v 18.5 1.8 8.8
v 18.5 2 9.2
v 18.5 2 8.8
v 18.5 3 9.2
v 18.5 3 9.1
v 18.5 3.1 9.1
v 18.5 3.1 8.8
v 18.6 1.8 9.4
v 18.6 1.8 9.2
v 18.6 2 9.4
v 18.6 2 9.2
v 18.6 2.8 9.4
v 18.6 2.8 9.3
v 18.6 2.9 9.4
v 18.6 2.9 9.3
v 18.6 3 9.3
v 18.6 3 9.2
v 18.6 3 9.1
v 18.6 3.1 11.1
v 18.6 3.1 11
v 18.6 3.1 9.1
v 18.6 3.1 8.7
v 18.6 3.2 11.1
v 18.6 3.2 11
v 18.6 3.4 9.3
v 18.6 3.4 8.7
v 18.7 3.1 9.4
v 18.7 3.1 9.3
v 18.7 3.2 6.1
v 18.7 3.2 5.8
v 18.7 3.3 9.4
v 18.7 3.3 9.3
v 18.7 3.3 6.1
v 18.7 3.3 5.8
v 18.7 3.3 1.4
v 18.7 3.3 1.1
v 18.7 3.4 1.4
v 18.7 3.4 1.1
v 18.8 1.3 6.6
v 18.8 1.3 6.4
v 18.8 1.4 6.6
v 18.8 1.4 6.4
v 18.8 2.8 6.1
v 18.8 2.8 6
v 18.8 3.2 6.1
v 18.8 3.2 6
v 18.8 3.4 10.8
v 18.8 3.4 10.6
v 18.8 3.5 10.8
v 18.8 3.5 10.6
v 18.9 2.9 9.4
v 18.9 2.9 9.3
v 18.9 3 9.4
v 18.9 3 9.3
v 18.9 3.2 11.1
v 18.9 3.2 11
v 18.9 3.3 11.1
v 18.9 3.3 11
v 18.9 3.3 3.6
v 18.9 3.3 3.2
v 18.9 3.4 3.6
v 18.9 3.4 3.2
v 19 3.4 11
v 19 3.4 10.8
v 19 3.4 9.6
v 19 3.4 9.5
v 19 3.5 11
v 19 3.5 10.8
v 19 3.5 9.6
v 19 3.5 9.5
v 19.1 2.5 6
v 19.1 2.5 5.9
v 19.1 3 9.4
v 19.1 3 9.3
v 19.1 3.1 9.4
v 19.1 3.1 9.3
v 19.1 3.1 6
v 19.1 3.1 5.9
v 19.1 3.4 9.7
v 19.1 3.4 9.6
v 19.1 3.5 9.7
v 19.1 3.5 9.6
v 19.2 2.9 11
v 19.2 2.9 10.9
v 19.2 3 1.5
v 19.2 3 0.9
v 19.2 3 0.6
v 19.2 3 0.3
v 19.2 3.1 1.2
v 19.2 3.1 0.9
v 19.2 3.1 0.6
v 19.2 3.1 0.4
v 19.2 3.2 1.5
v 19.2 3.2 1.2
v 19.2 3.2 0.4
v 19.2 3.2 0.3
v 19.2 3.3 11.1
v 19.2 3.3 11
v 19.2 3.3 10.9
v 19.2 3.4 11.1
v 19.2 3.4 10.9
v 19.3 2.8 5.9
v 19.3 2.8 5.8
v 19.3 3 5.9
v 19.3 3 5.8
v 19.3 3 0.9
v 19.3 3 0.6
v 19.3 3.1 6
v 19.3 3.1 5.9
v 19.3 3.1 4.9
v 19.3 3.1 1.2
v 19.3 3.1 0.9
v 19.3 3.1 0.6
v 19.3 3.1 0.4
v 19.3 3.2 6
v 19.3 3.2 5.8
v 19.3 3.2 5.6
v 19.3 3.2 5.4
v 19.3 3.2 5
v 19.3 3.2 4.9
v 19.3 3.2 1.5
v 19.3 3.2 1.2
v 19.3 3.3 9.8
v 19.3 3.3 9.4
v 19.3 3.3 9.3
v 19.3 3.3 1.5
v 19.3 3.3 0.4
v 19.3 3.4 9.8
v 19.3 3.4 9.3
v 19.4 3.2 5.8
v 19.4 3.2 5.6
v 19.4 3.2 5.4
v 19.4 3.2 5
v 19.4 3.2 4.9
v 19.4 3.3 5.8
v 19.4 3.3 5.6
v 19.4 3.3 5.4
v 19.4 3.3 5
v 19.4 3.3 4.9
v 19.5 1.1 3.4
v 19.5 1.1 2.2
v 19.5 1.3 3.4
v 19.5 1.3 2.2
v 19.5 2.4 0.9
v 19.5 2.4 0.2
v 19.5 2.5 5.8
v 19.5 2.5 5.4
v 19.5 2.6 0.3
v 19.5 2.6 0.2
v 19.5 2.8 9.5
v 19.5 2.8 9.4
v 19.5 2.8 5.8
v 19.5 3 9.9
v 19.5 3 9.5
v 19.5 3 5.9
v 19.5 3 5.8
v 19.5 3 0.9
v 19.5 3 0.3
v 19.5 3.1 5.9
v 19.5 3.1 5.4
v 19.5 3.2 10.9
v 19.5 3.2 10.7
v 19.5 3.2 10.6
v 19.5 3.2 10.5
v 19.5 3.3 10.9
v 19.5 3.3 10.7
v 19.5 3.3 9.9
v 19.5 3.3 9.8
v 19.5 3.3 9.4
v 19.5 3.3 3.2
v 19.5 3.3 2.9
v 19.5 3.4 10.9
v 19.5 3.4 10.5
v 19.5 3.4 3.2
v 19.5 3.4 2.9
v 19.6 0.6 1
v 19.6 0.6 0.3
v 19.6 0.8 0.9
v 19.6 0.8 0.8
v 19.6 0.9 1
v 19.6 0.9 0.9
v 19.6 0.9 0.8
v 19.6 0.9 0.7
v 19.6 1.1 2.2
v 19.6 1.1 1.7
v 19.6 1.1 1
v 19.6 1.1 0.3
v 19.6 1.1 0.2
v 19.6 1.2 1.7
v 19.6 1.2 0.7
v 19.6 1.3 6
v 19.6 1.3 3.3
v 19.6 1.3 2.2
v 19.6 1.4 6
v 19.6 1.4 4.2
v 19.6 1.4 3.6
v 19.6 1.4 2.6
v 19.6 1.4 2
v 19.6 1.4 1.2
v 19.6 1.4 0.9
v 19.6 1.4 0.2
v 19.6 1.5 4.2
v 19.6 1.5 3.6
v 19.6 1.5 2.6
v 19.6 1.5 2
v 19.6 1.7 1.2
v 19.6 1.7 0.9
v 19.6 1.8 0.9
v 19.6 1.8 0.8
v 19.6 1.9 5.5
v 19.6 1.9 5.3
v 19.6 2 6
v 19.6 2 5.5
v 19.6 2 4.9
v 19.6 2 2.8
v 19.6 2 2.6
v 19.6 2 2
v 19.6 2 1.6
v 19.6 2 0.9
v 19.6 2 0.8
v 19.6 2 0.2
v 19.6 2.1 2.8
v 19.6 2.1 2.6
v 19.6 2.2 5.3
v 19.6 2.2 4.9
v 19.6 2.2 3.6
v 19.6 2.2 3.2
v 19.6 2.3 3.3
v 19.6 2.3 3.2
v 19.6 2.3 2
v 19.6 2.3 1.6
v 19.6 2.4 3.6
v 19.6 2.4 3.3
v 19.6 2.4 0.9
v 19.6 2.4 0.2
v 19.6 2.5 6
v 19.6 2.5 5.9
v 19.6 2.5 5.8
v 19.6 2.5 5.4
v 19.6 2.8 5.9
v 19.6 2.8 5.8
v 19.6 2.8 3.7
v 19.6 2.8 3.2
v 19.6 2.8 2.1
v 19.6 2.8 1.7
v 19.6 2.9 4.1
v 19.6 2.9 3.7
v 19.6 2.9 3.6
v 19.6 2.9 3.2
v 19.6 2.9 2.2
v 19.6 2.9 2.1
v 19.6 3 4.2
v 19.6 3 4.1
v 19.6 3 1.5
v 19.6 3 0.9
v 19.6 3.1 5.4
v 19.6 3.1 4.9
v 19.6 3.1 4.3
v 19.6 3.1 4.2
v 19.6 3.1 3.8
v 19.6 3.1 3.6
v 19.6 3.1 2.5
v 19.6 3.1 2.2
v 19.6 3.1 1.7
v 19.6 3.1 1.6
v 19.6 3.2 4.9
v 19.6 3.2 4.3
v 19.6 3.2 3.8
v 19.6 3.2 2.5
v 19.6 3.2 1.6
v 19.6 3.2 1.5
v 19.7 2.8 2.1
v 19.7 2.8 1.7
v 19.7 2.9 4.1
v 19.7 2.9 3.6
v 19.7 2.9 2.2
v 19.7 2.9 2.1
v 19.7 3 4.2
v 19.7 3 4.1
v 19.7 3.1 4.3
v 19.7 3.1 4.2
v 19.7 3.1 3.8
v 19.7 3.1 3.6
v 19.7 3.1 2.5
v 19.7 3.1 2.2
v 19.7 3.1 1.7
v 19.7 3.1 1.6
v 19.7 3.2 4.9
v 19.7 3.2 4.3
v 19.7 3.2 3.8
v 19.7 3.2 2.5
v 19.7 3.2 1.6
v 19.7 3.2 1.5
v 19.7 3.3 4.9
v 19.7 3.3 1.5
v 19.8 2.9 10
v 19.8 2.9 9.5
v 19.8 3.1 10.9
v 19.8 3.1 10.8
v 19.8 3.1 10.7
v 19.8 3.1 10.6
v 19.8 3.1 10
v 19.8 3.1 9.9
v 19.8 3.2 10.9
v 19.8 3.2 10.8
v 19.8 3.2 10.6
v 19.8 3.2 10
v 19.8 3.2 9.9
v 19.8 3.2 9.8
v 19.8 3.3 10
v 19.8 3.3 9.9
v 19.8 3.3 9.8
v 19.8 3.3 9.5
v 19.9 1.3 7.1
v 19.9 1.3 7
v 19.9 1.4 7.1
v 19.9 1.4 7
v 19.9 1.8 11
v 19.9 1.8 9.4
v 19.9 2 11
v 19.9 2 9.4
v 19.9 2.2 10.5
v 19.9 2.2 10.3
v 19.9 2.3 10.5
v 19.9 2.3 10.3
v 19.9 2.5 10
v 19.9 2.5 9.6
v 19.9 2.7 10
v 19.9 2.7 9.6
v 19.9 2.8 10.5
v 19.9 2.8 10.3
v 19.9 2.9 11
v 19.9 2.9 10.9
v 19.9 2.9 10
v 19.9 2.9 9.4
v 19.9 3 10.7
v 19.9 3 10.5
v 19.9 3 10.3
v 19.9 3.1 10.9
v 19.9 3.1 10.7
v 19.9 3.1 10.3
v 19.9 3.1 10
v 19.9 3.2 9.9
v 19.9 3.2 9.8
v 19.9 3.3 10
v 19.9 3.3 9.9
v 19.9 3.4 10.2
v 19.9 3.4 10
v 19.9 3.4 9.9
v 19.9 3.4 9.8
v 19.9 3.5 10.2
v 19.9 3.5 9.9
v 20 1.3 7.3
v 20 1.3 7.1
v 20 1.4 7.3
v 20 1.4 7.1
v 20 3 10.7
v 20 3 10.3
v 20 3.1 10.7
v 20 3.1 10.6
v 20 3.1 10.3
v 20 3.1 10
v 20 3.4 10.6
v 20 3.4 10
v 20.1 1.3 9.2
v 20.1 1.3 8.8
v 20.1 1.4 9.3
v 20.1 1.4 9.2
v 20.1 1.4 8.8
v 20.1 1.6 8.9
v 20.1 1.6 8.8
v 20.1 1.8 9.3
v 20.1 1.8 8.9
v 20.2 1.3 4
v 20.2 1.3 3.9
v 20.2 1.4 4
v 20.2 1.4 3.9
v 20.3 1.3 11
v 20.3 1.3 10.9
v 20.3 1.3 4.1
v 20.3 1.3 4
v 20.3 1.4 11
v 20.3 1.4 10.9
v 20.3 1.4 10.6
v 20.3 1.4 4.1
v 20.3 1.4 4
v 20.3 1.6 8.9
v 20.3 1.6 8.8
v 20.3 1.8 11
v 20.3 1.8 10.6
v 20.3 1.8 8.9
v 20.3 1.8 8.8
v 20.4 0.5 7.5
v 20.4 0.5 7.4
v 20.4 0.8 7.5
v 20.4 0.8 7.4
v 20.4 1.1 7.5
v 20.4 1.2 7.5
v 20.4 1.2 7.4
v 20.4 1.3 4.3
v 20.4 1.3 4.1
v 20.4 1.4 4.3
v 20.4 1.4 4.1
v 20.4 1.6 10.6
v 20.4 1.6 10.5
v 20.4 1.7 10.6
v 20.4 1.7 10.5
v 20.5 1 3.4
v 20.5 1 3.3
v 20.5 1.1 3.4
v 20.5 1.1 3.3
v 20.5 1.2 10.9
v 20.5 1.2 10.4
v 20.5 1.2 9.7
v 20.5 1.2 8.8
v 20.5 1.3 10.9
v 20.5 1.3 9.2
v 20.5 1.3 8.8
v 20.5 1.4 10.9
v 20.5 1.4 10.6
v 20.5 1.4 10.4
v 20.5 1.4 9.7
v 20.5 1.4 9.3
v 20.5 1.4 9.2
v 20.5 1.6 10.6
v 20.5 1.6 10.5
v 20.5 1.6 10.4
v 20.5 1.8 9.7
v 20.5 1.8 9.3
v 20.6 1.1 11
v 20.6 1.1 8.8
v 20.6 1.2 10.9
v 20.6 1.2 10.4
v 20.6 1.2 9.7
v 20.6 1.2 8.8
v 20.6 1.3 11
v 20.6 1.3 10.9
v 20.6 1.4 10.4
v 20.6 1.4 10.3
v 20.6 1.4 10.1
v 20.6 1.4 9.7
v 20.6 1.6 10.5
v 20.6 1.6 10.4
v 20.6 1.6 10.3
v 20.6 1.6 10.1
v 20.6 1.7 10.6
v 20.6 1.7 10.5
v 20.6 1.8 10.6
v 20.6 1.8 9.7
v 20.9 1.1 3.4
v 20.9 1.1 3.3
v 20.9 1.2 3.4
v 20.9 1.2 3.3
v 22 1.3 3.4
v 22 1.3 3.3
v 22 1.4 3.4
v 22 1.4 3.3
v 22.1 1.3 3.5
v 22.1 1.3 3.4
v 22.1 1.4 3.5
v 22.1 1.4 3.4
v 22.2 1.1 7.5
v 22.2 1.1 7.4
v 22.2 1.2 7.5
v 22.2 1.2 7.4
v 22.3 1.1 4.3
v 22.3 1.1 4.2
v 22.3 1.1 3.8
v 22.3 1.1 3.4
v 22.3 1.2 4.3
v 22.3 1.2 4.2
v 22.3 1.2 3.8
v 22.3 1.2 3.4
v 22.3 1.3 4.4
v 22.3 1.3 4.3
v 22.3 1.3 4.2
v 22.3 1.4 4.4
v 22.3 1.4 4.2
v 22.4 1.2 3.7
v 22.4 1.2 3.3
v 22.4 1.3 3.7
v 22.4 1.3 3.3
v 22.5 1.3 4.4
v 22.5 1.3 4.2
v 22.5 1.4 4.4
v 22.5 1.4 4.2
v 22.7 1.1 7.4
v 22.7 1.1 7.3
v 22.7 1.2 7.4
v 22.7 1.2 7.3
v 23 0.6 3.5
v 23 0.6 3.4
v 23 1.1 3.5
v 23 1.1 3.4
v 23 1.2 7.5
v 23 1.2 7.3
v 23 1.2 4.6
v 23 1.2 3.8
v 23 1.2 3.7
v 23 1.3 7.5
v 23 1.3 7.3
v 23 1.3 4.6
v 23 1.3 3.7
v 23.1 1.2 4.7
v 23.1 1.2 4.6
v 23.1 1.3 7.1
v 23.1 1.3 6.9
v 23.1 1.3 4.7
v 23.1 1.3 4.6
v 23.1 1.4 7.1
v 23.1 1.4 6.9
v 23.2 1 7.3
v 23.2 1 7.2
v 23.2 1 7.1
v 23.2 1.1 7.3
v 23.2 1.1 7.2
v 23.2 1.1 7.1
v 23.2 1.2 7.3
v 23.2 1.2 7.1
v 23.2 1.2 7
v 23.2 1.2 6.8
v 23.2 1.3 7.3
v 23.2 1.3 6.8
v 23.3 0.5 7.4
v 23.3 0.5 7.3
v 23.3 0.8 7.3
v 23.3 0.8 7.2
v 23.3 0.8 7.1
v 23.3 0.8 7
v 23.3 0.9 7.1
v 23.3 0.9 7
v 23.3 1 7.3
v 23.3 1 7.2
v 23.3 1 7.1
v 23.3 1.1 7.4
v 23.3 1.1 7.3
v 23.3 1.2 7.1
v 23.3 1.2 7
v 23.5 1.1 6.4
v 23.5 1.1 5.3
v 23.5 1.1 4.4
v 23.5 1.1 3.8
v 23.5 1.2 6.4
v 23.5 1.2 5.3
v 23.5 1.2 4.4
v 23.5 1.2 3.8
v 23.5 1.3 4.8
v 23.5 1.3 4.6
v 23.5 1.4 4.8
v 23.5 1.4 4.6
v 23.6 1.1 7.4
v 23.6 1.1 7.3
v 23.6 1.1 7
v 23.6 1.1 6.4
v 23.6 1.1 5.3
v 23.6 1.1 4.4
v 23.6 1.2 7.4
v 23.6 1.2 7.3
v 23.6 1.2 7.1
v 23.6 1.2 7
v 23.6 1.2 6.4
v 23.6 1.2 5.3
v 23.6 1.3 7.1
v 23.6 1.3 4.6
v 23.6 1.3 4.5
v 23.6 1.3 4.4
v 23.6 1.4 4.6
v 23.6 1.4 4.5
v 24.8 0 12.2
v 24.8 0 0.2
v 24.8 0.5 12.2
v 24.8 0.5 0.2
v 24.8 1.1 12.2
v 24.8 1.1 0.2
v 12.8 0 12.2
v 12.8 1 12.2
v 12.8 1.4 12.2
v 12.8 2 12.2
v 12.8 4 12.2
v 12.8 4.6 12.2
v 12.8 5.9 12.2
v 12.9 4.6 12.2
v 12.9 4.8 12.2
v 12.9 5.6 12.2
v 12.9 5.9 12.2
v 13 4.8 12.2
v 13 4.9 12.2
v 13 5.6 12.2
v 13 5.9 12.2
v 13.1 4.6 12.2
v 13.1 4.9 12.2
v 13.1 5.9 12.2
v 13.1 6 12.2
v 13.4 2.6 12.2
v 13.4 2.8 12.2
v 13.4 4.8 12.2
v 13.4 5.4 12.2
v 13.5 6 12.2
v 13.5 6.4 12.2
v 13.6 0.6 12.2
v 13.6 1 12.2
v 13.6 6 12.2
v 13.6 6.3 12.2
v 14 2.6 12.2
v 14 2.7 12.2
v 14 3.7 12.2
v 14 4 12.2
v 14.1 1.2 12.2
v 14.1 1.4 12.2
v 14.2 2 12.2
v 14.2 2.1 12.2
v 14.3 0.5 12.2
v 14.3 0.6 12.2
v 14.3 1.2 12.2
v 14.3 1.4 12.2
v 14.3 2.7 12.2
v 14.3 2.8 12.2
v 14.3 6.2 12.2
v 14.3 6.3 12.2
v 14.5 6.1 12.2
v 14.5 6.2 12.2
v 14.6 2 12.2
v 14.6 2.1 12.2
v 14.6 4.9 12.2
v 14.6 5.4 12.2
v 14.6 6 12.2
v 14.6 6.1 12.2
v 14.7 0.8 12.2
v 14.7 1 12.2
v 14.8 6 12.2
v 14.8 6.1 12.2
v 15 2.8 12.2
v 15 3.2 12.2
v 15 4.8 12.2
v 15 4.9 12.2
v 15.1 2.1 12.2
v 15.1 2.2 12.2
v 15.1 3.7 12.2
v 15.1 4 12.2
v 15.2 6 12.2
v 15.2 6.1 12.2
v 15.3 2.8 12.2
v 15.3 3.2 12.2
v 15.4 2.1 12.2
v 15.4 2.2 12.2
v 15.6 6 12.2
v 15.6 6.2 12.2
v 15.8 1 12.2
v 15.8 1.1 12.2
v 15.9 2 12.2
v 15.9 2.2 12.2
v 15.9 2.8 12.2
v 15.9 3.2 12.2
v 16 2 12.2
v 16 2.2 12.2
v 16 6.2 12.2
v 16 6.3 12.2
v 16.3 0.8 12.2
v 16.3 1.1 12.2
v 16.3 2.6 12.2
v 16.3 2.8 12.2
v 16.4 3 12.2
v 16.4 3.2 12.2
v 16.4 6.3 12.2
v 16.4 6.4 12.2
v 16.6 5.3 12.2
v 16.6 6.3 12.2
v 16.7 1.1 12.2
v 16.7 1.3 12.2
v 16.7 2.6 12.2
v 16.7 3 12.2
v 16.8 0.8 12.2
v 16.8 1.1 12.2
v 16.9 1.1 12.2
v 16.9 1.3 12.2
v 17.1 0.8 12.2
v 17.1 1.1 12.2
v 17.2 2.8 12.2
v 17.2 3.3 12.2
v 17.2 5.1 12.2
v 17.2 5.3 12.2
v 17.3 0.5 12.2
v 17.3 1.1 12.2
v 17.3 1.4 12.2
v 17.3 2 12.2
v 17.3 2.8 12.2
v 17.3 3.3 12.2
v 17.3 4 12.2
v 17.3 4.6 12.2
v 17.3 5.1 12.2
v 24.8 0 12.2
v 24.8 0.5 12.2
v 24.8 1.1 12.2
v 16.6 5.3 12.1
v 16.6 6.3 12.1
v 17 6.2 12.1
v 17 6.3 12.1
v 17.1 5.8 12.1
v 17.1 6.2 12.1
v 17.2 5.3 12.1
v 17.2 5.8 12.1
v 12.9 5.6 12
v 12.9 5.9 12
v 13 5.6 12
v 13 5.9 12
v 13.5 6 12
v 13.5 6.3 12
v 13.5 6.4 12
v 14.1 6 12
v 14.1 6.3 12
v 14.1 6.4 12
v 15.8 6.4 12
v 15.8 6.5 12
v 16.2 6.4 12
v 16.2 6.5 12
v 16.4 6.3 11.8
v 16.4 6.4 11.8
v 17 6.3 11.8
v 17 6.4 11.8
v 13.1 6 11.6
v 13.1 6.4 11.6
v 13.3 6 11.6
v 13.3 6.1 11.6
v 13.5 6 11.6
v 13.5 6.1 11.6
v 13.5 6.4 11.6
v 12.9 5.9 11.4
v 12.9 6.3 11.4
v 12.9 6.4 11.4
v 13.1 5.9 11.4
v 13.1 6.3 11.4
v 13.1 6.4 11.4
v 14.1 6.4 11.4
v 14.1 6.5 11.4
v 14.2 6.4 11.4
v 14.2 6.5 11.4
v 17.1 5.8 11.4
v 17.1 6.2 11.4
v 17.2 5.8 11.4
v 17.2 6 11.4
v 17.3 6 11.4
v 17.3 6.2 11.4
v 13.9 6.4 11.3
v 13.9 6.5 11.3
v 14.1 6.4 11.3
v 14.1 6.5 11.3
v 17.2 5.1 11.3
v 17.2 6 11.3
v 17.3 5.1 11.3
v 17.3 6 11.3
v 13.8 6.4 11.2
v 13.8 6.5 11.2
v 13.9 6.4 11.2
v 13.9 6.5 11.2
v 17.3 6.1 11.2
v 17.3 6.2 11.2
v 17.4 6.1 11.2
v 17.4 6.2 11.2
v 12.8 5.5 11.1
v 12.8 6.1 11.1
v 12.8 6.4 11.1
v 12.9 5.5 11.1
v 12.9 6.1 11.1
v 12.9 6.4 11.1
v 17.3 3.3 11.1
v 17.3 3.4 11.1
v 17.6 3.2 11.1
v 17.6 3.3 11.1
v 17.8 3.1 11.1
v 17.8 3.2 11.1
v 18.6 3.1 11.1
v 18.6 3.2 11.1
v 18.9 3.2 11.1
v 18.9 3.3 11.1
v 19.2 3.3 11.1
v 19.2 3.4 11.1
v 17 6.2 11
v 17 6.3 11
v 17 6.4 11
v 17.2 4.7 11
v 17.2 4.8 11
v 17.2 6.2 11
v 17.2 6.3 11
v 17.3 1.1 11
v 17.3 1.4 11
v 17.3 2 11
v 17.3 3.3 11
v 17.3 4.7 11
v 17.3 4.8 11
v 17.4 6.2 11
v 17.4 6.4 11
v 17.6 3.2 11
v 17.6 3.3 11
v 17.8 3.1 11
v 17.8 3.2 11
v 18.1 2.1 11
v 18.1 2.2 11
v 18.1 2.6 11
v 18.1 3 11
v 18.2 2.6 11
v 18.2 3 11
v 18.3 2.1 11
v 18.3 2.2 11
v 18.5 1.1 11
v 18.5 1.4 11
v 18.5 2 11
v 18.5 2.2 11
v 18.6 3.1 11
v 18.6 3.2 11
v 18.7 3.4 11
v 18.7 3.5 11
v 18.9 3.2 11
v 18.9 3.3 11
v 19 3.4 11
v 19 3.5 11
v 19.1 2.1 11
v 19.1 2.2 11
v 19.2 2.9 11
v 19.2 3.3 11
v 19.7 1.1 11
v 19.7 1.4 11
v 19.7 2 11
v 19.7 2.1 11
v 19.9 1.8 11
v 19.9 2 11
v 19.9 2.9 11
v 20.3 1.3 11
v 20.3 1.4 11
v 20.3 1.8 11
v 20.6 1.1 11
v 20.6 1.3 11
v 17.3 6 10.9
v 17.3 6.1 10.9
v 17.4 6 10.9
v 17.4 6.1 10.9
v 19.2 2.9 10.9
v 19.2 3.3 10.9
v 19.2 3.4 10.9
v 19.5 3.2 10.9
v 19.5 3.3 10.9
v 19.5 3.4 10.9
v 19.8 3.1 10.9
v 19.8 3.2 10.9
v 19.9 2.9 10.9
v 19.9 3.1 10.9
v 20.3 1.3 10.9
v 20.3 1.4 10.9
v 20.5 1.3 10.9
v 20.5 1.4 10.9
v 16.9 6.4 10.8
v 16.9 6.5 10.8
v 17.1 6.4 10.8
v 17.1 6.5 10.8
v 17.2 4.7 10.7
v 17.2 4.8 10.7
v 17.3 4.7 10.7
v 17.3 4.8 10.7
v 19.9 3 10.7
v 19.9 3.1 10.7
v 20 3 10.7
v 20 3.1 10.7
v 19.8 3.1 10.6
v 19.8 3.2 10.6
v 19.8 3.4 10.6
v 20 3.1 10.6
v 20 3.4 10.6
v 20.3 1.4 10.6
v 20.3 1.8 10.6
v 20.4 1.6 10.6
v 20.4 1.7 10.6
v 20.5 1.4 10.6
v 20.5 1.6 10.6
v 20.6 1.7 10.6
v 20.6 1.8 10.6
v 17.3 5.9 10.5
v 17.3 6 10.5
v 17.4 5.9 10.5
v 17.4 6 10.5
v 19.5 3.2 10.5
v 19.5 3.4 10.5
v 19.6 3.2 10.5
v 19.6 3.3 10.5
v 19.8 3.2 10.5
v 19.8 3.3 10.5
v 19.8 3.4 10.5
v 20.4 1.6 10.5
v 20.4 1.7 10.5
v 20.5 1.6 10.5
v 20.6 1.6 10.5
v 20.6 1.7 10.5
v 20.5 1.2 10.4
v 20.5 1.4 10.4
v 20.5 1.6 10.4
v 20.6 1.2 10.4
v 20.6 1.4 10.4
v 20.6 1.6 10.4
v 19.7 3.4 10.2
v 19.7 3.5 10.2
v 19.8 3.4 10.2
v 19.8 3.5 10.2
v 19.9 3.4 10.2
v 19.9 3.5 10.2
v 19.5 3.4 10.1
v 19.5 3.5 10.1
v 19.7 3.4 10.1
v 19.7 3.5 10.1
v 19.8 3.2 9.9
v 19.8 3.3 9.9
v 19.9 3.2 9.9
v 19.9 3.3 9.9
v 17.5 3.4 9.8
v 17.5 3.5 9.8
v 17.8 3.4 9.8
v 17.8 3.5 9.8
v 18.9 3.4 9.7
v 18.9 3.5 9.7
v 19.1 3.4 9.7
v 19.1 3.5 9.7
v 14.5 6.4 9.4
v 14.5 6.5 9.4
v 14.9 6.4 9.4
v 14.9 6.5 9.4
v 16.7 6.3 9.1
v 16.7 6.4 9.1
v 17 6.3 9.1
v 17 6.4 9.1
v 17 6.3 9
v 17 6.4 9
v 17.1 6.3 9
v 17.1 6.4 9
v 17.1 6.3 8.9
v 17.1 6.4 8.9
v 17.3 6.3 8.9
v 17.3 6.4 8.9
v 20.1 1.6 8.9
v 20.1 1.8 8.9
v 20.3 1.6 8.9
v 20.3 1.8 8.9
v 16.2 6.4 8.7
v 16.2 6.5 8.7
v 16.3 6.4 8.7
v 16.3 6.5 8.7
v 16.1 6.4 8.6
v 16.1 6.5 8.6
v 16.2 6.4 8.6
v 16.2 6.5 8.6
v 17.2 6.1 8.6
v 17.2 6.2 8.6
v 17.3 6.1 8.6
v 17.3 6.2 8.6
v 17.2 6 8.4
v 17.2 6.1 8.4
v 17.3 6 8.4
v 17.3 6.1 8.4
v 13.9 6.3 7.8
v 13.9 6.4 7.8
v 14.2 6.3 7.8
v 14.2 6.4 7.8
v 14.2 6.4 7.7
v 14.2 6.6 7.7
v 14.3 6.4 7.7
v 14.3 6.6 7.7
v 15.1 6.4 7.7
v 15.1 6.6 7.7
v 14.2 3.5 7.6
v 14.2 3.6 7.6
v 14.2 3.9 7.6
v 14.2 4 7.6
v 14.2 4.2 7.6
v 14.2 4.3 7.6
v 14.2 4.6 7.6
v 14.2 4.7 7.6
v 14.2 5.1 7.6
v 14.2 5.2 7.6
v 14.2 5.4 7.6
v 14.2 5.5 7.6
v 14.2 6 7.6
v 14.2 6.1 7.6
v 14.2 6.3 7.6
v 14.2 6.4 7.6
v 14.3 3.5 7.6
v 14.3 3.6 7.6
v 14.3 3.9 7.6
v 14.3 4 7.6
v 14.3 4.2 7.6
v 14.3 4.3 7.6
v 14.3 4.6 7.6
v 14.3 4.7 7.6
v 14.3 5.1 7.6
v 14.3 5.2 7.6
v 14.3 5.4 7.6
v 14.3 5.5 7.6
v 14.3 6 7.6
v 14.3 6.1 7.6
v 14.3 6.3 7.6
v 14.3 6.4 7.6
v 15 3.5 7.6
v 15 3.6 7.6
v 15 3.9 7.6
v 15 4 7.6
v 15 4.2 7.6
v 15 4.3 7.6
v 15 4.6 7.6
v 15 4.7 7.6
v 15 5.1 7.6
v 15 5.2 7.6
v 15 5.4 7.6
v 15 5.5 7.6
v 15 6 7.6
v 15 6.1 7.6
v 15 6.3 7.6
v 15 6.4 7.6
v 15.1 3.5 7.6
v 15.1 3.6 7.6
v 15.1 3.9 7.6
v 15.1 4 7.6
v 15.1 4.2 7.6
v 15.1 4.3 7.6
v 15.1 4.6 7.6
v 15.1 4.7 7.6
v 15.1 5.1 7.6
v 15.1 5.2 7.6
v 15.1 5.4 7.6
v 15.1 5.5 7.6
v 15.1 6 7.6
v 15.1 6.1 7.6
v 15.1 6.3 7.6
v 15.1 6.4 7.6
v 15.7 3.3 7.6
v 15.7 3.4 7.6
v 15.8 3.3 7.6
v 15.8 3.4 7.6
v 15.8 3.3 7.5
v 15.8 3.4 7.5
v 15.9 3.3 7.5
v 15.9 3.4 7.5
v 18.3 1.2 7.5
v 18.3 1.3 7.5
v 19.8 1.1 7.5
v 19.8 1.2 7.5
v 20.4 1.1 7.5
v 20.4 1.2 7.5
v 21.2 1.1 7.5
v 21.2 1.2 7.5
v 22.2 1.1 7.5
v 22.2 1.2 7.5
v 23 1.2 7.5
v 23 1.3 7.5
v 18.3 1.1 7.4
v 18.3 1.2 7.4
v 19.8 1.1 7.4
v 19.8 1.2 7.4
v 20.4 0.5 7.4
v 20.4 0.8 7.4
v 20.4 1.2 7.4
v 21.1 0.8 7.4
v 21.1 1 7.4
v 21.2 1.1 7.4
v 21.2 1.2 7.4
v 21.5 0.5 7.4
v 21.5 0.8 7.4
v 21.5 1 7.4
v 21.5 1.1 7.4
v 22.2 1.1 7.4
v 22.2 1.2 7.4
v 22.7 1.1 7.4
v 22.7 1.2 7.4
v 23.5 1.1 7.4
v 23.5 1.2 7.4
v 23.6 1.1 7.4
v 23.6 1.2 7.4
v 15.8 3.1 7.3
v 15.8 3.2 7.3
v 15.9 3.1 7.3
v 15.9 3.2 7.3
v 19.7 1.3 7.3
v 19.7 1.4 7.3
v 19.8 1.3 7.3
v 19.8 1.4 7.3
v 20 1.3 7.3
v 20 1.4 7.3
v 22.7 1.1 7.3
v 22.7 1.2 7.3
v 23 1.2 7.3
v 23 1.3 7.3
v 23.2 1.1 7.3
v 23.2 1.2 7.3
v 23.2 1.3 7.3
v 23.3 0.5 7.3
v 23.3 0.8 7.3
v 23.4 0.5 7.3
v 23.4 0.8 7.3
v 22.9 1.3 7.1
v 22.9 1.4 7.1
v 23.1 1.3 7.1
v 23.1 1.4 7.1
v 23.2 1 7.1
v 23.2 1.1 7.1
v 23.2 1.2 7.1
v 23.3 1 7.1
v 23.3 1.2 7.1
v 23.4 1.2 7.1
v 23.4 1.3 7.1
v 23.6 1.2 7.1
v 23.6 1.3 7.1
v 13.1 3.3 7
v 13.1 3.4 7
v 13.6 3.3 7
v 13.6 3.4 7
v 23.3 0.8 7
v 23.3 0.9 7
v 23.3 1.2 7
v 23.4 1.2 7
v 23.5 0.8 7
v 23.5 0.9 7
v 23.5 1.1 7
v 23.6 1.1 7
v 23.6 1.2 7
v 23.2 1.2 6.8
v 23.2 1.3 6.8
v 23.4 1.2 6.8
v 23.4 1.3 6.8
v 15.4 3.3 6.6
v 15.4 3.4 6.6
v 15.7 3.3 6.6
v 15.7 3.4 6.6
v 18.5 1.3 6.6
v 18.5 1.4 6.6
v 18.8 1.3 6.6
v 18.8 1.4 6.6
v 15.8 3 6.4
v 15.8 3.1 6.4
v 15.9 3 6.4
v 15.9 3.1 6.4
v 17.5 3.2 6.1
v 17.5 3.3 6.1
v 17.9 3.1 6.1
v 17.9 3.2 6.1
v 18.3 3 6.1
v 18.3 3.1 6.1
v 18.5 2.9 6.1
v 18.5 3 6.1
v 18.7 2.8 6.1
v 18.7 2.9 6.1
v 18.7 3.2 6.1
v 18.7 3.3 6.1
v 18.8 2.8 6.1
v 18.8 3.2 6.1
v 17 1.1 6
v 17 1.4 6
v 17 2 6
v 17 2.8 6
v 17.6 2.8 6
v 17.6 3.2 6
v 17.9 3.1 6
v 17.9 3.2 6
v 18.3 1.1 6
v 18.3 1.2 6
v 18.3 1.3 6
v 18.3 3 6
v 18.3 3.1 6
v 18.5 2.9 6
v 18.5 3 6
v 18.7 2.8 6
v 18.7 2.9 6
v 18.8 2.8 6
v 18.8 3.2 6
v 19.1 2.5 6
v 19.1 3.1 6
v 19.3 3.1 6
v 19.3 3.2 6
v 19.6 1.3 6
v 19.6 1.4 6
v 19.6 2 6
v 19.6 2.5 6
v 17.1 2.8 5.9
v 17.1 3.1 5.9
v 17.5 3.1 5.9
v 17.5 3.2 5.9
v 17.6 2.8 5.9
v 17.6 3.2 5.9
v 19.1 2.5 5.9
v 19.1 3.1 5.9
v 19.3 2.8 5.9
v 19.3 3 5.9
v 19.3 3.1 5.9
v 19.5 3 5.9
v 19.5 3.1 5.9
v 19.6 2.5 5.9
v 19.6 2.8 5.9
v 18.7 3.2 5.8
v 18.7 3.3 5.8
v 18.8 3.2 5.8
v 19.3 2.8 5.8
v 19.3 3 5.8
v 19.3 3.2 5.8
v 19.4 3.2 5.8
v 19.4 3.3 5.8
v 19.5 2.8 5.8
v 19.5 3 5.8
v 15 3.3 5.6
v 15 3.5 5.6
v 15.2 3.3 5.6
v 15.2 3.4 5.6
v 15.3 3.3 5.6
v 15.3 3.4 5.6
v 15.5 3.3 5.6
v 15.5 3.4 5.6
v 15.6 3.3 5.6
v 15.6 3.4 5.6
v 15.8 3.3 5.6
v 15.8 3.4 5.6
v 15.9 3.3 5.6
v 15.9 3.4 5.6
v 16.1 3.3 5.6
v 16.1 3.4 5.6
v 16.2 3.3 5.6
v 16.2 3.4 5.6
v 16.3 3.3 5.6
v 16.3 3.4 5.6
v 16.4 3.3 5.6
v 16.4 3.4 5.6
v 16.6 3.3 5.6
v 16.6 3.4 5.6
v 16.7 3.3 5.6
v 16.7 3.4 5.6
v 17.1 3.3 5.6
v 17.1 3.4 5.6
v 17.2 3.3 5.6
v 17.2 3.4 5.6
v 17.5 3.3 5.6
v 17.5 3.4 5.6
v 17.6 3.3 5.6
v 17.6 3.4 5.6
v 17.9 3.3 5.6
v 17.9 3.5 5.6
v 17.1 3.1 5.5
v 17.1 3.2 5.5
v 17.1 3.3 5.5
v 17.2 3.2 5.5
v 17.2 3.3 5.5
v 17.5 3.1 5.5
v 17.5 3.2 5.5
v 17.5 3.3 5.5
v 19.5 2.5 5.4
v 19.5 3.1 5.4
v 19.6 2.5 5.4
v 19.6 3.1 5.4
v 23.5 1.1 5.3
v 23.5 1.2 5.3
v 23.6 1.1 5.3
v 23.6 1.2 5.3
v 17 2.2 5.2
v 17 3.3 5.2
v 17.1 2.2 5.2
v 17.1 3.2 5.2
v 17.1 3.3 5.2
v 15 3.4 4.9
v 15 3.5 4.9
v 15.2 3.4 4.9
v 15.3 3.4 4.9
v 15.5 3.4 4.9
v 15.6 3.4 4.9
v 15.8 3.4 4.9
v 15.9 3.4 4.9
v 16.1 3.4 4.9
v 16.2 3.4 4.9
v 16.3 3.4 4.9
v 16.4 3.4 4.9
v 16.6 3.4 4.9
v 16.7 3.4 4.9
v 17.1 3.4 4.9
v 17.2 3.4 4.9
v 17.5 3.4 4.9
v 17.6 3.4 4.9
v 17.9 3.4 4.9
v 17.9 3.5 4.9
v 19.3 3.1 4.9
v 19.3 3.2 4.9
v 19.4 3.2 4.9
v 19.4 3.3 4.9
v 19.6 3.1 4.9
v 19.6 3.2 4.9
v 19.6 3.3 4.9
v 19.7 3.2 4.9
v 19.7 3.3 4.9
v 15.8 3.2 4.8
v 15.8 3.3 4.8
v 15.9 3.2 4.8
v 15.9 3.3 4.8
v 16.9 0.5 4.8
v 16.9 1.1 4.8
v 16.9 3.2 4.8
v 16.9 3.3 4.8
v 17 0.5 4.8
v 17 1.1 4.8
v 17 3.2 4.8
v 17 3.3 4.8
v 23.4 1.3 4.8
v 23.4 1.4 4.8
v 23.5 1.3 4.8
v 23.5 1.4 4.8
v 23.1 1.2 4.6
v 23.1 1.3 4.6
v 23.2 1.2 4.6
v 23.2 1.3 4.6
v 23.5 1.3 4.6
v 23.5 1.4 4.6
v 23.6 1.3 4.6
v 23.6 1.4 4.6
v 15.8 3.1 4.5
v 15.8 3.2 4.5
v 15.9 3.1 4.5
v 15.9 3.2 4.5
v 17.2 3.3 4.5
v 17.2 3.4 4.5
v 17.3 3.3 4.5
v 17.3 3.4 4.5
v 15.8 3 4.4
v 15.8 3.1 4.4
v 15.9 3 4.4
v 15.9 3.1 4.4
v 22.2 1.3 4.4
v 22.2 1.4 4.4
v 22.3 1.3 4.4
v 22.3 1.4 4.4
v 22.4 1.3 4.4
v 22.4 1.4 4.4
v 22.5 1.3 4.4
v 22.5 1.4 4.4
v 14.4 3.3 4.3
v 14.4 3.4 4.3
v 14.5 3.3 4.3
v 14.5 3.4 4.3
v 14.7 3.3 4.3
v 14.7 3.4 4.3
v 14.8 3.3 4.3
v 14.8 3.4 4.3
v 17.1 3.3 4.3
v 17.1 3.4 4.3
v 17.2 3.3 4.3
v 17.2 3.4 4.3
v 19.6 3.1 4.3
v 19.6 3.2 4.3
v 19.7 3.1 4.3
v 19.7 3.2 4.3
v 20 1.3 4.3
v 20 1.4 4.3
v 20.4 1.3 4.3
v 20.4 1.4 4.3
v 15.3 2.2 4.2
v 15.3 3 4.2
v 15.3 3.1 4.2
v 15.3 3.2 4.2
v 15.3 3.3 4.2
v 15.5 2.9 4.2
v 15.5 3.2 4.2
v 15.5 3.3 4.2
v 15.6 2.2 4.2
v 15.6 2.9 4.2
v 19.6 3 4.2
v 19.6 3.1 4.2
v 19.7 3 4.2
v 19.7 3.1 4.2
v 22.3 1.1 4.2
v 22.3 1.2 4.2
v 22.3 1.3 4.2
v 22.4 1.1 4.2
v 22.4 1.2 4.2
v 22.4 1.3 4.2
v 19.6 2.9 4.1
v 19.6 3 4.1
v 19.7 2.9 4.1
v 19.7 3 4.1
v 13.4 3 4
v 13.4 3.1 4
v 13.5 3 4
v 13.5 3.1 4
v 15.5 2.9 3.9
v 15.5 3 3.9
v 15.6 2.9 3.9
v 15.6 3 3.9
v 16.9 3.1 3.9
v 16.9 3.2 3.9
v 17 3.1 3.9
v 17 3.2 3.9
v 13.3 2.9 3.8
v 13.3 3 3.8
v 13.4 2.9 3.8
v 13.4 3 3.8
v 16.9 3 3.7
v 16.9 3.1 3.7
v 17 3 3.7
v 17 3.1 3.7
v 12.8 0.5 3.6
v 12.8 0.6 3.6
v 12.8 1.1 3.6
v 13.8 0.5 3.6
v 13.8 0.6 3.6
v 15.8 0.5 3.6
v 15.8 1.1 3.6
v 18.6 3.3 3.6
v 18.6 3.4 3.6
v 18.9 3.3 3.6
v 18.9 3.4 3.6
v 21.9 1.3 3.5
v 21.9 1.4 3.5
v 22.1 1.3 3.5
v 22.1 1.4 3.5
v 16.9 2.9 3.4
v 16.9 3 3.4
v 17 2.9 3.4
v 17 3 3.4
v 23 0.6 3.4
v 23 1.1 3.4
v 23.5 0.6 3.4
v 23.5 1.1 3.4
v 20.5 1 3.3
v 20.5 1.1 3.3
v 20.6 1 3.3
v 20.6 1.1 3.3
v 19.2 3.3 3.2
v 19.2 3.4 3.2
v 19.5 3.3 3.2
v 19.5 3.4 3.2
v 19.6 3.1 2.5
v 19.6 3.2 2.5
v 19.7 3.1 2.5
v 19.7 3.2 2.5
v 19.5 1.1 2.2
v 19.5 1.3 2.2
v 19.6 1.1 2.2
v 19.6 1.3 2.2
v 19.6 2.9 2.2
v 19.6 3.1 2.2
v 19.7 2.9 2.2
v 19.7 3.1 2.2
v 19.6 2.8 2.1
v 19.6 2.9 2.1
v 19.7 2.8 2.1
v 19.7 2.9 2.1
v 16.9 3.1 1.7
v 16.9 3.2 1.7
v 17 3.1 1.7
v 17 3.2 1.7
v 16.9 3 1.6
v 16.9 3.1 1.6
v 17 3 1.6
v 17 3.1 1.6
v 16.9 2.9 1.5
v 16.9 3 1.5
v 17 2.9 1.5
v 17 3 1.5
v 18.3 3.3 1.4
v 18.3 3.4 1.4
v 18.7 3.3 1.4
v 18.7 3.4 1.4
v 16.9 2.8 1.3
v 16.9 2.9 1.3
v 17 2.8 1.3
v 17 2.9 1.3
v 17.1 3.3 1.2
v 17.1 3.4 1.2
v 17.5 3.3 1.2
v 17.5 3.4 1.2
v 19.2 3.1 1.2
v 19.2 3.2 1.2
v 19.3 3.1 1.2
v 19.3 3.2 1.2
v 16.9 2.7 1.1
v 16.9 2.8 1.1
v 17 2.7 1.1
v 17 2.8 1.1
v 19.2 3 0.9
v 19.2 3.1 0.9
v 19.3 3 0.9
v 19.3 3.1 0.9
v 18 3.2 0.7
v 18 3.3 0.7
v 18.1 3.2 0.7
v 18.1 3.3 0.7
v 17 2.6 0.3
v 17 2.7 0.3
v 17.1 2.6 0.3
v 17.1 2.7 0.3
v 18.1 3.2 0.3
v 18.1 3.3 0.3
v 18.4 3.2 0.3
v 18.4 3.3 0.3
v 19.6 0.6 0.3
v 19.6 1.1 0.3
v 19.7 0.6 0.3
v 19.7 1.1 0.3
v 12.8 5.5 12.1
v 12.8 5.9 12.1
v 12.9 5.5 12.1
v 12.9 5.6 12.1
v 12.9 5.9 12.1
v 13.5 6 12.1
v 13.5 6.4 12.1
v 13.6 6 12.1
v 13.6 6.3 12.1
v 14.1 6 12.1
v 14.1 6.3 12.1
v 14.1 6.4 12.1
v 16.1 6.4 11.8
v 16.1 6.5 11.8
v 16.2 6.4 11.8
v 16.2 6.5 11.8
v 15.9 6.4 11.7
v 15.9 6.5 11.7
v 16.1 6.4 11.7
v 16.1 6.5 11.7
v 15.8 6.4 11.6
v 15.8 6.5 11.6
v 15.9 6.4 11.6
v 15.9 6.5 11.6
v 17.2 4.7 11.1
v 17.2 4.8 11.1
v 17.3 4.7 11.1
v 17.3 4.8 11.1
v 13.8 6.4 10.9
v 13.8 6.5 10.9
v 14.2 6.4 10.9
v 14.2 6.5 10.9
v 20.5 1.2 10.9
v 20.5 1.3 10.9
v 20.6 1.2 10.9
v 20.6 1.3 10.9
v 17.2 4.7 10.8
v 17.2 4.8 10.8
v 17.3 4.7 10.8
v 17.3 4.8 10.8
v 18.8 3.4 10.8
v 18.8 3.5 10.8
v 18.9 3.4 10.8
v 18.9 3.5 10.8
v 19 3.4 10.8
v 19 3.5 10.8
v 18.7 3.4 10.6
v 18.7 3.5 10.6
v 18.8 3.4 10.6
v 18.8 3.5 10.6
v 17 6.4 10.5
v 17 6.5 10.5
v 17.1 6.4 10.5
v 17.1 6.5 10.5
v 16.9 6.4 10.4
v 16.9 6.5 10.4
v 17 6.4 10.4
v 17 6.5 10.4
v 19.9 3 10.3
v 19.9 3.1 10.3
v 20 3 10.3
v 20 3.1 10.3
v 17.3 5.9 10.2
v 17.3 6 10.2
v 17.4 5.9 10.2
v 17.4 6 10.2
v 17.3 6.1 10.1
v 17.3 6.3 10.1
v 17.4 6.1 10.1
v 17.4 6.3 10.1
v 19.5 3.4 10
v 19.5 3.5 10
v 19.6 3.4 10
v 19.6 3.5 10
v 19.8 2.9 10
v 19.8 3.1 10
v 19.8 3.2 10
v 19.8 3.3 10
v 19.9 2.9 10
v 19.9 3.1 10
v 19.9 3.3 10
v 19.9 3.4 10
v 20 3.1 10
v 20 3.4 10
v 17.3 6 9.9
v 17.3 6.1 9.9
v 17.4 6 9.9
v 17.4 6.1 9.9
v 19.5 3 9.9
v 19.5 3.3 9.9
v 19.6 3.4 9.9
v 19.6 3.5 9.9
v 19.7 3 9.9
v 19.7 3.2 9.9
v 19.7 3.3 9.9
v 19.9 3.4 9.9
v 19.9 3.5 9.9
v 19.3 3.3 9.8
v 19.3 3.4 9.8
v 19.5 3.3 9.8
v 19.7 3.3 9.8
v 19.8 3.2 9.8
v 19.8 3.3 9.8
v 19.9 3.2 9.8
v 19.9 3.4 9.8
v 20.5 1.2 9.7
v 20.5 1.4 9.7
v 20.5 1.8 9.7
v 20.6 1.2 9.7
v 20.6 1.4 9.7
v 20.6 1.8 9.7
v 17.7 3.4 9.6
v 17.7 3.5 9.6
v 17.8 3.4 9.6
v 17.8 3.5 9.6
v 19 3.4 9.6
v 19 3.5 9.6
v 19.1 3.4 9.6
v 19.1 3.5 9.6
v 17.5 3.4 9.5
v 17.5 3.5 9.5
v 17.6 3.4 9.5
v 17.6 3.5 9.5
v 17.7 3.4 9.5
v 17.7 3.5 9.5
v 18.9 3.4 9.5
v 18.9 3.5 9.5
v 19 3.4 9.5
v 19 3.5 9.5
v 19.5 2.8 9.5
v 19.5 3 9.5
v 19.7 3 9.5
v 19.7 3.3 9.5
v 19.8 2.8 9.5
v 19.8 2.9 9.5
v 19.8 3.3 9.5
v 18.6 1.8 9.4
v 18.6 2 9.4
v 18.6 2.8 9.4
v 18.6 2.9 9.4
v 18.7 3.1 9.4
v 18.7 3.3 9.4
v 18.9 2.9 9.4
v 18.9 3 9.4
v 19.1 3 9.4
v 19.1 3.1 9.4
v 19.3 3.3 9.4
v 19.5 2.8 9.4
v 19.5 3.3 9.4
v 19.8 2.8 9.4
v 19.8 2.9 9.4
v 19.9 1.8 9.4
v 19.9 2 9.4
v 19.9 2.9 9.4
v 16.7 6.3 9.3
v 16.7 6.4 9.3
v 17.3 6.3 9.3
v 17.4 6.3 9.3
v 17.4 6.4 9.3
v 18.6 2.9 9.3
v 18.6 3 9.3
v 18.6 3.4 9.3
v 18.7 3.1 9.3
v 18.7 3.3 9.3
v 18.9 2.9 9.3
v 18.9 3 9.3
v 19.1 3 9.3
v 19.1 3.1 9.3
v 19.3 3.3 9.3
v 19.3 3.4 9.3
v 20.1 1.4 9.3
v 20.1 1.8 9.3
v 20.5 1.4 9.3
v 20.5 1.8 9.3
v 18.5 1.8 9.2
v 18.5 2 9.2
v 18.5 3 9.2
v 18.6 1.8 9.2
v 18.6 2 9.2
v 18.6 3 9.2
v 20.1 1.3 9.2
v 20.1 1.4 9.2
v 20.5 1.3 9.2
v 20.5 1.4 9.2
v 14.8 6.4 9.1
v 14.8 6.5 9.1
v 14.9 6.4 9.1
v 14.9 6.5 9.1
v 18.5 3 9.1
v 18.5 3.1 9.1
v 18.6 3 9.1
v 18.6 3.1 9.1
v 14.5 6.4 9
v 14.5 6.5 9
v 14.8 6.4 9
v 14.8 6.5 9
v 17.3 1.1 8.8
v 17.3 1.4 8.8
v 17.3 2 8.8
v 17.3 3 8.8
v 17.6 3 8.8
v 17.6 3.1 8.8
v 17.7 3.1 8.8
v 17.7 3.2 8.8
v 17.8 3.2 8.8
v 17.8 3.3 8.8
v 18.4 3.1 8.8
v 18.4 3.3 8.8
v 18.5 1.8 8.8
v 18.5 2 8.8
v 18.5 3.1 8.8
v 20.1 1.3 8.8
v 20.1 1.4 8.8
v 20.1 1.6 8.8
v 20.3 1.6 8.8
v 20.3 1.8 8.8
v 20.5 1.2 8.8
v 20.5 1.3 8.8
v 20.6 1.1 8.8
v 20.6 1.2 8.8
v 17.2 5.2 8.7
v 17.2 6.2 8.7
v 17.3 3 8.7
v 17.3 3.4 8.7
v 17.3 5.2 8.7
v 17.3 6.2 8.7
v 17.6 3 8.7
v 17.6 3.1 8.7
v 17.7 3.1 8.7
v 17.7 3.2 8.7
v 17.8 3.2 8.7
v 17.8 3.3 8.7
v 18.4 3.1 8.7
v 18.4 3.3 8.7
v 18.6 3.1 8.7
v 18.6 3.4 8.7
v 12.9 6.3 8.5
v 12.9 6.4 8.5
v 14 6.3 8.5
v 14.2 6.3 8.5
v 14.2 6.4 8.5
v 16.1 6.4 8.4
v 16.1 6.5 8.4
v 16.2 6.4 8.4
v 16.2 6.5 8.4
v 16.3 6.4 8.4
v 16.3 6.5 8.4
v 16.7 6.3 8.4
v 16.7 6.4 8.4
v 16.8 6.3 8.4
v 16.8 6.4 8.4
v 13.4 4.8 8.3
v 13.4 6.3 8.3
v 13.8 4.8 8.3
v 13.8 6.1 8.3
v 13.8 6.3 8.3
v 16.8 6.3 8.3
v 16.8 6.4 8.3
v 17 6.3 8.3
v 17 6.4 8.3
v 12.8 5.3 8.2
v 12.8 5.9 8.2
v 12.8 6.4 8.2
v 12.9 5.3 8.2
v 12.9 5.6 8.2
v 12.9 5.8 8.2
v 12.9 5.9 8.2
v 12.9 6.2 8.2
v 12.9 6.3 8.2
v 12.9 6.4 8.2
v 13.1 5.7 8.2
v 13.1 5.8 8.2
v 13.1 6.1 8.2
v 13.1 6.2 8.2
v 13.2 6 8.2
v 13.2 6.1 8.2
v 13.3 5.7 8.2
v 13.3 6 8.2
v 13.4 5.6 8.2
v 13.4 6.3 8.2
v 17 6.3 8.2
v 17 6.4 8.2
v 17.2 6 8.2
v 17.2 6.3 8.2
v 17.3 6 8.2
v 17.3 6.4 8.2
v 17.1 5.5 8.1
v 17.1 6.3 8.1
v 17.2 5.5 8.1
v 17.2 6.3 8.1
v 15.6 6.1 8
v 15.6 6.4 8
v 15.8 6.1 8
v 16.1 6.1 8
v 16.1 6.3 8
v 16.7 6.3 8
v 16.7 6.4 8
v 17.1 6.1 8
v 17.1 6.3 8
v 16.7 5.9 7.9
v 16.7 6.1 7.9
v 17.1 5.9 7.9
v 17.1 6.1 7.9
v 13 4.9 7.8
v 13 5.6 7.8
v 13.4 4.9 7.8
v 13.4 5.6 7.8
v 13.8 4.9 7.8
v 13.8 6.2 7.8
v 14.1 4.9 7.8
v 14.1 6.2 7.8
v 16.7 5.7 7.8
v 16.7 5.9 7.8
v 17.1 5.7 7.8
v 17.1 5.9 7.8
v 12.8 3.3 7.7
v 12.8 4 7.7
v 12.8 4.5 7.7
v 12.8 4.8 7.7
v 12.8 5.1 7.7
v 12.8 5.3 7.7
v 12.9 4.8 7.7
v 12.9 5.1 7.7
v 12.9 5.3 7.7
v 12.9 5.6 7.7
v 13 4.9 7.7
v 13 5.6 7.7
v 13.1 4.5 7.7
v 13.1 4.6 7.7
v 13.3 4 7.7
v 13.3 4.4 7.7
v 13.4 4.2 7.7
v 13.4 4.4 7.7
v 13.4 4.8 7.7
v 13.4 4.9 7.7
v 13.5 4 7.7
v 13.5 4.2 7.7
v 13.8 4.8 7.7
v 13.8 4.9 7.7
v 13.8 6.2 7.7
v 13.8 6.3 7.7
v 13.9 3.3 7.7
v 13.9 6.3 7.7
v 13.9 6.4 7.7
v 14.1 4.9 7.7
v 14.1 6.2 7.7
v 14.2 3.3 7.7
v 14.2 3.5 7.7
v 14.2 3.6 7.7
v 14.2 3.9 7.7
v 14.2 4 7.7
v 14.2 4.2 7.7
v 14.2 4.3 7.7
v 14.2 4.6 7.7
v 14.2 4.7 7.7
v 14.2 5.1 7.7
v 14.2 5.2 7.7
v 14.2 5.4 7.7
v 14.2 5.5 7.7
v 14.2 6 7.7
v 14.2 6.1 7.7
v 14.2 6.3 7.7
v 14.2 6.4 7.7
v 14.3 3.5 7.7
v 14.3 3.6 7.7
v 14.3 3.9 7.7
v 14.3 4 7.7
v 14.3 4.2 7.7
v 14.3 4.3 7.7
v 14.3 4.6 7.7
v 14.3 4.7 7.7
v 14.3 5.1 7.7
v 14.3 5.2 7.7
v 14.3 5.4 7.7
v 14.3 5.5 7.7
v 14.3 6 7.7
v 14.3 6.1 7.7
v 14.3 6.3 7.7
v 14.3 6.4 7.7
v 14.5 6 7.7
v 14.5 6.1 7.7
v 15 6 7.7
v 15 6.1 7.7
v 15 6.3 7.7
v 15.1 3.3 7.7
v 15.1 3.5 7.7
v 15.1 3.6 7.7
v 15.1 3.9 7.7
v 15.1 4 7.7
v 15.1 4.2 7.7
v 15.1 4.3 7.7
v 15.1 4.6 7.7
v 15.1 4.7 7.7
v 15.1 5.1 7.7
v 15.1 5.2 7.7
v 15.1 5.4 7.7
v 15.1 5.5 7.7
v 15.1 5.9 7.7
v 15.1 6 7.7
v 15.1 6.1 7.7
v 15.1 6.3 7.7
v 15.1 6.4 7.7
v 15.2 3.3 7.7
v 15.3 5.9 7.7
v 15.3 6 7.7
v 15.4 4 7.7
v 15.4 4.3 7.7
v 15.5 6 7.7
v 15.5 6.1 7.7
v 15.6 6.1 7.7
v 15.6 6.4 7.7
v 15.8 1.1 7.7
v 15.8 1.4 7.7
v 15.8 2 7.7
v 15.8 3.2 7.7
v 15.9 3.2 7.7
v 15.9 3.3 7.7
v 16.4 4 7.7
v 16.4 4.3 7.7
v 16.7 5.7 7.7
v 16.7 6.1 7.7
v 17.1 5.5 7.7
v 17.1 5.7 7.7
v 17.2 5.2 7.7
v 17.2 5.5 7.7
v 17.3 1.1 7.7
v 17.3 1.4 7.7
v 17.3 2 7.7
v 17.3 4 7.7
v 17.3 4.6 7.7
v 17.3 5.2 7.7
v 14.3 3.3 7.6
v 14.3 3.5 7.6
v 14.3 3.6 7.6
v 14.3 3.9 7.6
v 14.3 4 7.6
v 14.3 4.2 7.6
v 14.3 4.3 7.6
v 14.3 4.6 7.6
v 14.3 4.7 7.6
v 14.3 5.1 7.6
v 14.3 5.2 7.6
v 14.3 5.4 7.6
v 14.3 5.5 7.6
v 14.3 6 7.6
v 14.3 6.1 7.6
v 14.3 6.3 7.6
v 14.3 6.4 7.6
v 14.3 6.6 7.6
v 15 3.3 7.6
v 15 3.5 7.6
v 15 3.6 7.6
v 15 3.9 7.6
v 15 4 7.6
v 15 4.2 7.6
v 15 4.3 7.6
v 15 4.6 7.6
v 15 4.7 7.6
v 15 5.1 7.6
v 15 5.2 7.6
v 15 5.4 7.6
v 15 5.5 7.6
v 15 6 7.6
v 15 6.1 7.6
v 15 6.3 7.6
v 15 6.4 7.6
v 15 6.6 7.6
v 14.2 3.3 7.5
v 14.2 6.6 7.5
v 14.3 3.3 7.5
v 14.3 6.6 7.5
v 15 3.3 7.5
v 15 6.6 7.5
v 15.1 3.3 7.5
v 15.1 6.6 7.5
v 20.4 0.5 7.5
v 20.4 0.8 7.5
v 20.4 1.1 7.5
v 21.2 1.1 7.5
v 21.5 0.5 7.5
v 21.5 1 7.5
v 21.5 1.1 7.5
v 15.7 3.3 7.4
v 15.7 3.4 7.4
v 15.8 3.3 7.4
v 15.8 3.4 7.4
v 15.9 3.3 7.4
v 15.9 3.4 7.4
v 23.3 0.5 7.4
v 23.3 1.1 7.4
v 23.4 0.5 7.4
v 23.4 1.1 7.4
v 23.2 1 7.3
v 23.2 1.1 7.3
v 23.3 1 7.3
v 23.3 1.1 7.3
v 23.4 0.8 7.3
v 23.4 1.1 7.3
v 23.5 0.8 7.3
v 23.5 1.1 7.3
v 23.5 1.2 7.3
v 23.6 1.1 7.3
v 23.6 1.2 7.3
v 19.9 1.3 7.1
v 19.9 1.4 7.1
v 20 1.3 7.1
v 20 1.4 7.1
v 19.7 1.3 7
v 19.7 1.4 7
v 19.9 1.3 7
v 19.9 1.4 7
v 22.9 1.3 7
v 22.9 1.4 7
v 23 1.3 7
v 23 1.4 7
v 23 1.3 6.9
v 23 1.4 6.9
v 23.1 1.3 6.9
v 23.1 1.4 6.9
v 13.1 3.3 6.8
v 13.1 3.4 6.8
v 13.2 3.3 6.8
v 13.2 3.4 6.8
v 13.2 3.3 6.7
v 13.2 3.4 6.7
v 13.3 3.3 6.7
v 13.3 3.4 6.7
v 13.3 3.3 6.6
v 13.3 3.4 6.6
v 13.4 3.3 6.6
v 13.4 3.4 6.6
v 13.4 3.3 6.5
v 13.4 3.4 6.5
v 13.6 3.3 6.5
v 13.6 3.4 6.5
v 15.4 3.3 6.5
v 15.4 3.4 6.5
v 15.5 3.3 6.5
v 15.5 3.4 6.5
v 15.5 3.3 6.4
v 15.5 3.4 6.4
v 15.6 3.3 6.4
v 15.6 3.4 6.4
v 18.5 1.3 6.4
v 18.5 1.4 6.4
v 18.8 1.3 6.4
v 18.8 1.4 6.4
v 23.5 1.1 6.4
v 23.5 1.2 6.4
v 23.6 1.1 6.4
v 23.6 1.2 6.4
v 15.6 3.3 6.3
v 15.6 3.4 6.3
v 15.7 3.3 6.3
v 15.7 3.4 6.3
v 15.8 3 6.1
v 15.8 3.1 6.1
v 15.9 3 6.1
v 15.9 3.1 6.1
v 16.9 0.5 6
v 16.9 1.1 6
v 17 0.5 6
v 17 1.1 6
v 17 2.3 5.9
v 17 2.8 5.9
v 17.1 2.3 5.9
v 17.1 2.8 5.9
v 15.8 3.1 5.8
v 15.8 3.2 5.8
v 15.9 3.1 5.8
v 15.9 3.2 5.8
v 19.5 2.5 5.8
v 19.5 2.8 5.8
v 19.6 2.5 5.8
v 19.6 2.8 5.8
v 15.8 3.2 5.6
v 15.8 3.3 5.6
v 15.9 3.2 5.6
v 15.9 3.3 5.6
v 15 3.4 5.5
v 15 3.5 5.5
v 15.2 3.4 5.5
v 15.3 3.4 5.5
v 15.5 3.4 5.5
v 15.6 3.4 5.5
v 15.8 3.4 5.5
v 15.9 3.4 5.5
v 16.1 3.4 5.5
v 16.2 3.4 5.5
v 16.3 3.4 5.5
v 16.4 3.4 5.5
v 16.6 3.4 5.5
v 16.7 3.4 5.5
v 17.1 3.4 5.5
v 17.2 3.4 5.5
v 17.5 3.4 5.5
v 17.6 3.4 5.5
v 17.9 3.4 5.5
v 17.9 3.5 5.5
v 17 2.2 5.3
v 17 2.3 5.3
v 17.1 2.2 5.3
v 17.1 2.3 5.3
v 15 3.3 4.8
v 15 3.5 4.8
v 15.2 3.3 4.8
v 15.2 3.4 4.8
v 15.3 3.3 4.8
v 15.3 3.4 4.8
v 15.5 3.3 4.8
v 15.5 3.4 4.8
v 15.6 3.3 4.8
v 15.6 3.4 4.8
v 15.8 3.3 4.8
v 15.8 3.4 4.8
v 15.9 3.3 4.8
v 15.9 3.4 4.8
v 16.1 3.3 4.8
v 16.1 3.4 4.8
v 16.2 3.3 4.8
v 16.2 3.4 4.8
v 16.3 3.3 4.8
v 16.3 3.4 4.8
v 16.4 3.3 4.8
v 16.4 3.4 4.8
v 16.6 3.3 4.8
v 16.6 3.4 4.8
v 16.7 3.3 4.8
v 16.7 3.4 4.8
v 16.9 3.3 4.8
v 17.1 3.3 4.8
v 17.1 3.4 4.8
v 17.2 3.3 4.8
v 17.2 3.4 4.8
v 17.5 3.3 4.8
v 17.5 3.4 4.8
v 17.6 3.3 4.8
v 17.6 3.4 4.8
v 17.9 3.3 4.8
v 17.9 3.5 4.8
v 23.1 1.2 4.7
v 23.1 1.3 4.7
v 23.2 1.2 4.7
v 23.2 1.3 4.7
v 23 1.2 4.6
v 23 1.3 4.6
v 23.1 1.2 4.6
v 23.1 1.3 4.6
v 15.6 2.2 4.5
v 15.6 3 4.5
v 15.8 2.2 4.5
v 15.8 3 4.5
v 23.1 1.2 4.5
v 23.1 1.3 4.5
v 23.4 1.2 4.5
v 23.4 1.3 4.5
v 23.4 1.4 4.5
v 23.6 1.3 4.5
v 23.6 1.4 4.5
v 13.1 3 4.4
v 13.1 3.2 4.4
v 13.4 3 4.4
v 13.4 3.2 4.4
v 15.3 2.2 4.4
v 15.3 3 4.4
v 15.3 3.1 4.4
v 15.3 3.2 4.4
v 15.3 3.3 4.4
v 15.6 2.2 4.4
v 15.6 3 4.4
v 15.6 3.2 4.4
v 15.6 3.3 4.4
v 23.4 1.2 4.4
v 23.4 1.3 4.4
v 23.5 1.1 4.4
v 23.5 1.2 4.4
v 23.6 1.1 4.4
v 23.6 1.3 4.4
v 12.8 3 4.3
v 12.8 3.3 4.3
v 13.1 3 4.3
v 13.1 3.2 4.3
v 13.4 3.1 4.3
v 13.4 3.2 4.3
v 13.6 3.1 4.3
v 13.6 3.3 4.3
v 15.6 3 4.3
v 15.6 3.2 4.3
v 15.6 3.3 4.3
v 15.7 3 4.3
v 15.7 3.2 4.3
v 15.7 3.3 4.3
v 22.3 1.1 4.3
v 22.3 1.2 4.3
v 22.3 1.3 4.3
v 22.4 1.1 4.3
v 22.4 1.2 4.3
v 22.4 1.3 4.3
v 15.7 3 4.2
v 15.7 3.3 4.2
v 15.9 3 4.2
v 15.9 3.3 4.2
v 22.2 1.3 4.2
v 22.2 1.4 4.2
v 22.3 1.3 4.2
v 22.3 1.4 4.2
v 22.4 1.3 4.2
v 22.4 1.4 4.2
v 22.5 1.3 4.2
v 22.5 1.4 4.2
v 12.8 2.3 4.1
v 12.8 3 4.1
v 12.9 2.3 4.1
v 12.9 3 4.1
v 13.4 3 4.1
v 13.4 3.1 4.1
v 13.5 3 4.1
v 13.5 3.1 4.1
v 14.7 3.3 4.1
v 14.7 3.4 4.1
v 14.8 3.3 4.1
v 14.8 3.4 4.1
v 17.1 3.3 4.1
v 17.1 3.4 4.1
v 17.3 3.3 4.1
v 17.3 3.4 4.1
v 20.3 1.3 4.1
v 20.3 1.4 4.1
v 20.4 1.3 4.1
v 20.4 1.4 4.1
v 12.9 2.9 4
v 12.9 3 4
v 13.4 2.9 4
v 13.4 3 4
v 15 3 4
v 15 3.2 4
v 15 3.3 4
v 15.5 3 4
v 15.5 3.2 4
v 15.5 3.3 4
v 20.2 1.3 4
v 20.2 1.4 4
v 20.3 1.3 4
v 20.3 1.4 4
v 14.4 3.3 3.9
v 14.4 3.4 3.9
v 14.7 3.3 3.9
v 14.7 3.4 3.9
v 20 1.3 3.9
v 20 1.4 3.9
v 20.2 1.3 3.9
v 20.2 1.4 3.9
v 12.9 2.4 3.8
v 12.9 2.9 3.8
v 13.3 2.4 3.8
v 13.3 2.9 3.8
v 19.6 3.1 3.8
v 19.6 3.2 3.8
v 19.7 3.1 3.8
v 19.7 3.2 3.8
v 22.3 1.1 3.8
v 22.3 1.2 3.8
v 23 1.2 3.8
v 23.4 1.1 3.8
v 23.5 1.1 3.8
v 23.5 1.2 3.8
v 12.8 0.5 3.7
v 12.8 1.4 3.7
v 12.8 2 3.7
v 12.8 2.3 3.7
v 12.9 1.4 3.7
v 12.9 1.6 3.7
v 12.9 2.3 3.7
v 12.9 2.4 3.7
v 13 0.7 3.7
v 13 1.2 3.7
v 13.3 0.7 3.7
v 13.3 1 3.7
v 13.3 1.1 3.7
v 13.3 1.2 3.7
v 13.3 2.4 3.7
v 13.3 3 3.7
v 13.4 2.9 3.7
v 13.4 3 3.7
v 13.5 1.7 3.7
v 13.5 2 3.7
v 13.6 2.2 3.7
v 13.6 2.5 3.7
v 13.6 2.8 3.7
v 13.6 2.9 3.7
v 13.7 1.4 3.7
v 13.7 1.6 3.7
v 13.7 2.8 3.7
v 13.7 3 3.7
v 13.9 1.1 3.7
v 13.9 1.2 3.7
v 14 3 3.7
v 14 3.1 3.7
v 14.1 1.7 3.7
v 14.1 2 3.7
v 14.2 1 3.7
v 14.2 1.2 3.7
v 14.2 2.2 3.7
v 14.2 2.3 3.7
v 14.2 2.4 3.7
v 14.2 2.5 3.7
v 14.2 3.1 3.7
v 14.2 3.2 3.7
v 14.3 1.4 3.7
v 14.3 1.5 3.7
v 14.3 2.4 3.7
v 14.3 2.8 3.7
v 14.4 0.6 3.7
v 14.4 1 3.7
v 14.4 1.5 3.7
v 14.4 1.6 3.7
v 14.5 1.1 3.7
v 14.5 1.4 3.7
v 14.5 3 3.7
v 14.5 3.2 3.7
v 14.6 1.1 3.7
v 14.6 1.4 3.7
v 14.6 2.9 3.7
v 14.6 3 3.7
v 14.7 1.4 3.7
v 14.7 1.5 3.7
v 14.7 2.8 3.7
v 14.7 2.9 3.7
v 14.8 1.5 3.7
v 14.8 1.6 3.7
v 14.8 2.2 3.7
v 14.8 2.3 3.7
v 15 2.2 3.7
v 15 2.8 3.7
v 15 2.9 3.7
v 15.1 2.9 3.7
v 15.1 3 3.7
v 15.2 0.6 3.7
v 15.2 1 3.7
v 15.2 2 3.7
v 15.2 2.2 3.7
v 15.3 2 3.7
v 15.3 2.2 3.7
v 15.6 2.2 3.7
v 15.6 3 3.7
v 15.8 0.5 3.7
v 15.8 1.1 3.7
v 15.8 1.4 3.7
v 15.8 2 3.7
v 15.8 2.2 3.7
v 22.4 1.2 3.7
v 22.4 1.3 3.7
v 23 1.2 3.7
v 23 1.3 3.7
v 13.4 2.9 3.6
v 13.4 3.1 3.6
v 13.6 2.8 3.6
v 13.6 2.9 3.6
v 13.6 3.1 3.6
v 13.6 3.3 3.6
v 13.7 2.8 3.6
v 13.7 3 3.6
v 14 3 3.6
v 14 3.1 3.6
v 14.2 3.1 3.6
v 14.2 3.2 3.6
v 14.5 3 3.6
v 14.5 3.2 3.6
v 14.6 2.9 3.6
v 14.6 3 3.6
v 14.7 2.8 3.6
v 14.7 2.9 3.6
v 15 2.8 3.6
v 15 2.9 3.6
v 15 3 3.6
v 15 3.3 3.6
v 15.1 2.9 3.6
v 15.1 3 3.6
v 19.6 2.9 3.6
v 19.6 3.1 3.6
v 19.7 2.9 3.6
v 19.7 3.1 3.6
v 23 0.6 3.5
v 23 1.1 3.5
v 23.4 0.6 3.5
v 23.4 1.1 3.5
v 23.5 0.6 3.5
v 23.5 1.1 3.5
v 19.5 1.1 3.4
v 19.5 1.3 3.4
v 19.6 1.2 3.4
v 19.6 1.3 3.4
v 19.8 1.1 3.4
v 19.8 1.2 3.4
v 20.5 1 3.4
v 20.5 1.1 3.4
v 20.6 1 3.4
v 20.6 1.1 3.4
v 20.9 1.1 3.4
v 20.9 1.2 3.4
v 22 1.3 3.4
v 22 1.4 3.4
v 22.1 1.3 3.4
v 22.1 1.4 3.4
v 22.3 1.1 3.4
v 22.3 1.2 3.4
v 18.6 3.3 3.3
v 18.6 3.4 3.3
v 18.7 3.3 3.3
v 18.7 3.4 3.3
v 19.6 1.2 3.3
v 19.6 1.3 3.3
v 19.8 1.1 3.3
v 19.8 1.2 3.3
v 20.9 1.1 3.3
v 20.9 1.2 3.3
v 21.9 1.3 3.3
v 21.9 1.4 3.3
v 22 1.3 3.3
v 22 1.4 3.3
v 22.4 1.2 3.3
v 22.4 1.3 3.3
v 16.9 2.9 3.2
v 16.9 3 3.2
v 17 2.9 3.2
v 17 3 3.2
v 18.7 3.3 3.2
v 18.7 3.4 3.2
v 18.9 3.3 3.2
v 18.9 3.4 3.2
v 16.9 3 3.1
v 16.9 3.1 3.1
v 17 3 3.1
v 17 3.1 3.1
v 19.2 3.3 3
v 19.2 3.4 3
v 19.3 3.3 3
v 19.3 3.4 3
v 16.9 3.1 2.9
v 16.9 3.2 2.9
v 17 3.1 2.9
v 17 3.2 2.9
v 19.3 3.3 2.9
v 19.3 3.4 2.9
v 19.4 3.3 2.9
v 19.4 3.4 2.9
v 19.5 3.3 2.9
v 19.5 3.4 2.9
v 19.6 2.8 1.7
v 19.6 3.1 1.7
v 19.7 2.8 1.7
v 19.7 3.1 1.7
v 19.6 3.1 1.6
v 19.6 3.2 1.6
v 19.7 3.1 1.6
v 19.7 3.2 1.6
v 19.2 3 1.5
v 19.2 3.2 1.5
v 19.3 3.2 1.5
v 19.3 3.3 1.5
v 19.6 3 1.5
v 19.6 3.2 1.5
v 19.7 3.2 1.5
v 19.7 3.3 1.5
v 18.4 3.3 1.1
v 18.4 3.4 1.1
v 18.6 3.3 1.1
v 18.6 3.4 1.1
v 18.7 3.3 1.1
v 18.7 3.4 1.1
v 16.9 2.7 1
v 16.9 3 1
v 17 2.7 1
v 17 3 1
v 17.4 3.3 1
v 17.4 3.4 1
v 17.5 3.3 1
v 17.5 3.4 1
v 18.3 3.3 1
v 18.3 3.4 1
v 18.4 3.3 1
v 18.4 3.4 1
v 19.6 0.6 1
v 19.6 0.9 1
v 19.6 1.1 1
v 19.7 0.6 1
v 19.7 1.1 1
v 16.9 3 0.9
v 16.9 3.1 0.9
v 17 3 0.9
v 17 3.1 0.9
v 17.1 3.3 0.9
v 17.1 3.4 0.9
v 17.4 3.3 0.9
v 17.4 3.4 0.9
v 19.5 2.4 0.9
v 19.5 3 0.9
v 19.6 2.4 0.9
v 19.6 3 0.9
v 16.9 3.1 0.8
v 16.9 3.3 0.8
v 17 3.1 0.8
v 17 3.2 0.8
v 17.2 3.2 0.8
v 17.2 3.3 0.8
v 18 3.2 0.8
v 18 3.3 0.8
v 18.5 3.2 0.8
v 18.5 3.3 0.8
v 17.2 3.2 0.7
v 17.2 3.3 0.7
v 17.3 3.2 0.7
v 17.3 3.3 0.7
v 17 2.6 0.6
v 17 3.2 0.6
v 17.2 2.6 0.6
v 17.2 3.2 0.6
v 17.3 3.2 0.6
v 17.3 3.3 0.6
v 17.5 3.2 0.6
v 17.5 3.3 0.6
v 18.5 3.2 0.6
v 18.5 3.3 0.6
v 18.7 3.2 0.6
v 18.7 3.3 0.6
v 19.2 3 0.6
v 19.2 3.1 0.6
v 19.3 3 0.6
v 19.3 3.1 0.6
v 18.7 3.2 0.5
v 18.7 3.3 0.5
v 19.1 3.2 0.5
v 19.1 3.3 0.5
v 17.2 3 0.4
v 17.2 3.1 0.4
v 17.3 3 0.4
v 17.3 3.1 0.4
v 19.1 3.2 0.4
v 19.1 3.3 0.4
v 19.2 3.1 0.4
v 19.2 3.2 0.4
v 19.3 3.1 0.4
v 19.3 3.3 0.4
v 16.9 0.5 0.3
v 16.9 0.6 0.3
v 16.9 1.1 0.3
v 17 0.5 0.3
v 17 0.6 0.3
v 17 1 0.3
v 17 1.1 0.3
v 17.1 2.3 0.3
v 17.1 2.6 0.3
v 17.2 2.6 0.3
v 17.2 3 0.3
v 17.2 3.1 0.3
v 17.2 3.2 0.3
v 17.3 3 0.3
v 17.3 3.1 0.3
v 17.5 3.2 0.3
v 17.5 3.3 0.3
v 17.7 2.3 0.3
v 17.7 3.2 0.3
v 17.7 3.3 0.3
v 17.8 3.2 0.3
v 17.8 3.3 0.3
v 18 3.2 0.3
v 18 3.3 0.3
v 18.4 2.6 0.3
v 18.4 3 0.3
v 18.4 3.2 0.3
v 19.2 3 0.3
v 19.2 3.2 0.3
v 19.5 2.6 0.3
v 19.5 3 0.3
v 12.8 0 0.2
v 12.8 0.5 0.2
v 12.8 1.1 0.2
v 16.5 0.5 0.2
v 16.5 0.6 0.2
v 16.9 0.5 0.2
v 16.9 0.6 0.2
v 16.9 1.1 0.2
v 17 0.5 0.2
v 17 1 0.2
v 17 1.2 0.2
v 17 1.4 0.2
v 17 2 0.2
v 17 2.7 0.2
v 17.1 1 0.2
v 17.1 1.2 0.2
v 17.1 2.3 0.2
v 17.1 2.7 0.2
v 17.4 1 0.2
v 17.4 1.1 0.2
v 17.5 1.6 0.2
v 17.5 1.9 0.2
v 17.6 1.9 0.2
v 17.6 2 0.2
v 17.7 2.3 0.2
v 17.7 3.2 0.2
v 17.7 3.3 0.2
v 17.8 1 0.2
v 17.8 1.1 0.2
v 17.8 1.6 0.2
v 17.8 1.9 0.2
v 17.8 3.2 0.2
v 17.8 3.3 0.2
v 17.9 0.6 0.2
v 17.9 0.7 0.2
v 17.9 2.3 0.2
v 17.9 2.4 0.2
v 18 0.6 0.2
v 18 0.7 0.2
v 18 3.1 0.2
v 18 3.2 0.2
v 18 3.3 0.2
v 18.1 1.9 0.2
v 18.1 2 0.2
v 18.1 3 0.2
v 18.1 3.1 0.2
v 18.2 3 0.2
v 18.2 3.1 0.2
v 18.4 2.3 0.2
v 18.4 2.4 0.2
v 18.4 2.6 0.2
v 18.4 3 0.2
v 18.4 3.3 0.2
v 18.6 1 0.2
v 18.6 1.1 0.2
v 18.6 1.5 0.2
v 18.6 1.7 0.2
v 18.7 1.5 0.2
v 18.7 1.7 0.2
v 18.9 1 0.2
v 18.9 1.1 0.2
v 19 0.7 0.2
v 19 0.9 0.2
v 19 1.7 0.2
v 19 1.9 0.2
v 19.1 0.7 0.2
v 19.1 0.9 0.2
v 19.3 1.7 0.2
v 19.3 1.9 0.2
v 19.5 2.4 0.2
v 19.5 2.6 0.2
v 19.6 0.5 0.2
v 19.6 1.1 0.2
v 19.6 1.4 0.2
v 19.6 2 0.2
v 19.6 2.4 0.2
v 24.8 0 0.2
v 24.8 0.5 0.2
v 24.8 1.1 0.2
v 12.8 0 12.2
v 24.8 0 12.2
v 12.8 0 0.2
v 24.8 0 0.2
v 21.2 1.1 7.5
v 21.5 1.1 7.5
v 21.2 1.1 7.4
v 21.5 1.1 7.4
v 20.5 1.1 3.4
v 20.6 1.1 3.4
v 20.5 1.1 3.3
v 20.6 1.1 3.3
v 18.3 1.2 7.5
v 19.8 1.2 7.5
v 20.4 1.2 7.5
v 21.2 1.2 7.5
v 22.2 1.2 7.5
v 23 1.2 7.5
v 18.3 1.2 7.4
v 19.8 1.2 7.4
v 20.4 1.2 7.4
v 21.2 1.2 7.4
v 22.2 1.2 7.4
v 22.7 1.2 7.4
v 22.7 1.2 7.3
v 23 1.2 7.3
v 23.4 1.2 7.1
v 23.6 1.2 7.1
v 23.4 1.2 7
v 23.6 1.2 7
v 23.5 1.2 6.4
v 23.6 1.2 6.4
v 23.5 1.2 5.3
v 23.6 1.2 5.3
v 22.3 1.2 3.8
v 23 1.2 3.8
v 22.4 1.2 3.7
v 23 1.2 3.7
v 19.6 1.2 3.4
v 19.8 1.2 3.4
v 20.9 1.2 3.4
v 22.3 1.2 3.4
v 19.6 1.2 3.3
v 19.8 1.2 3.3
v 20.9 1.2 3.3
v 22.4 1.2 3.3
v 19.5 1.3 3.4
v 19.6 1.3 3.4
v 19.6 1.3 3.3
v 19.5 1.3 2.2
v 19.6 1.3 2.2
v 20.5 1.6 10.5
v 20.6 1.6 10.5
v 20.5 1.6 10.4
v 20.6 1.6 10.4
v 20.1 1.6 8.9
v 20.3 1.6 8.9
v 20.1 1.6 8.8
v 20.3 1.6 8.8
v 20.4 1.7 10.6
v 20.6 1.7 10.6
v 20.4 1.7 10.5
v 20.6 1.7 10.5
v 16.9 2.7 1.1
v 17 2.7 1.1
v 16.9 2.7 1
v 17 2.7 1
v 18.7 2.8 6.1
v 18.8 2.8 6.1
v 18.7 2.8 6
v 18.8 2.8 6
v 13.6 2.8 3.7
v 13.7 2.8 3.7
v 14.7 2.8 3.7
v 15 2.8 3.7
v 13.6 2.8 3.6
v 13.7 2.8 3.6
v 14.7 2.8 3.6
v 15 2.8 3.6
v 19.6 2.8 2.1
v 19.7 2.8 2.1
v 19.6 2.8 1.7
v 19.7 2.8 1.7
v 16.9 2.8 1.3
v 17 2.8 1.3
v 16.9 2.8 1.1
v 17 2.8 1.1
v 18.6 2.9 9.4
v 18.9 2.9 9.4
v 18.6 2.9 9.3
v 18.9 2.9 9.3
v 18.5 2.9 6.1
v 18.7 2.9 6.1
v 18.5 2.9 6
v 18.7 2.9 6
v 19.6 2.9 4.1
v 19.7 2.9 4.1
v 13.4 2.9 3.7
v 13.6 2.9 3.7
v 14.6 2.9 3.7
v 14.7 2.9 3.7
v 15 2.9 3.7
v 15.1 2.9 3.7
v 19.6 2.9 3.7
v 13.4 2.9 3.6
v 13.6 2.9 3.6
v 14.6 2.9 3.6
v 14.7 2.9 3.6
v 15 2.9 3.6
v 15.1 2.9 3.6
v 19.6 2.9 3.6
v 19.7 2.9 3.6
v 16.9 2.9 3.4
v 17 2.9 3.4
v 16.9 2.9 3.2
v 17 2.9 3.2
v 19.6 2.9 2.2
v 19.7 2.9 2.2
v 19.6 2.9 2.1
v 19.7 2.9 2.1
v 16.9 2.9 1.5
v 17 2.9 1.5
v 16.9 2.9 1.3
v 17 2.9 1.3
v 19.9 3 10.7
v 20 3 10.7
v 19.9 3 10.5
v 19.9 3 10.3
v 20 3 10.3
v 18.9 3 9.4
v 19.1 3 9.4
v 18.9 3 9.3
v 19.1 3 9.3
v 18.5 3 9.2
v 18.6 3 9.2
v 18.5 3 9.1
v 18.6 3 9.1
v 17.3 3 8.8
v 17.6 3 8.8
v 17.3 3 8.7
v 17.6 3 8.7
v 15.8 3 6.4
v 15.9 3 6.4
v 15.8 3 6.1
v 15.9 3 6.1
v 18.3 3 6.1
v 18.5 3 6.1
v 18.3 3 6
v 18.5 3 6
v 19.3 3 5.9
v 19.5 3 5.9
v 19.3 3 5.8
v 19.5 3 5.8
v 15.6 3 4.5
v 15.8 3 4.5
v 15.6 3 4.4
v 15.7 3 4.4
v 15.8 3 4.4
v 15.9 3 4.4
v 15.6 3 4.3
v 15.7 3 4.3
v 15.7 3 4.2
v 15.9 3 4.2
v 19.6 3 4.2
v 19.7 3 4.2
v 19.6 3 4.1
v 19.7 3 4.1
v 13.7 3 3.7
v 14 3 3.7
v 14.5 3 3.7
v 14.6 3 3.7
v 16.9 3 3.7
v 17 3 3.7
v 13.7 3 3.6
v 14 3 3.6
v 14.5 3 3.6
v 14.6 3 3.6
v 16.9 3 3.4
v 17 3 3.4
v 16.9 3 3.2
v 17 3 3.2
v 16.9 3 3.1
v 17 3 3.1
v 16.9 3 1.6
v 17 3 1.6
v 16.9 3 1.5
v 17 3 1.5
v 16.9 3 1
v 17 3 1
v 16.9 3 0.9
v 17 3 0.9
v 17.8 3.1 11.1
v 18.6 3.1 11.1
v 17.8 3.1 11
v 18.6 3.1 11
v 19.9 3.1 10.3
v 20 3.1 10.3
v 19.9 3.1 10
v 20 3.1 10
v 18.5 3.1 9.1
v 18.6 3.1 9.1
v 17.6 3.1 8.8
v 17.7 3.1 8.8
v 18.4 3.1 8.8
v 18.5 3.1 8.8
v 17.6 3.1 8.7
v 17.7 3.1 8.7
v 18.4 3.1 8.7
v 18.6 3.1 8.7
v 15.8 3.1 7.3
v 15.9 3.1 7.3
v 15.8 3.1 6.4
v 15.9 3.1 6.4
v 15.8 3.1 6.1
v 15.9 3.1 6.1
v 17.9 3.1 6.1
v 18.3 3.1 6.1
v 17.9 3.1 6
v 18.3 3.1 6
v 19.1 3.1 6
v 19.3 3.1 6
v 19.1 3.1 5.9
v 19.3 3.1 5.9
v 15.8 3.1 5.8
v 15.9 3.1 5.8
v 15.8 3.1 4.5
v 15.9 3.1 4.5
v 15.8 3.1 4.4
v 15.9 3.1 4.4
v 19.6 3.1 4.3
v 19.7 3.1 4.3
v 19.6 3.1 4.2
v 19.7 3.1 4.2
v 16.9 3.1 3.9
v 17 3.1 3.9
v 14 3.1 3.7
v 14.2 3.1 3.7
v 16.9 3.1 3.7
v 17 3.1 3.7
v 14 3.1 3.6
v 14.2 3.1 3.6
v 16.9 3.1 3.1
v 17 3.1 3.1
v 16.9 3.1 2.9
v 17 3.1 2.9
v 19.6 3.1 2.5
v 19.7 3.1 2.5
v 19.6 3.1 2.2
v 19.7 3.1 2.2
v 16.9 3.1 1.7
v 17 3.1 1.7
v 19.6 3.1 1.7
v 19.7 3.1 1.7
v 16.9 3.1 1.6
v 17 3.1 1.6
v 19.6 3.1 1.6
v 19.7 3.1 1.6
v 19.2 3.1 1.2
v 19.3 3.1 1.2
v 16.9 3.1 0.9
v 17 3.1 0.9
v 19.2 3.1 0.9
v 19.3 3.1 0.9
v 16.9 3.1 0.8
v 17 3.1 0.8
v 19.2 3.1 0.6
v 19.3 3.1 0.6
v 17.2 3.1 0.4
v 17.3 3.1 0.4
v 19.2 3.1 0.4
v 19.3 3.1 0.4
v 17.2 3.1 0.3
v 17.3 3.1 0.3
v 17.6 3.2 11.1
v 17.8 3.2 11.1
v 18.6 3.2 11.1
v 18.9 3.2 11.1
v 17.6 3.2 11
v 17.8 3.2 11
v 18.6 3.2 11
v 18.9 3.2 11
v 19.8 3.2 9.9
v 19.9 3.2 9.9
v 19.8 3.2 9.8
v 19.9 3.2 9.8
v 17.7 3.2 8.8
v 17.8 3.2 8.8
v 17.7 3.2 8.7
v 17.8 3.2 8.7
v 15.8 3.2 7.7
v 15.9 3.2 7.7
v 15.8 3.2 7.3
v 15.9 3.2 7.3
v 17.5 3.2 6.1
v 17.9 3.2 6.1
v 17.6 3.2 6
v 17.9 3.2 6
v 17.5 3.2 5.9
v 17.6 3.2 5.9
v 15.8 3.2 5.8
v 15.9 3.2 5.8
v 19.3 3.2 5.8
v 19.4 3.2 5.8
v 15.8 3.2 5.6
v 15.9 3.2 5.6
v 19.3 3.2 5.6
v 19.4 3.2 5.6
v 19.3 3.2 5.4
v 19.4 3.2 5.4
v 19.3 3.2 5
v 19.4 3.2 5
v 19.3 3.2 4.9
v 19.4 3.2 4.9
v 19.6 3.2 4.9
v 19.7 3.2 4.9
v 15.8 3.2 4.8
v 15.9 3.2 4.8
v 16.9 3.2 4.8
v 17 3.2 4.8
v 15.8 3.2 4.5
v 15.9 3.2 4.5
v 13.1 3.2 4.4
v 13.4 3.2 4.4
v 13.1 3.2 4.3
v 13.4 3.2 4.3
v 19.6 3.2 4.3
v 19.7 3.2 4.3
v 16.9 3.2 3.9
v 17 3.2 3.9
v 19.6 3.2 3.8
v 19.7 3.2 3.8
v 14.2 3.2 3.7
v 14.5 3.2 3.7
v 14.2 3.2 3.6
v 14.5 3.2 3.6
v 16.9 3.2 2.9
v 17 3.2 2.9
v 19.6 3.2 2.5
v 19.7 3.2 2.5
v 16.9 3.2 1.7
v 17 3.2 1.7
v 19.6 3.2 1.6
v 19.7 3.2 1.6
v 19.2 3.2 1.5
v 19.3 3.2 1.5
v 19.6 3.2 1.5
v 19.7 3.2 1.5
v 19.2 3.2 1.2
v 19.3 3.2 1.2
v 17.3 3.3 11.1
v 17.6 3.3 11.1
v 18.9 3.3 11.1
v 19.2 3.3 11.1
v 17.3 3.3 11
v 17.6 3.3 11
v 18.9 3.3 11
v 19.2 3.3 11
v 19.8 3.3 10
v 19.9 3.3 10
v 19.5 3.3 9.9
v 19.7 3.3 9.9
v 19.8 3.3 9.9
v 19.9 3.3 9.9
v 19.5 3.3 9.8
v 19.7 3.3 9.8
v 18.7 3.3 9.4
v 19.3 3.3 9.4
v 18.7 3.3 9.3
v 19.3 3.3 9.3
v 17.8 3.3 8.8
v 18.4 3.3 8.8
v 17.8 3.3 8.7
v 18.4 3.3 8.7
v 15.9 3.3 5.6
v 16.1 3.3 5.6
v 16.2 3.3 5.6
v 16.3 3.3 5.6
v 16.4 3.3 5.6
v 16.6 3.3 5.6
v 16.7 3.3 5.6
v 17.1 3.3 5.6
v 17.2 3.3 5.6
v 17.5 3.3 5.6
v 17.1 3.3 5.5
v 17.2 3.3 5.5
v 17.5 3.3 5.5
v 17 3.3 5.2
v 17.1 3.3 5.2
v 15.9 3.3 4.8
v 16.1 3.3 4.8
v 16.2 3.3 4.8
v 16.3 3.3 4.8
v 16.4 3.3 4.8
v 16.6 3.3 4.8
v 16.7 3.3 4.8
v 16.9 3.3 4.8
v 17 3.3 4.8
v 15.2 3.4 5.6
v 15.3 3.4 5.6
v 15.5 3.4 5.6
v 15.6 3.4 5.6
v 15.8 3.4 5.6
v 15.9 3.4 5.6
v 16.1 3.4 5.6
v 16.2 3.4 5.6
v 16.3 3.4 5.6
v 16.4 3.4 5.6
v 16.6 3.4 5.6
v 16.7 3.4 5.6
v 17.1 3.4 5.6
v 17.2 3.4 5.6
v 17.5 3.4 5.6
v 17.6 3.4 5.6
v 15.2 3.4 5.5
v 15.3 3.4 5.5
v 15.5 3.4 5.5
v 15.6 3.4 5.5
v 15.8 3.4 5.5
v 15.9 3.4 5.5
v 16.1 3.4 5.5
v 16.2 3.4 5.5
v 16.3 3.4 5.5
v 16.4 3.4 5.5
v 16.6 3.4 5.5
v 16.7 3.4 5.5
v 17.1 3.4 5.5
v 17.2 3.4 5.5
v 17.5 3.4 5.5
v 17.6 3.4 5.5
v 15.2 3.4 4.9
v 15.3 3.4 4.9
v 15.5 3.4 4.9
v 15.6 3.4 4.9
v 15.8 3.4 4.9
v 15.9 3.4 4.9
v 16.1 3.4 4.9
v 16.2 3.4 4.9
v 16.3 3.4 4.9
v 16.4 3.4 4.9
v 16.6 3.4 4.9
v 16.7 3.4 4.9
v 17.1 3.4 4.9
v 17.2 3.4 4.9
v 17.5 3.4 4.9
v 17.6 3.4 4.9
v 15.2 3.4 4.8
v 15.3 3.4 4.8
v 15.5 3.4 4.8
v 15.6 3.4 4.8
v 15.8 3.4 4.8
v 15.9 3.4 4.8
v 16.1 3.4 4.8
v 16.2 3.4 4.8
v 16.3 3.4 4.8
v 16.4 3.4 4.8
v 16.6 3.4 4.8
v 16.7 3.4 4.8
v 17.1 3.4 4.8
v 17.2 3.4 4.8
v 17.5 3.4 4.8
v 17.6 3.4 4.8
v 14.2 3.6 7.7
v 14.3 3.6 7.7
v 15.1 3.6 7.7
v 14.2 3.6 7.6
v 14.3 3.6 7.6
v 15 3.6 7.6
v 15.1 3.6 7.6
v 14.2 4 7.7
v 14.3 4 7.7
v 15.1 4 7.7
v 14.2 4 7.6
v 14.3 4 7.6
v 15 4 7.6
v 15.1 4 7.6
v 14.2 4.3 7.7
v 14.3 4.3 7.7
v 15.1 4.3 7.7
v 14.2 4.3 7.6
v 14.3 4.3 7.6
v 15 4.3 7.6
v 15.1 4.3 7.6
v 14.2 4.7 7.7
v 14.3 4.7 7.7
v 15.1 4.7 7.7
v 14.2 4.7 7.6
v 14.3 4.7 7.6
v 15 4.7 7.6
v 15.1 4.7 7.6
v 17.2 4.8 11.1
v 17.3 4.8 11.1
v 17.2 4.8 11
v 17.3 4.8 11
v 17.2 4.8 10.8
v 17.3 4.8 10.8
v 17.2 4.8 10.7
v 17.3 4.8 10.7
v 14.2 5.2 7.7
v 14.3 5.2 7.7
v 15.1 5.2 7.7
v 14.2 5.2 7.6
v 14.3 5.2 7.6
v 15 5.2 7.6
v 15.1 5.2 7.6
v 14.2 5.5 7.7
v 14.3 5.5 7.7
v 15.1 5.5 7.7
v 14.2 5.5 7.6
v 14.3 5.5 7.6
v 15 5.5 7.6
v 15.1 5.5 7.6
v 17.3 5.9 10.5
v 17.4 5.9 10.5
v 17.3 5.9 10.2
v 17.4 5.9 10.2
v 17.2 6 11.4
v 17.3 6 11.4
v 17.2 6 11.3
v 17.3 6 11.3
v 17.3 6 10.9
v 17.4 6 10.9
v 17.3 6 10.5
v 17.4 6 10.5
v 17.3 6 10.2
v 17.4 6 10.2
v 17.3 6 9.9
v 17.4 6 9.9
v 17.2 6 8.4
v 17.3 6 8.4
v 17.2 6 8.2
v 17.3 6 8.2
v 17.3 6.1 11.2
v 17.4 6.1 11.2
v 17.3 6.1 10.9
v 17.4 6.1 10.9
v 17.2 6.1 8.6
v 17.3 6.1 8.6
v 17.2 6.1 8.4
v 17.3 6.1 8.4
v 14.2 6.1 7.7
v 14.3 6.1 7.7
v 14.5 6.1 7.7
v 15 6.1 7.7
v 15.1 6.1 7.7
v 14.2 6.1 7.6
v 14.3 6.1 7.6
v 15 6.1 7.6
v 15.1 6.1 7.6
v 17.2 6.2 8.7
v 17.3 6.2 8.7
v 17.2 6.2 8.6
v 17.3 6.2 8.6
v 13.8 6.2 7.8
v 14.1 6.2 7.8
v 13.8 6.2 7.7
v 14.1 6.2 7.7
v 17.3 6.3 10.1
v 17.4 6.3 10.1
v 17.3 6.3 9.3
v 17.4 6.3 9.3
v 14.2 6.4 7.7
v 14.3 6.4 7.7
v 15.1 6.4 7.7
v 14.2 6.4 7.6
v 14.3 6.4 7.6
v 15 6.4 7.6
v 15.1 6.4 7.6
v 20.4 0.5 7.5
v 21.5 0.5 7.5
v 20.4 0.5 7.4
v 21.5 0.5 7.4
v 23.3 0.5 7.4
v 23.4 0.5 7.4
v 23.3 0.5 7.3
v 23.4 0.5 7.3
v 16.9 0.5 6
v 17 0.5 6
v 16.9 0.5 4.8
v 17 0.5 4.8
v 12.8 0.5 3.7
v 15.8 0.5 3.7
v 12.8 0.5 3.6
v 13.8 0.5 3.6
v 15.8 0.5 3.6
v 16.9 0.5 0.3
v 17 0.5 0.3
v 16.9 0.5 0.2
v 17 0.5 0.2
v 23 0.6 3.5
v 23.4 0.6 3.5
v 23.5 0.6 3.5
v 23 0.6 3.4
v 23.5 0.6 3.4
v 19.6 0.6 1
v 19.7 0.6 1
v 19.6 0.6 0.3
v 19.7 0.6 0.3
v 23.3 0.8 7.3
v 23.4 0.8 7.3
v 23.5 0.8 7.3
v 23.3 0.8 7.2
v 23.3 0.8 7.1
v 23.3 0.8 7
v 23.5 0.8 7
v 23.2 1 7.3
v 23.3 1 7.3
v 23.2 1 7.2
v 23.3 1 7.2
v 23.2 1 7.1
v 23.3 1 7.1
v 20.5 1 3.4
v 20.6 1 3.4
v 20.5 1 3.3
v 20.6 1 3.3
v 17.3 1.1 12.2
v 24.8 1.1 12.2
v 17.3 1.1 11
v 18.5 1.1 11
v 19.7 1.1 11
v 20.6 1.1 11
v 17.3 1.1 8.8
v 20.6 1.1 8.8
v 17.3 1.1 8.4
v 17.3 1.1 8.2
v 15.8 1.1 7.7
v 17.3 1.1 7.7
v 19.8 1.1 7.5
v 20.4 1.1 7.5
v 21.2 1.1 7.5
v 22.2 1.1 7.5
v 18.3 1.1 7.4
v 19.8 1.1 7.4
v 22.2 1.1 7.4
v 22.7 1.1 7.4
v 23.3 1.1 7.4
v 23.4 1.1 7.4
v 23.5 1.1 7.4
v 23.6 1.1 7.4
v 22.7 1.1 7.3
v 23.2 1.1 7.3
v 23.3 1.1 7.3
v 23.4 1.1 7.3
v 23.5 1.1 7.3
v 23.6 1.1 7.3
v 23.5 1.1 7
v 23.6 1.1 7
v 23.5 1.1 6.4
v 23.6 1.1 6.4
v 15.8 1.1 6.2
v 16.9 1.1 6
v 17 1.1 6
v 18.3 1.1 6
v 15.8 1.1 5.8
v 23.5 1.1 5.3
v 23.6 1.1 5.3
v 16.9 1.1 4.8
v 17 1.1 4.8
v 23.5 1.1 4.4
v 23.6 1.1 4.4
v 22.3 1.1 4.3
v 22.4 1.1 4.3
v 22.3 1.1 4.2
v 22.4 1.1 4.2
v 22.3 1.1 3.8
v 23.4 1.1 3.8
v 23.5 1.1 3.8
v 15.8 1.1 3.7
v 12.8 1.1 3.6
v 15.8 1.1 3.6
v 23 1.1 3.5
v 23.4 1.1 3.5
v 23.5 1.1 3.5
v 19.5 1.1 3.4
v 19.8 1.1 3.4
v 20.9 1.1 3.4
v 22.3 1.1 3.4
v 23 1.1 3.4
v 23.5 1.1 3.4
v 19.8 1.1 3.3
v 20.9 1.1 3.3
v 19.5 1.1 2.2
v 19.6 1.1 2.2
v 19.6 1.1 1.7
v 19.6 1.1 1
v 19.7 1.1 1
v 17 1.1 0.5
v 16.9 1.1 0.3
v 17 1.1 0.3
v 19.6 1.1 0.3
v 19.7 1.1 0.3
v 12.8 1.1 0.2
v 16.9 1.1 0.2
v 19.6 1.1 0.2
v 24.8 1.1 0.2
v 20.5 1.2 10.9
v 20.6 1.2 10.9
v 20.5 1.2 10.4
v 20.6 1.2 10.4
v 20.5 1.2 9.7
v 20.6 1.2 9.7
v 20.5 1.2 8.8
v 20.6 1.2 8.8
v 23.5 1.2 7.4
v 23.6 1.2 7.4
v 23.5 1.2 7.3
v 23.6 1.2 7.3
v 23.2 1.2 7.1
v 23.3 1.2 7.1
v 23.2 1.2 7
v 23.3 1.2 7
v 23.4 1.2 7
v 23.3 1.2 6.9
v 23.4 1.2 6.9
v 23.2 1.2 6.8
v 23.4 1.2 6.8
v 23.1 1.2 4.7
v 23.2 1.2 4.7
v 23 1.2 4.6
v 23.1 1.2 4.6
v 23.2 1.2 4.6
v 23.1 1.2 4.5
v 23.4 1.2 4.5
v 23.4 1.2 4.4
v 23.5 1.2 4.4
v 23 1.2 3.8
v 23.5 1.2 3.8
v 20.3 1.3 11
v 20.6 1.3 11
v 20.3 1.3 10.9
v 20.5 1.3 10.9
v 20.6 1.3 10.9
v 20.1 1.3 9.2
v 20.5 1.3 9.2
v 20.1 1.3 8.8
v 20.5 1.3 8.8
v 18.3 1.3 7.5
v 23 1.3 7.5
v 19.7 1.3 7.3
v 19.8 1.3 7.3
v 20 1.3 7.3
v 23 1.3 7.3
v 23.2 1.3 7.3
v 21 1.3 7.2
v 21.1 1.3 7.2
v 21.4 1.3 7.2
v 21.5 1.3 7.2
v 19.9 1.3 7.1
v 20 1.3 7.1
v 21.1 1.3 7.1
v 21.4 1.3 7.1
v 21.5 1.3 7.1
v 21.8 1.3 7.1
v 22.9 1.3 7.1
v 23.1 1.3 7.1
v 23.4 1.3 7.1
v 23.6 1.3 7.1
v 19.7 1.3 7
v 19.9 1.3 7
v 21 1.3 7
v 21.1 1.3 7
v 21.4 1.3 7
v 21.5 1.3 7
v 21.7 1.3 7
v 21.8 1.3 7
v 22.1 1.3 7
v 22.9 1.3 7
v 23 1.3 7
v 21.1 1.3 6.9
v 21.2 1.3 6.9
v 21.6 1.3 6.9
v 21.7 1.3 6.9
v 22 1.3 6.9
v 22.1 1.3 6.9
v 23 1.3 6.9
v 23.1 1.3 6.9
v 21.1 1.3 6.8
v 21.2 1.3 6.8
v 21.6 1.3 6.8
v 21.7 1.3 6.8
v 22 1.3 6.8
v 22.1 1.3 6.8
v 22.6 1.3 6.8
v 22.7 1.3 6.8
v 23.2 1.3 6.8
v 23.4 1.3 6.8
v 21.6 1.3 6.7
v 21.7 1.3 6.7
v 21.8 1.3 6.7
v 22 1.3 6.7
v 22.1 1.3 6.7
v 22.2 1.3 6.7
v 22.3 1.3 6.7
v 22.6 1.3 6.7
v 22.7 1.3 6.7
v 22.9 1.3 6.7
v 18.5 1.3 6.6
v 18.8 1.3 6.6
v 21 1.3 6.6
v 21.1 1.3 6.6
v 21.6 1.3 6.6
v 21.8 1.3 6.6
v 22.2 1.3 6.6
v 22.3 1.3 6.6
v 22.9 1.3 6.6
v 23 1.3 6.6
v 21.7 1.3 6.5
v 22.3 1.3 6.5
v 22.5 1.3 6.5
v 22.6 1.3 6.5
v 18.5 1.3 6.4
v 18.8 1.3 6.4
v 19.8 1.3 6.4
v 19.9 1.3 6.4
v 20.9 1.3 6.4
v 21 1.3 6.4
v 21.6 1.3 6.4
v 21.7 1.3 6.4
v 22.3 1.3 6.4
v 22.4 1.3 6.4
v 22.6 1.3 6.4
v 22.8 1.3 6.4
v 20.6 1.3 6.3
v 20.9 1.3 6.3
v 21 1.3 6.3
v 21.5 1.3 6.3
v 21.6 1.3 6.3
v 22.4 1.3 6.3
v 22.5 1.3 6.3
v 23 1.3 6.3
v 23.1 1.3 6.3
v 19.8 1.3 6.2
v 19.9 1.3 6.2
v 20 1.3 6.2
v 20.3 1.3 6.2
v 20.6 1.3 6.2
v 20.7 1.3 6.2
v 20.9 1.3 6.2
v 21 1.3 6.2
v 22.6 1.3 6.2
v 22.7 1.3 6.2
v 22.8 1.3 6.2
v 22.9 1.3 6.2
v 23 1.3 6.2
v 23.1 1.3 6.2
v 19.9 1.3 6.1
v 20 1.3 6.1
v 20.3 1.3 6.1
v 20.6 1.3 6.1
v 20.7 1.3 6.1
v 20.9 1.3 6.1
v 21 1.3 6.1
v 21.4 1.3 6.1
v 21.5 1.3 6.1
v 22.7 1.3 6.1
v 22.8 1.3 6.1
v 18.3 1.3 6
v 19.6 1.3 6
v 19.7 1.3 6
v 20 1.3 6
v 20.1 1.3 6
v 20.8 1.3 6
v 20.9 1.3 6
v 21 1.3 6
v 21.1 1.3 6
v 21.4 1.3 6
v 21.5 1.3 6
v 22.8 1.3 6
v 22.9 1.3 6
v 19.7 1.3 5.9
v 19.9 1.3 5.9
v 20 1.3 5.9
v 20.1 1.3 5.9
v 21 1.3 5.9
v 21.1 1.3 5.9
v 19.8 1.3 5.8
v 19.9 1.3 5.8
v 20 1.3 5.8
v 19.9 1.3 5.7
v 20 1.3 5.7
v 20.3 1.3 5.7
v 20.8 1.3 5.7
v 21 1.3 5.7
v 23 1.3 5.7
v 23.1 1.3 5.7
v 19.8 1.3 5.6
v 19.9 1.3 5.6
v 20.3 1.3 5.6
v 20.4 1.3 5.6
v 22.9 1.3 5.6
v 23.1 1.3 5.6
v 23.2 1.3 5.6
v 20 1.3 5.5
v 20.1 1.3 5.5
v 20.4 1.3 5.5
v 20.6 1.3 5.5
v 22.8 1.3 5.5
v 22.9 1.3 5.5
v 23.2 1.3 5.5
v 23.4 1.3 5.5
v 19.9 1.3 5.4
v 20 1.3 5.4
v 20.1 1.3 5.4
v 20.2 1.3 5.4
v 22.9 1.3 5.4
v 23 1.3 5.4
v 23.2 1.3 5.4
v 23.3 1.3 5.4
v 20 1.3 5.3
v 20.1 1.3 5.3
v 20.2 1.3 5.3
v 20.3 1.3 5.3
v 20.4 1.3 5.3
v 20.6 1.3 5.3
v 21.4 1.3 5.3
v 21.5 1.3 5.3
v 23 1.3 5.3
v 23.1 1.3 5.3
v 23.2 1.3 5.3
v 23.3 1.3 5.3
v 23.4 1.3 5.3
v 20.1 1.3 5.2
v 20.2 1.3 5.2
v 20.3 1.3 5.2
v 20.4 1.3 5.2
v 22.8 1.3 5.2
v 22.9 1.3 5.2
v 20 1.3 5.1
v 20.2 1.3 5.1
v 22.7 1.3 5.1
v 22.8 1.3 5.1
v 23.1 1.3 5.1
v 23.2 1.3 5.1
v 20.7 1.3 5
v 20.8 1.3 5
v 21.4 1.3 5
v 21.5 1.3 5
v 21.6 1.3 5
v 22.1 1.3 5
v 22.7 1.3 5
v 20.4 1.3 4.9
v 20.7 1.3 4.9
v 21.4 1.3 4.9
v 21.5 1.3 4.9
v 21.6 1.3 4.9
v 21.7 1.3 4.9
v 22.1 1.3 4.9
v 22.8 1.3 4.9
v 23.1 1.3 4.9
v 23.2 1.3 4.9
v 23.3 1.3 4.9
v 20 1.3 4.8
v 20.4 1.3 4.8
v 22.7 1.3 4.8
v 22.8 1.3 4.8
v 23.1 1.3 4.8
v 23.3 1.3 4.8
v 23.4 1.3 4.8
v 23.5 1.3 4.8
v 20.8 1.3 4.7
v 20.9 1.3 4.7
v 21.6 1.3 4.7
v 21.7 1.3 4.7
v 22.2 1.3 4.7
v 22.7 1.3 4.7
v 23.1 1.3 4.7
v 23.2 1.3 4.7
v 21.5 1.3 4.6
v 21.6 1.3 4.6
v 22 1.3 4.6
v 22.2 1.3 4.6
v 23 1.3 4.6
v 23.1 1.3 4.6
v 23.2 1.3 4.6
v 23.4 1.3 4.6
v 23.5 1.3 4.6
v 23.6 1.3 4.6
v 20.9 1.3 4.5
v 21 1.3 4.5
v 21.4 1.3 4.5
v 21.5 1.3 4.5
v 21.6 1.3 4.5
v 22 1.3 4.5
v 23.1 1.3 4.5
v 23.4 1.3 4.5
v 23.6 1.3 4.5
v 21.5 1.3 4.4
v 21.6 1.3 4.4
v 22.2 1.3 4.4
v 22.3 1.3 4.4
v 22.4 1.3 4.4
v 22.5 1.3 4.4
v 23.4 1.3 4.4
v 23.6 1.3 4.4
v 20 1.3 4.3
v 20.4 1.3 4.3
v 21 1.3 4.3
v 21.1 1.3 4.3
v 21.4 1.3 4.3
v 21.5 1.3 4.3
v 22.3 1.3 4.3
v 22.4 1.3 4.3
v 22.2 1.3 4.2
v 22.3 1.3 4.2
v 22.4 1.3 4.2
v 22.5 1.3 4.2
v 20.3 1.3 4.1
v 20.4 1.3 4.1
v 21.1 1.3 4.1
v 21.2 1.3 4.1
v 20.2 1.3 4
v 20.3 1.3 4
v 20 1.3 3.9
v 20.2 1.3 3.9
v 21.3 1.3 3.7
v 21.4 1.3 3.7
v 22.4 1.3 3.7
v 23 1.3 3.7
v 21.2 1.3 3.5
v 21.3 1.3 3.5
v 21.9 1.3 3.5
v 22.1 1.3 3.5
v 22 1.3 3.4
v 22.1 1.3 3.4
v 19.6 1.3 3.3
v 21.9 1.3 3.3
v 22 1.3 3.3
v 22.4 1.3 3.3
v 20.3 1.4 10.9
v 20.5 1.4 10.9
v 20.3 1.4 10.6
v 20.5 1.4 10.6
v 20.1 1.4 9.3
v 20.5 1.4 9.3
v 20.1 1.4 9.2
v 20.5 1.4 9.2
v 19.7 1.4 7.3
v 19.8 1.4 7.3
v 20 1.4 7.3
v 19.8 1.4 7.1
v 19.9 1.4 7.1
v 20 1.4 7.1
v 22.9 1.4 7.1
v 23.1 1.4 7.1
v 19.7 1.4 7
v 19.9 1.4 7
v 22.9 1.4 7
v 23 1.4 7
v 23 1.4 6.9
v 23.1 1.4 6.9
v 18.5 1.4 6.6
v 18.8 1.4 6.6
v 18.5 1.4 6.4
v 18.8 1.4 6.4
v 23.4 1.4 4.8
v 23.5 1.4 4.8
v 23.4 1.4 4.6
v 23.5 1.4 4.6
v 23.6 1.4 4.6
v 23.4 1.4 4.5
v 23.6 1.4 4.5
v 22.2 1.4 4.4
v 22.3 1.4 4.4
v 22.4 1.4 4.4
v 22.5 1.4 4.4
v 20 1.4 4.3
v 20.4 1.4 4.3
v 20.1 1.4 4.2
v 20.3 1.4 4.2
v 22.2 1.4 4.2
v 22.3 1.4 4.2
v 22.4 1.4 4.2
v 22.5 1.4 4.2
v 20.3 1.4 4.1
v 20.4 1.4 4.1
v 20.1 1.4 4
v 20.2 1.4 4
v 20.3 1.4 4
v 20 1.4 3.9
v 20.2 1.4 3.9
v 21.9 1.4 3.5
v 22.1 1.4 3.5
v 22 1.4 3.4
v 22.1 1.4 3.4
v 21.9 1.4 3.3
v 22 1.4 3.3
v 20.4 1.6 10.6
v 20.5 1.6 10.6
v 20.4 1.6 10.5
v 20.5 1.6 10.5
v 19.9 1.8 11
v 20.3 1.8 11
v 20.3 1.8 10.6
v 20.6 1.8 10.6
v 20.5 1.8 9.7
v 20.6 1.8 9.7
v 18.6 1.8 9.4
v 19.9 1.8 9.4
v 20.1 1.8 9.3
v 20.5 1.8 9.3
v 18.5 1.8 9.2
v 18.6 1.8 9.2
v 20.1 1.8 8.9
v 20.3 1.8 8.9
v 18.5 1.8 8.8
v 20.3 1.8 8.8
v 17 2.2 5.3
v 17.1 2.2 5.3
v 17 2.2 5.2
v 17.1 2.2 5.2
v 15.6 2.2 4.5
v 15.8 2.2 4.5
v 15.3 2.2 4.4
v 15.6 2.2 4.4
v 15.3 2.2 4.2
v 15.6 2.2 4.2
v 15.6 2.2 3.7
v 15.8 2.2 3.7
v 17 2.3 5.9
v 17.1 2.3 5.9
v 17 2.3 5.3
v 17.1 2.3 5.3
v 12.8 2.3 4.1
v 12.9 2.3 4.1
v 12.8 2.3 3.7
v 12.9 2.3 3.7
v 17.1 2.3 0.3
v 17.7 2.3 0.3
v 17.1 2.3 0.2
v 17.7 2.3 0.2
v 12.9 2.4 3.8
v 13.3 2.4 3.8
v 12.9 2.4 3.7
v 13.3 2.4 3.7
v 19.5 2.4 0.9
v 19.6 2.4 0.9
v 19.5 2.4 0.2
v 19.6 2.4 0.2
v 19.1 2.5 6
v 19.6 2.5 6
v 19.1 2.5 5.9
v 19.6 2.5 5.9
v 19.5 2.5 5.8
v 19.6 2.5 5.8
v 19.5 2.5 5.4
v 19.6 2.5 5.4
v 17 2.6 0.6
v 17.2 2.6 0.6
v 17 2.6 0.3
v 17.1 2.6 0.3
v 17.2 2.6 0.3
v 18.4 2.6 0.3
v 19.5 2.6 0.3
v 18.4 2.6 0.2
v 19.5 2.6 0.2
v 17 2.7 0.3
v 17.1 2.7 0.3
v 17 2.7 0.2
v 17.1 2.7 0.2
v 19.5 2.8 9.5
v 19.8 2.8 9.5
v 19.5 2.8 9.4
v 19.8 2.8 9.4
v 17 2.8 6
v 17.6 2.8 6
v 17 2.8 5.9
v 17.1 2.8 5.9
v 17.6 2.8 5.9
v 19.3 2.8 5.9
v 19.6 2.8 5.9
v 19.3 2.8 5.8
v 19.5 2.8 5.8
v 19.6 2.8 5.8
v 19.2 2.9 11
v 19.9 2.9 11
v 19.2 2.9 10.9
v 19.9 2.9 10.9
v 19.8 2.9 10
v 19.9 2.9 10
v 19.8 2.9 9.5
v 19.8 2.9 9.4
v 19.9 2.9 9.4
v 15.5 2.9 4.2
v 15.6 2.9 4.2
v 12.9 2.9 4
v 13.4 2.9 4
v 15.5 2.9 3.9
v 15.6 2.9 3.9
v 12.9 2.9 3.8
v 13.3 2.9 3.8
v 13.4 2.9 3.8
v 19.5 3 9.9
v 19.7 3 9.9
v 19.5 3 9.5
v 19.7 3 9.5
v 13.1 3 4.4
v 13.4 3 4.4
v 12.8 3 4.3
v 13.1 3 4.3
v 12.8 3 4.1
v 12.9 3 4.1
v 13.4 3 4.1
v 13.5 3 4.1
v 12.9 3 4
v 13.4 3 4
v 13.5 3 4
v 15 3 4
v 15.5 3 4
v 15.5 3 3.9
v 15.6 3 3.9
v 13.3 3 3.8
v 13.4 3 3.8
v 15 3 3.8
v 15.1 3 3.8
v 13.3 3 3.7
v 13.4 3 3.7
v 15.1 3 3.7
v 15.6 3 3.7
v 15 3 3.6
v 15.1 3 3.6
v 19.2 3 1.5
v 19.6 3 1.5
v 19.2 3 0.9
v 19.3 3 0.9
v 19.5 3 0.9
v 19.6 3 0.9
v 19.2 3 0.6
v 19.3 3 0.6
v 17.2 3 0.4
v 17.3 3 0.4
v 17.2 3 0.3
v 17.3 3 0.3
v 19.2 3 0.3
v 19.5 3 0.3
v 19.8 3.1 10.9
v 19.9 3.1 10.9
v 19.8 3.1 10.8
v 19.8 3.1 10.7
v 19.9 3.1 10.7
v 20 3.1 10.7
v 19.8 3.1 10.6
v 20 3.1 10.6
v 18.7 3.1 9.4
v 19.1 3.1 9.4
v 18.7 3.1 9.3
v 19.1 3.1 9.3
v 17.1 3.1 5.9
v 17.5 3.1 5.9
v 19.3 3.1 5.9
v 19.5 3.1 5.9
v 17.1 3.1 5.5
v 17.5 3.1 5.5
v 19.5 3.1 5.4
v 19.6 3.1 5.4
v 19.3 3.1 4.9
v 19.6 3.1 4.9
v 13.4 3.1 4.3
v 13.6 3.1 4.3
v 13.4 3.1 4.1
v 13.5 3.1 4.1
v 13.4 3.1 4
v 13.5 3.1 4
v 19.6 3.1 3.8
v 19.7 3.1 3.8
v 13.4 3.1 3.6
v 13.6 3.1 3.6
v 19.6 3.1 3.6
v 19.7 3.1 3.6
v 19.5 3.2 10.9
v 19.8 3.2 10.9
v 19.7 3.2 10.8
v 19.8 3.2 10.8
v 19.5 3.2 10.7
v 19.7 3.2 10.7
v 19.5 3.2 10.6
v 19.8 3.2 10.6
v 19.5 3.2 10.5
v 19.6 3.2 10.5
v 19.8 3.2 10.5
v 18.7 3.2 6.1
v 18.8 3.2 6.1
v 18.8 3.2 6
v 19.3 3.2 6
v 18.7 3.2 5.8
v 18.8 3.2 5.8
v 19.3 3.2 5.8
v 17 3.2 0.8
v 17.2 3.2 0.8
v 18 3.2 0.8
v 18.5 3.2 0.8
v 17.2 3.2 0.7
v 17.3 3.2 0.7
v 18 3.2 0.7
v 18.1 3.2 0.7
v 17 3.2 0.6
v 17.2 3.2 0.6
v 17.3 3.2 0.6
v 17.5 3.2 0.6
v 18.5 3.2 0.6
v 18.7 3.2 0.6
v 18.7 3.2 0.5
v 19.1 3.2 0.5
v 19.1 3.2 0.4
v 19.2 3.2 0.4
v 17.2 3.2 0.3
v 17.5 3.2 0.3
v 17.8 3.2 0.3
v 18 3.2 0.3
v 18.1 3.2 0.3
v 18.4 3.2 0.3
v 19.2 3.2 0.3
v 17.8 3.2 0.2
v 18 3.2 0.2
v 19.3 3.3 9.8
v 19.5 3.3 9.8
v 19.7 3.3 9.8
v 19.8 3.3 9.8
v 19.7 3.3 9.5
v 19.8 3.3 9.5
v 19.3 3.3 9.4
v 19.5 3.3 9.4
v 12.8 3.3 7.7
v 13.9 3.3 7.7
v 14.2 3.3 7.7
v 15.1 3.3 7.7
v 15.2 3.3 7.7
v 15.9 3.3 7.7
v 14.1 3.3 7.6
v 14.2 3.3 7.6
v 14.3 3.3 7.6
v 15 3.3 7.6
v 15.2 3.3 7.6
v 15.3 3.3 7.6
v 15.7 3.3 7.6
v 15.8 3.3 7.6
v 14.2 3.3 7.5
v 14.3 3.3 7.5
v 14.8 3.3 7.5
v 15 3.3 7.5
v 15.1 3.3 7.5
v 15.2 3.3 7.5
v 15.3 3.3 7.5
v 15.7 3.3 7.5
v 15.8 3.3 7.5
v 15.9 3.3 7.5
v 13.9 3.3 7.4
v 14 3.3 7.4
v 14.1 3.3 7.4
v 14.2 3.3 7.4
v 14.5 3.3 7.4
v 15.7 3.3 7.4
v 15.8 3.3 7.4
v 15.9 3.3 7.4
v 14.9 3.3 7.3
v 15 3.3 7.3
v 15.1 3.3 7.3
v 15.2 3.3 7.3
v 13.8 3.3 7.2
v 14 3.3 7.2
v 14.9 3.3 7.2
v 15 3.3 7.2
v 15.1 3.3 7.2
v 14.8 3.3 7.1
v 15 3.3 7.1
v 13.1 3.3 7
v 13.6 3.3 7
v 13.8 3.3 7
v 13.9 3.3 7
v 13.8 3.3 6.9
v 13.9 3.3 6.9
v 14 3.3 6.9
v 14.1 3.3 6.9
v 14.2 3.3 6.9
v 14.5 3.3 6.9
v 14.9 3.3 6.9
v 15 3.3 6.9
v 13.1 3.3 6.8
v 13.2 3.3 6.8
v 13.8 3.3 6.8
v 14 3.3 6.8
v 15 3.3 6.8
v 15.1 3.3 6.8
v 13.2 3.3 6.7
v 13.3 3.3 6.7
v 14.1 3.3 6.7
v 14.2 3.3 6.7
v 14.9 3.3 6.7
v 15 3.3 6.7
v 13.3 3.3 6.6
v 13.4 3.3 6.6
v 15.1 3.3 6.6
v 15.2 3.3 6.6
v 15.4 3.3 6.6
v 15.7 3.3 6.6
v 13.4 3.3 6.5
v 13.6 3.3 6.5
v 15.4 3.3 6.5
v 15.5 3.3 6.5
v 14.1 3.3 6.4
v 14.2 3.3 6.4
v 14.7 3.3 6.4
v 14.8 3.3 6.4
v 15.1 3.3 6.4
v 15.2 3.3 6.4
v 15.5 3.3 6.4
v 15.6 3.3 6.4
v 13.9 3.3 6.3
v 14.1 3.3 6.3
v 14.3 3.3 6.3
v 14.5 3.3 6.3
v 15.6 3.3 6.3
v 15.7 3.3 6.3
v 13.8 3.3 6.2
v 13.9 3.3 6.2
v 14.2 3.3 6.2
v 14.3 3.3 6.2
v 14.5 3.3 6.2
v 14.7 3.3 6.2
v 14.8 3.3 6.2
v 15.1 3.3 6.2
v 13.8 3.3 6.1
v 14 3.3 6.1
v 14.2 3.3 6.1
v 14.3 3.3 6.1
v 17.5 3.3 6.1
v 18.7 3.3 6.1
v 14.3 3.3 6
v 14.4 3.3 6
v 14 3.3 5.9
v 14.1 3.3 5.9
v 14.4 3.3 5.9
v 14.8 3.3 5.9
v 14.9 3.3 5.9
v 14.1 3.3 5.8
v 14.2 3.3 5.8
v 14.9 3.3 5.8
v 15 3.3 5.8
v 18.7 3.3 5.8
v 19.4 3.3 5.8
v 14.4 3.3 5.7
v 14.6 3.3 5.7
v 17.9 3.3 5.7
v 18 3.3 5.7
v 18.8 3.3 5.7
v 18.9 3.3 5.7
v 19 3.3 5.7
v 19.3 3.3 5.7
v 15 3.3 5.6
v 15.2 3.3 5.6
v 15.3 3.3 5.6
v 15.5 3.3 5.6
v 15.6 3.3 5.6
v 15.8 3.3 5.6
v 15.9 3.3 5.6
v 17.5 3.3 5.6
v 17.6 3.3 5.6
v 17.9 3.3 5.6
v 18 3.3 5.6
v 18.2 3.3 5.6
v 18.6 3.3 5.6
v 18.8 3.3 5.6
v 18.9 3.3 5.6
v 19 3.3 5.6
v 19.3 3.3 5.6
v 19.4 3.3 5.6
v 14.2 3.3 5.5
v 14.3 3.3 5.5
v 14.4 3.3 5.5
v 14.5 3.3 5.5
v 17.1 3.3 5.5
v 17.2 3.3 5.5
v 18.2 3.3 5.5
v 18.6 3.3 5.5
v 18.2 3.3 5.4
v 18.4 3.3 5.4
v 18.9 3.3 5.4
v 19 3.3 5.4
v 19.2 3.3 5.4
v 19.4 3.3 5.4
v 18.5 3.3 5.3
v 18.6 3.3 5.3
v 18.7 3.3 5.3
v 18.9 3.3 5.3
v 19 3.3 5.3
v 19.2 3.3 5.3
v 14.5 3.3 5.2
v 14.6 3.3 5.2
v 18 3.3 5.2
v 18.1 3.3 5.2
v 18.5 3.3 5.2
v 18.6 3.3 5.2
v 14.3 3.3 5.1
v 14.4 3.3 5.1
v 18 3.3 5.1
v 18.1 3.3 5.1
v 18.3 3.3 5.1
v 18.4 3.3 5.1
v 18.7 3.3 5.1
v 18.8 3.3 5.1
v 19.1 3.3 5.1
v 19.2 3.3 5.1
v 18.2 3.3 5
v 18.3 3.3 5
v 19.2 3.3 5
v 19.4 3.3 5
v 14.4 3.3 4.9
v 14.5 3.3 4.9
v 18.7 3.3 4.9
v 18.8 3.3 4.9
v 19.4 3.3 4.9
v 19.6 3.3 4.9
v 19.7 3.3 4.9
v 14.5 3.3 4.8
v 14.6 3.3 4.8
v 14.9 3.3 4.8
v 15 3.3 4.8
v 15.2 3.3 4.8
v 15.3 3.3 4.8
v 15.5 3.3 4.8
v 15.6 3.3 4.8
v 15.8 3.3 4.8
v 15.9 3.3 4.8
v 16.9 3.3 4.8
v 17.1 3.3 4.8
v 17.2 3.3 4.8
v 17.5 3.3 4.8
v 17.6 3.3 4.8
v 17.9 3.3 4.8
v 18.8 3.3 4.8
v 19.1 3.3 4.8
v 19.4 3.3 4.8
v 14.6 3.3 4.7
v 14.8 3.3 4.7
v 17.9 3.3 4.7
v 18.1 3.3 4.7
v 18.6 3.3 4.7
v 18.7 3.3 4.7
v 18.8 3.3 4.7
v 19.4 3.3 4.7
v 19.6 3.3 4.7
v 14.8 3.3 4.6
v 14.9 3.3 4.6
v 17.5 3.3 4.6
v 17.7 3.3 4.6
v 17.2 3.3 4.5
v 17.3 3.3 4.5
v 17.4 3.3 4.5
v 17.5 3.3 4.5
v 17.7 3.3 4.5
v 17.8 3.3 4.5
v 18 3.3 4.5
v 18.1 3.3 4.5
v 18.5 3.3 4.5
v 18.6 3.3 4.5
v 18.7 3.3 4.5
v 18.8 3.3 4.5
v 15.3 3.3 4.4
v 15.6 3.3 4.4
v 17.8 3.3 4.4
v 18 3.3 4.4
v 18.5 3.3 4.4
v 18.6 3.3 4.4
v 18.7 3.3 4.4
v 12.8 3.3 4.3
v 13.6 3.3 4.3
v 14.4 3.3 4.3
v 14.5 3.3 4.3
v 14.7 3.3 4.3
v 14.8 3.3 4.3
v 15.6 3.3 4.3
v 15.7 3.3 4.3
v 17.1 3.3 4.3
v 17.2 3.3 4.3
v 17.3 3.3 4.3
v 17.8 3.3 4.3
v 17.9 3.3 4.3
v 18 3.3 4.3
v 18.1 3.3 4.3
v 18.6 3.3 4.3
v 18.8 3.3 4.3
v 15.3 3.3 4.2
v 15.5 3.3 4.2
v 15.7 3.3 4.2
v 15.9 3.3 4.2
v 17.3 3.3 4.2
v 17.8 3.3 4.2
v 17.9 3.3 4.2
v 18 3.3 4.2
v 18.1 3.3 4.2
v 14.7 3.3 4.1
v 14.8 3.3 4.1
v 17.1 3.3 4.1
v 17.3 3.3 4.1
v 17.9 3.3 4.1
v 18 3.3 4.1
v 14.7 3.3 4
v 15 3.3 4
v 15.5 3.3 4
v 17.4 3.3 4
v 17.5 3.3 4
v 17.8 3.3 4
v 17.9 3.3 4
v 14.4 3.3 3.9
v 14.7 3.3 3.9
v 18.5 3.3 3.9
v 18.6 3.3 3.9
v 18.2 3.3 3.8
v 18.4 3.3 3.8
v 18.1 3.3 3.7
v 18.2 3.3 3.7
v 18.4 3.3 3.7
v 18.5 3.3 3.7
v 13.6 3.3 3.6
v 15 3.3 3.6
v 17.5 3.3 3.6
v 17.6 3.3 3.6
v 18.6 3.3 3.6
v 18.9 3.3 3.6
v 17.5 3.3 3.5
v 17.6 3.3 3.5
v 17.4 3.3 3.4
v 17.5 3.3 3.4
v 17.4 3.3 3.3
v 17.5 3.3 3.3
v 18.1 3.3 3.3
v 18.2 3.3 3.3
v 18.6 3.3 3.3
v 18.7 3.3 3.3
v 18.2 3.3 3.2
v 18.4 3.3 3.2
v 18.7 3.3 3.2
v 18.9 3.3 3.2
v 19.2 3.3 3.2
v 19.5 3.3 3.2
v 17.3 3.3 3.1
v 17.5 3.3 3.1
v 18.1 3.3 3
v 18.2 3.3 3
v 19.2 3.3 3
v 19.3 3.3 3
v 17.2 3.3 2.9
v 17.3 3.3 2.9
v 17.6 3.3 2.9
v 17.7 3.3 2.9
v 19.3 3.3 2.9
v 19.4 3.3 2.9
v 19.5 3.3 2.9
v 17.6 3.3 2.7
v 17.7 3.3 2.7
v 18 3.3 2.7
v 18.1 3.3 2.7
v 17.1 3.3 2.6
v 17.2 3.3 2.6
v 17.8 3.3 2.6
v 17.9 3.3 2.6
v 17.1 3.3 2.5
v 17.2 3.3 2.5
v 17.8 3.3 2.5
v 17.9 3.3 2.5
v 18 3.3 2.5
v 17.2 3.3 2.4
v 17.3 3.3 2.4
v 17.8 3.3 2.4
v 17.9 3.3 2.4
v 17.3 3.3 2.2
v 17.4 3.3 2.2
v 17.7 3.3 2.2
v 17.8 3.3 2.2
v 17.4 3.3 2.1
v 17.5 3.3 2.1
v 17.6 3.3 2.1
v 17.7 3.3 2.1
v 17.5 3.3 2
v 17.6 3.3 2
v 19.3 3.3 1.5
v 19.7 3.3 1.5
v 18.3 3.3 1.4
v 18.7 3.3 1.4
v 17.1 3.3 1.2
v 17.5 3.3 1.2
v 17.5 3.3 1.1
v 18.4 3.3 1.1
v 18.6 3.3 1.1
v 18.7 3.3 1.1
v 17.4 3.3 1
v 17.5 3.3 1
v 18.3 3.3 1
v 18.4 3.3 1
v 17.1 3.3 0.9
v 17.4 3.3 0.9
v 16.9 3.3 0.8
v 17.2 3.3 0.8
v 18 3.3 0.8
v 18.5 3.3 0.8
v 17.2 3.3 0.7
v 17.3 3.3 0.7
v 18 3.3 0.7
v 18.1 3.3 0.7
v 17.3 3.3 0.6
v 17.5 3.3 0.6
v 18.5 3.3 0.6
v 18.7 3.3 0.6
v 18.7 3.3 0.5
v 19.1 3.3 0.5
v 19.1 3.3 0.4
v 19.3 3.3 0.4
v 17.5 3.3 0.3
v 17.7 3.3 0.3
v 17.8 3.3 0.3
v 18 3.3 0.3
v 18.1 3.3 0.3
v 18.4 3.3 0.3
v 17.7 3.3 0.2
v 17.8 3.3 0.2
v 18 3.3 0.2
v 18.4 3.3 0.2
v 17.3 3.4 11.1
v 19.2 3.4 11.1
v 18.7 3.4 11
v 19 3.4 11
v 19.2 3.4 10.9
v 19.5 3.4 10.9
v 18.8 3.4 10.8
v 18.9 3.4 10.8
v 19 3.4 10.8
v 18.7 3.4 10.6
v 18.8 3.4 10.6
v 19.8 3.4 10.6
v 20 3.4 10.6
v 19.5 3.4 10.5
v 19.8 3.4 10.5
v 18.8 3.4 10.4
v 18.9 3.4 10.4
v 18.6 3.4 10.3
v 18.8 3.4 10.3
v 18.9 3.4 10.3
v 19 3.4 10.3
v 18.5 3.4 10.2
v 18.6 3.4 10.2
v 19.7 3.4 10.2
v 19.8 3.4 10.2
v 19.9 3.4 10.2
v 18.5 3.4 10.1
v 18.6 3.4 10.1
v 19.5 3.4 10.1
v 19.7 3.4 10.1
v 18.6 3.4 10
v 19 3.4 10
v 19.5 3.4 10
v 19.6 3.4 10
v 19.9 3.4 10
v 20 3.4 10
v 19.6 3.4 9.9
v 19.9 3.4 9.9
v 17.5 3.4 9.8
v 17.8 3.4 9.8
v 18.3 3.4 9.8
v 18.6 3.4 9.8
v 19.3 3.4 9.8
v 19.9 3.4 9.8
v 17.8 3.4 9.7
v 18.9 3.4 9.7
v 19.1 3.4 9.7
v 17.7 3.4 9.6
v 17.8 3.4 9.6
v 18.3 3.4 9.6
v 18.4 3.4 9.6
v 18.5 3.4 9.6
v 18.6 3.4 9.6
v 19 3.4 9.6
v 19.1 3.4 9.6
v 17.5 3.4 9.5
v 17.6 3.4 9.5
v 17.7 3.4 9.5
v 18.4 3.4 9.5
v 18.5 3.4 9.5
v 18.9 3.4 9.5
v 19 3.4 9.5
v 18.6 3.4 9.3
v 19.3 3.4 9.3
v 17.3 3.4 8.7
v 18.6 3.4 8.7
v 15.7 3.4 7.6
v 15.8 3.4 7.6
v 15.7 3.4 7.5
v 15.8 3.4 7.5
v 15.9 3.4 7.5
v 15.7 3.4 7.4
v 15.8 3.4 7.4
v 15.9 3.4 7.4
v 13.1 3.4 7
v 13.6 3.4 7
v 13.2 3.4 6.9
v 13.5 3.4 6.9
v 13.1 3.4 6.8
v 13.2 3.4 6.8
v 13.2 3.4 6.7
v 13.3 3.4 6.7
v 13.3 3.4 6.6
v 13.4 3.4 6.6
v 13.5 3.4 6.6
v 15.4 3.4 6.6
v 15.7 3.4 6.6
v 13.4 3.4 6.5
v 13.6 3.4 6.5
v 15.4 3.4 6.5
v 15.5 3.4 6.5
v 15.6 3.4 6.5
v 15.5 3.4 6.4
v 15.6 3.4 6.4
v 15.6 3.4 6.3
v 15.7 3.4 6.3
v 15 3.4 5.5
v 15.2 3.4 5.5
v 15.3 3.4 5.5
v 15.5 3.4 5.5
v 15.6 3.4 5.5
v 15.8 3.4 5.5
v 15.9 3.4 5.5
v 16.1 3.4 5.5
v 16.2 3.4 5.5
v 16.3 3.4 5.5
v 16.4 3.4 5.5
v 16.6 3.4 5.5
v 16.7 3.4 5.5
v 17.1 3.4 5.5
v 17.2 3.4 5.5
v 17.5 3.4 5.5
v 17.6 3.4 5.5
v 17.9 3.4 5.5
v 15 3.4 4.9
v 15.2 3.4 4.9
v 15.3 3.4 4.9
v 15.5 3.4 4.9
v 15.6 3.4 4.9
v 15.8 3.4 4.9
v 15.9 3.4 4.9
v 16.1 3.4 4.9
v 16.2 3.4 4.9
v 16.3 3.4 4.9
v 16.4 3.4 4.9
v 16.6 3.4 4.9
v 16.7 3.4 4.9
v 17.1 3.4 4.9
v 17.2 3.4 4.9
v 17.5 3.4 4.9
v 17.6 3.4 4.9
v 17.9 3.4 4.9
v 17.2 3.4 4.5
v 17.3 3.4 4.5
v 14.4 3.4 4.3
v 14.5 3.4 4.3
v 14.7 3.4 4.3
v 14.8 3.4 4.3
v 17.1 3.4 4.3
v 17.2 3.4 4.3
v 17.3 3.4 4.3
v 17.2 3.4 4.2
v 17.3 3.4 4.2
v 14.7 3.4 4.1
v 14.8 3.4 4.1
v 17.1 3.4 4.1
v 17.3 3.4 4.1
v 14.5 3.4 4
v 14.7 3.4 4
v 14.4 3.4 3.9
v 14.7 3.4 3.9
v 18.6 3.4 3.6
v 18.9 3.4 3.6
v 18.7 3.4 3.5
v 18.8 3.4 3.5
v 18.6 3.4 3.3
v 18.7 3.4 3.3
v 18.8 3.4 3.3
v 18.7 3.4 3.2
v 18.9 3.4 3.2
v 19.2 3.4 3.2
v 19.5 3.4 3.2
v 19.3 3.4 3.1
v 19.4 3.4 3.1
v 19.2 3.4 3
v 19.3 3.4 3
v 19.3 3.4 2.9
v 19.4 3.4 2.9
v 19.5 3.4 2.9
v 18.3 3.4 1.4
v 18.7 3.4 1.4
v 18.4 3.4 1.3
v 18.6 3.4 1.3
v 17.1 3.4 1.2
v 17.5 3.4 1.2
v 17.2 3.4 1.1
v 17.5 3.4 1.1
v 18.4 3.4 1.1
v 18.6 3.4 1.1
v 18.7 3.4 1.1
v 17.2 3.4 1
v 17.4 3.4 1
v 17.5 3.4 1
v 18.3 3.4 1
v 18.4 3.4 1
v 17.1 3.4 0.9
v 17.4 3.4 0.9
v 18.7 3.5 11
v 19 3.5 11
v 18.8 3.5 10.9
v 18.9 3.5 10.9
v 18.8 3.5 10.8
v 18.9 3.5 10.8
v 19 3.5 10.8
v 18.7 3.5 10.6
v 18.8 3.5 10.6
v 19.7 3.5 10.2
v 19.8 3.5 10.2
v 19.9 3.5 10.2
v 19.5 3.5 10.1
v 19.7 3.5 10.1
v 19.5 3.5 10
v 19.6 3.5 10
v 19.8 3.5 10
v 19.6 3.5 9.9
v 19.9 3.5 9.9
v 17.5 3.5 9.8
v 17.8 3.5 9.8
v 17.6 3.5 9.7
v 17.8 3.5 9.7
v 18.9 3.5 9.7
v 19.1 3.5 9.7
v 17.7 3.5 9.6
v 17.8 3.5 9.6
v 19 3.5 9.6
v 19.1 3.5 9.6
v 17.5 3.5 9.5
v 17.6 3.5 9.5
v 17.7 3.5 9.5
v 18.9 3.5 9.5
v 19 3.5 9.5
v 14.2 3.5 7.7
v 14.3 3.5 7.7
v 15.1 3.5 7.7
v 14.2 3.5 7.6
v 14.3 3.5 7.6
v 15 3.5 7.6
v 15.1 3.5 7.6
v 15 3.5 5.6
v 17.9 3.5 5.6
v 15 3.5 5.5
v 17.9 3.5 5.5
v 15 3.5 4.9
v 17.9 3.5 4.9
v 15 3.5 4.8
v 17.9 3.5 4.8
v 14.2 3.9 7.7
v 14.3 3.9 7.7
v 15.1 3.9 7.7
v 14.2 3.9 7.6
v 14.3 3.9 7.6
v 15 3.9 7.6
v 15.1 3.9 7.6
v 14.2 4.2 7.7
v 14.3 4.2 7.7
v 15.1 4.2 7.7
v 14.2 4.2 7.6
v 14.3 4.2 7.6
v 15 4.2 7.6
v 15.1 4.2 7.6
v 14.2 4.6 7.7
v 14.3 4.6 7.7
v 15.1 4.6 7.7
v 14.2 4.6 7.6
v 14.3 4.6 7.6
v 15 4.6 7.6
v 15.1 4.6 7.6
v 17.2 4.7 11.1
v 17.3 4.7 11.1
v 17.2 4.7 11
v 17.3 4.7 11
v 17.2 4.7 10.8
v 17.3 4.7 10.8
v 17.2 4.7 10.7
v 17.3 4.7 10.7
v 13.4 4.8 8.3
v 13.8 4.8 8.3
v 13.4 4.8 7.7
v 13.8 4.8 7.7
v 13 4.9 7.8
v 13.4 4.9 7.8
v 13.8 4.9 7.8
v 14.1 4.9 7.8
v 13 4.9 7.7
v 13.4 4.9 7.7
v 13.8 4.9 7.7
v 14.1 4.9 7.7
v 17.2 5.1 12.2
v 17.3 5.1 12.2
v 17.2 5.1 11.3
v 17.3 5.1 11.3
v 14.2 5.1 7.7
v 14.3 5.1 7.7
v 15.1 5.1 7.7
v 14.2 5.1 7.6
v 14.3 5.1 7.6
v 15 5.1 7.6
v 15.1 5.1 7.6
v 17.2 5.2 8.7
v 17.3 5.2 8.7
v 17.2 5.2 7.7
v 17.3 5.2 7.7
v 16.6 5.3 12.2
v 17.2 5.3 12.2
v 16.6 5.3 12.1
v 17.2 5.3 12.1
v 12.8 5.3 8.2
v 12.9 5.3 8.2
v 12.8 5.3 7.7
v 12.9 5.3 7.7
v 14.2 5.4 7.7
v 14.3 5.4 7.7
v 15.1 5.4 7.7
v 14.2 5.4 7.6
v 14.3 5.4 7.6
v 15 5.4 7.6
v 15.1 5.4 7.6
v 12.8 5.5 12.1
v 12.9 5.5 12.1
v 12.8 5.5 11.1
v 12.9 5.5 11.1
v 17.1 5.5 8.1
v 17.2 5.5 8.1
v 17.1 5.5 7.7
v 17.2 5.5 7.7
v 12.9 5.6 12.2
v 13 5.6 12.2
v 12.9 5.6 12.1
v 12.9 5.6 12
v 13 5.6 12
v 12.9 5.6 8.2
v 13.4 5.6 8.2
v 13 5.6 7.8
v 13.4 5.6 7.8
v 12.9 5.6 7.7
v 13 5.6 7.7
v 16.7 5.7 7.8
v 17.1 5.7 7.8
v 16.7 5.7 7.7
v 17.1 5.7 7.7
v 17.1 5.8 12.1
v 17.2 5.8 12.1
v 17.1 5.8 11.4
v 17.2 5.8 11.4
v 12.8 5.9 12.2
v 12.9 5.9 12.2
v 13 5.9 12.2
v 13.1 5.9 12.2
v 12.8 5.9 12.1
v 12.9 5.9 12.1
v 12.9 5.9 12
v 13 5.9 12
v 13.1 5.9 11.9
v 13 5.9 11.7
v 13.1 5.9 11.7
v 13 5.9 11.5
v 13.1 5.9 11.5
v 12.9 5.9 11.4
v 13.1 5.9 11.4
v 16.7 5.9 7.9
v 17.1 5.9 7.9
v 16.7 5.9 7.8
v 17.1 5.9 7.8
v 13.1 6 12.2
v 13.5 6 12.2
v 13.5 6 12.1
v 13.6 6 12.1
v 14.1 6 12.1
v 13.5 6 12
v 14.1 6 12
v 13.1 6 11.9
v 13.2 6 11.9
v 13.2 6 11.8
v 13.3 6 11.8
v 13.1 6 11.6
v 13.3 6 11.6
v 13.5 6 11.6
v 14.2 6 7.7
v 14.3 6 7.7
v 14.5 6 7.7
v 15 6 7.7
v 15.1 6 7.7
v 14.2 6 7.6
v 14.3 6 7.6
v 15 6 7.6
v 15.1 6 7.6
v 17.3 6.1 10.1
v 17.4 6.1 10.1
v 17.3 6.1 9.9
v 17.4 6.1 9.9
v 15.6 6.1 8
v 15.8 6.1 8
v 16.1 6.1 8
v 17.1 6.1 8
v 15.7 6.1 7.9
v 15.8 6.1 7.9
v 16.7 6.1 7.9
v 17.1 6.1 7.9
v 15.6 6.1 7.8
v 15.7 6.1 7.8
v 15.6 6.1 7.7
v 16.7 6.1 7.7
v 17 6.2 12.1
v 17.1 6.2 12.1
v 17 6.2 11.4
v 17.1 6.2 11.4
v 17.3 6.2 11.4
v 17 6.2 11.3
v 17.1 6.2 11.3
v 17 6.2 11.2
v 17.1 6.2 11.2
v 17.2 6.2 11.2
v 17.3 6.2 11.2
v 17.4 6.2 11.2
v 17 6.2 11.1
v 17 6.2 11
v 17.2 6.2 11
v 17.4 6.2 11
v 16.4 6.3 12.2
v 16.6 6.3 12.2
v 16.6 6.3 12.1
v 17 6.3 12.1
v 16.4 6.3 11.8
v 17 6.3 11.8
v 16.7 6.3 9.3
v 17.3 6.3 9.3
v 16.7 6.3 9.1
v 17 6.3 9.1
v 17 6.3 9
v 17.1 6.3 9
v 17.1 6.3 8.9
v 17.3 6.3 8.9
v 12.9 6.3 8.5
v 14 6.3 8.5
v 14.2 6.3 8.5
v 13.9 6.3 8.4
v 14 6.3 8.4
v 16.7 6.3 8.4
v 16.8 6.3 8.4
v 13.4 6.3 8.3
v 13.8 6.3 8.3
v 13.9 6.3 8.3
v 14.1 6.3 8.3
v 14.2 6.3 8.3
v 16.8 6.3 8.3
v 17 6.3 8.3
v 12.9 6.3 8.2
v 13.4 6.3 8.2
v 14 6.3 8.2
v 14.1 6.3 8.2
v 17 6.3 8.2
v 17.2 6.3 8.2
v 13.9 6.3 8.1
v 14 6.3 8.1
v 17.1 6.3 8.1
v 17.2 6.3 8.1
v 13.8 6.3 8
v 13.9 6.3 8
v 16.7 6.3 8
v 17.1 6.3 8
v 13.9 6.3 7.8
v 14.2 6.3 7.8
v 13.8 6.3 7.7
v 13.9 6.3 7.7
v 14.2 6.3 7.7
v 14.3 6.3 7.7
v 15 6.3 7.7
v 15.1 6.3 7.7
v 14.2 6.3 7.6
v 14.3 6.3 7.6
v 15 6.3 7.6
v 15.1 6.3 7.6
v 13.5 6.4 12.2
v 16.4 6.4 12.2
v 13.5 6.4 12.1
v 14.1 6.4 12.1
v 13.5 6.4 12
v 14.1 6.4 12
v 15.8 6.4 12
v 16.2 6.4 12
v 16.1 6.4 11.8
v 16.2 6.4 11.8
v 16.4 6.4 11.8
v 17 6.4 11.8
v 15.9 6.4 11.7
v 16.1 6.4 11.7
v 13.1 6.4 11.6
v 13.5 6.4 11.6
v 15.8 6.4 11.6
v 15.9 6.4 11.6
v 12.9 6.4 11.4
v 13.1 6.4 11.4
v 14.1 6.4 11.4
v 14.2 6.4 11.4
v 13.9 6.4 11.3
v 14.1 6.4 11.3
v 13.8 6.4 11.2
v 13.9 6.4 11.2
v 12.8 6.4 11.1
v 12.9 6.4 11.1
v 17 6.4 11
v 17.4 6.4 11
v 13.8 6.4 10.9
v 14.2 6.4 10.9
v 16.9 6.4 10.8
v 17.1 6.4 10.8
v 16.9 6.4 10.7
v 16.9 6.4 10.6
v 17 6.4 10.5
v 17.1 6.4 10.5
v 16.9 6.4 10.4
v 17 6.4 10.4
v 14.5 6.4 9.4
v 14.9 6.4 9.4
v 16.7 6.4 9.3
v 17.4 6.4 9.3
v 14.8 6.4 9.1
v 14.9 6.4 9.1
v 16.7 6.4 9.1
v 17 6.4 9.1
v 14.5 6.4 9
v 14.8 6.4 9
v 17 6.4 9
v 17.1 6.4 9
v 17.1 6.4 8.9
v 17.3 6.4 8.9
v 16.2 6.4 8.7
v 16.3 6.4 8.7
v 16.1 6.4 8.6
v 16.2 6.4 8.6
v 12.9 6.4 8.5
v 14.2 6.4 8.5
v 16.3 6.4 8.5
v 16.1 6.4 8.4
v 16.2 6.4 8.4
v 16.3 6.4 8.4
v 16.7 6.4 8.4
v 16.8 6.4 8.4
v 16.8 6.4 8.3
v 17 6.4 8.3
v 12.8 6.4 8.2
v 12.9 6.4 8.2
v 17 6.4 8.2
v 17.3 6.4 8.2
v 15.6 6.4 8
v 16.7 6.4 8
v 13.9 6.4 7.8
v 14.2 6.4 7.8
v 13.9 6.4 7.7
v 14.2 6.4 7.7
v 14.3 6.4 7.7
v 15.1 6.4 7.7
v 15.6 6.4 7.7
v 15.8 6.5 12
v 16.2 6.5 12
v 15.9 6.5 11.9
v 16.1 6.5 11.9
v 16.1 6.5 11.8
v 16.2 6.5 11.8
v 15.9 6.5 11.7
v 16.1 6.5 11.7
v 15.8 6.5 11.6
v 15.9 6.5 11.6
v 14.1 6.5 11.4
v 14.2 6.5 11.4
v 13.9 6.5 11.3
v 14.1 6.5 11.3
v 13.8 6.5 11.2
v 13.9 6.5 11.2
v 13.9 6.5 11
v 14.1 6.5 11
v 13.8 6.5 10.9
v 14.2 6.5 10.9
v 16.9 6.5 10.8
v 17.1 6.5 10.8
v 16.9 6.5 10.7
v 17 6.5 10.7
v 16.9 6.5 10.6
v 17 6.5 10.6
v 17 6.5 10.5
v 17.1 6.5 10.5
v 16.9 6.5 10.4
v 17 6.5 10.4
v 14.5 6.5 9.4
v 14.9 6.5 9.4
v 14.6 6.5 9.3
v 14.8 6.5 9.3
v 14.6 6.5 9.1
v 14.8 6.5 9.1
v 14.9 6.5 9.1
v 14.5 6.5 9
v 14.8 6.5 9
v 16.2 6.5 8.7
v 16.3 6.5 8.7
v 16.1 6.5 8.6
v 16.2 6.5 8.6
v 16.2 6.5 8.5
v 16.3 6.5 8.5
v 16.1 6.5 8.4
v 16.2 6.5 8.4
v 16.3 6.5 8.4
v 14.2 6.6 7.7
v 14.3 6.6 7.7
v 15.1 6.6 7.7
v 14.2 6.6 7.6
v 14.3 6.6 7.6
v 15 6.6 7.6
v 14.2 6.6 7.5
v 14.3 6.6 7.5
v 15 6.6 7.5
v 15.1 6.6 7.5

# faces
f 3/8/1 2/8/1 1/8/1
f 4/8/1 2/8/1 3/8/1
f 5/8/1 2/8/1 4/8/1
f 6/8/1 2/8/1 5/8/1
f 7/8/1 2/8/1 6/8/1
f 8/8/1 2/8/1 7/8/1
f 9/8/1 2/8/1 8/8/1
f 10/8/1 8/8/1 7/8/1
f 11/2/1 9/2/1 8/2/1
f 11/8/1 8/8/1 10/8/1
f 12/1/1 6/1/1 5/1/1
f 13/1/1 6/1/1 12/1/1
f 14/1/1 6/1/1 13/1/1
f 15/1/1 6/1/1 14/1/1
f 16/8/1 3/8/1 1/8/1
f 17/1/1 4/1/1 3/1/1
f 17/8/1 3/8/1 16/8/1
f 18/1/1 6/1/1 15/1/1
f 19/1/1 6/1/1 18/1/1
f 20/1/1 4/1/1 17/1/1
f 20/8/1 5/8/1 4/8/1
f 20/1/1 17/1/1 16/1/1
f 21/8/1 5/8/1 20/8/1
f 22/2/1 11/2/1 10/2/1
f 23/2/1 9/2/1 11/2/1
f 23/2/1 11/2/1 22/2/1
f 24/8/1 5/8/1 21/8/1
f 24/1/1 21/1/1 20/1/1
f 25/1/1 12/1/1 5/1/1
f 25/8/1 5/8/1 24/8/1
f 26/8/1 13/8/1 12/8/1
f 26/1/1 12/1/1 25/1/1
f 27/1/1 14/1/1 13/1/1
f 27/8/1 13/8/1 26/8/1
f 28/8/1 15/8/1 14/8/1
f 28/1/1 14/1/1 27/1/1
f 29/1/1 18/1/1 15/1/1
f 29/8/1 15/8/1 28/8/1
f 30/8/1 19/8/1 18/8/1
f 30/1/1 18/1/1 29/1/1
f 31/1/1 6/1/1 19/1/1
f 31/8/1 19/8/1 30/8/1
f 32/1/1 30/1/1 29/1/1
f 32/1/1 29/1/1 28/1/1
f 32/1/1 31/1/1 30/1/1
f 32/1/1 20/1/1 16/1/1
f 32/1/1 28/1/1 27/1/1
f 32/1/1 27/1/1 26/1/1
f 32/1/1 26/1/1 25/1/1
f 32/1/1 25/1/1 24/1/1
f 32/1/1 24/1/1 20/1/1
f 33/1/1 31/1/1 32/1/1
f 34/1/1 31/1/1 33/1/1
f 35/1/1 31/1/1 34/1/1
f 36/1/1 31/1/1 35/1/1
f 37/1/1 6/1/1 31/1/1
f 37/1/1 31/1/1 36/1/1
f 38/8/1 33/8/1 32/8/1
f 38/1/1 34/1/1 33/1/1
f 39/8/1 35/8/1 34/8/1
f 39/1/1 34/1/1 38/1/1
f 40/8/1 35/8/1 39/8/1
f 41/1/1 36/1/1 35/1/1
f 41/8/1 35/8/1 40/8/1
f 42/1/1 36/1/1 41/1/1
f 43/8/1 37/8/1 36/8/1
f 43/1/1 36/1/1 42/1/1
f 44/8/1 40/8/1 39/8/1
f 44/8/1 38/8/1 32/8/1
f 44/8/1 39/8/1 38/8/1
f 45/8/1 40/8/1 44/8/1
f 46/8/1 44/8/1 32/8/1
f 46/1/1 45/1/1 44/1/1
f 47/8/1 40/8/1 45/8/1
f 47/1/1 45/1/1 46/1/1
f 48/8/1 40/8/1 47/8/1
f 49/8/1 40/8/1 48/8/1
f 50/8/1 47/8/1 46/8/1
f 50/8/1 48/8/1 47/8/1
f 50/1/1 49/1/1 48/1/1
f 51/8/1 40/8/1 49/8/1
f 51/1/1 49/1/1 50/1/1
f 52/8/1 46/8/1 32/8/1
f 52/8/1 50/8/1 46/8/1
f 52/8/1 51/8/1 50/8/1
f 53/1/1 42/1/1 41/1/1
f 53/8/1 51/8/1 52/8/1
f 53/1/1 41/1/1 40/1/1
f 53/8/1 40/8/1 51/8/1
f 54/8/1 43/8/1 42/8/1
f 54/1/1 42/1/1 53/1/1
f 55/8/1 37/8/1 43/8/1
f 55/8/1 43/8/1 54/8/1
f 56/1/1 54/1/1 53/1/1
f 56/1/1 53/1/1 52/1/1
f 56/1/1 55/1/1 54/1/1
f 57/1/1 55/1/1 56/1/1
f 58/1/1 56/1/1 52/1/1
f 59/1/1 56/1/1 58/1/1
f 60/8/1 59/8/1 58/8/1
f 60/1/1 56/1/1 59/1/1
f 61/1/1 56/1/1 60/1/1
f 62/1/1 55/1/1 57/1/1
f 63/1/1 55/1/1 62/1/1
f 64/1/1 55/1/1 63/1/1
f 65/1/1 55/1/1 64/1/1
f 66/1/1 56/1/1 61/1/1
f 66/8/1 57/8/1 56/8/1
f 67/1/1 62/1/1 57/1/1
f 67/8/1 57/8/1 66/8/1
f 68/1/1 67/1/1 66/1/1
f 69/1/1 62/1/1 67/1/1
f 69/1/1 67/1/1 68/1/1
f 70/8/1 63/8/1 62/8/1
f 70/1/1 62/1/1 69/1/1
f 71/1/1 64/1/1 63/1/1
f 71/8/1 63/8/1 70/8/1
f 72/8/1 69/8/1 68/8/1
f 72/1/1 68/1/1 66/1/1
f 73/1/1 70/1/1 69/1/1
f 73/8/1 69/8/1 72/8/1
f 73/1/1 71/1/1 70/1/1
f 74/8/1 60/8/1 58/8/1
f 74/8/1 61/8/1 60/8/1
f 75/1/1 72/1/1 66/1/1
f 75/8/1 61/8/1 74/8/1
f 75/1/1 73/1/1 72/1/1
f 75/1/1 66/1/1 61/1/1
f 76/1/1 75/1/1 74/1/1
f 76/1/1 73/1/1 75/1/1
f 77/1/1 73/1/1 76/1/1
f 78/1/1 71/1/1 73/1/1
f 78/1/1 73/1/1 77/1/1
f 79/1/1 71/1/1 78/1/1
f 80/1/1 64/1/1 71/1/1
f 80/1/1 71/1/1 79/1/1
f 81/1/1 64/1/1 80/1/1
f 82/3/1 77/3/1 76/3/1
f 82/1/1 78/1/1 77/1/1
f 83/1/1 78/1/1 82/1/1
f 84/3/1 79/3/1 78/3/1
f 84/1/1 80/1/1 79/1/1
f 85/1/1 80/1/1 84/1/1
f 86/1/1 80/1/1 85/1/1
f 87/3/1 81/3/1 80/3/1
f 87/1/1 80/1/1 86/1/1
f 88/1/1 64/1/1 81/1/1
f 88/3/1 81/3/1 87/3/1
f 89/1/1 64/1/1 88/1/1
f 90/1/1 64/1/1 89/1/1
f 91/1/1 78/1/1 83/1/1
f 91/3/1 83/3/1 82/3/1
f 92/1/1 78/1/1 91/1/1
f 93/1/1 78/1/1 92/1/1
f 94/3/1 84/3/1 78/3/1
f 94/1/1 78/1/1 93/1/1
f 94/3/1 85/3/1 84/3/1
f 95/1/1 86/1/1 85/1/1
f 95/3/1 85/3/1 94/3/1
f 96/1/1 86/1/1 95/1/1
f 97/1/1 86/1/1 96/1/1
f 98/3/1 87/3/1 86/3/1
f 98/1/1 86/1/1 97/1/1
f 98/3/1 89/3/1 88/3/1
f 98/3/1 88/3/1 87/3/1
f 99/1/1 76/1/1 74/1/1
f 99/3/1 82/3/1 76/3/1
f 99/3/1 92/3/1 91/3/1
f 99/3/1 91/3/1 82/3/1
f 100/3/1 92/3/1 99/3/1
f 101/1/1 93/1/1 92/1/1
f 101/3/1 92/3/1 100/3/1
f 102/3/1 94/3/1 93/3/1
f 102/1/1 93/1/1 101/1/1
f 102/3/1 96/3/1 95/3/1
f 102/3/1 95/3/1 94/3/1
f 103/1/1 97/1/1 96/1/1
f 103/3/1 96/3/1 102/3/1
f 104/3/1 98/3/1 97/3/1
f 104/1/1 97/1/1 103/1/1
f 105/3/1 102/3/1 101/3/1
f 105/3/1 101/3/1 100/3/1
f 105/3/1 104/3/1 103/3/1
f 105/1/1 100/1/1 99/1/1
f 105/3/1 103/3/1 102/3/1
f 106/3/1 104/3/1 105/3/1
f 107/3/1 98/3/1 104/3/1
f 107/3/1 104/3/1 106/3/1
f 107/3/1 89/3/1 98/3/1
f 108/8/1 74/8/1 58/8/1
f 108/1/1 58/1/1 52/1/1
f 109/1/1 99/1/1 74/1/1
f 109/8/1 74/8/1 108/8/1
f 109/1/1 106/1/1 105/1/1
f 109/1/1 105/1/1 99/1/1
f 110/1/1 108/1/1 52/1/1
f 110/1/1 109/1/1 108/1/1
f 111/1/1 106/1/1 109/1/1
f 111/1/1 109/1/1 110/1/1
f 112/1/1 106/1/1 111/1/1
f 113/1/1 106/1/1 112/1/1
f 114/8/1 111/8/1 110/8/1
f 115/1/1 112/1/1 111/1/1
f 115/8/1 111/8/1 114/8/1
f 116/1/1 112/1/1 115/1/1
f 117/8/1 113/8/1 112/8/1
f 117/1/1 112/1/1 116/1/1
f 118/8/1 114/8/1 110/8/1
f 119/8/1 114/8/1 118/8/1
f 120/8/1 118/8/1 110/8/1
f 120/1/1 119/1/1 118/1/1
f 121/8/1 114/8/1 119/8/1
f 121/1/1 119/1/1 120/1/1
f 122/1/1 116/1/1 115/1/1
f 122/8/1 114/8/1 121/8/1
f 122/1/1 115/1/1 114/1/1
f 123/8/1 117/8/1 116/8/1
f 123/1/1 116/1/1 122/1/1
f 124/8/1 113/8/1 117/8/1
f 124/8/1 117/8/1 123/8/1
f 124/8/1 123/8/1 122/8/1
f 124/8/1 122/8/1 121/8/1
f 124/8/1 121/8/1 120/8/1
f 125/8/1 113/8/1 124/8/1
f 126/8/1 120/8/1 110/8/1
f 126/8/1 124/8/1 120/8/1
f 127/1/1 125/1/1 124/1/1
f 127/8/1 124/8/1 126/8/1
f 128/1/1 127/1/1 126/1/1
f 129/1/1 125/1/1 127/1/1
f 129/1/1 127/1/1 128/1/1
f 130/1/1 128/1/1 126/1/1
f 130/8/1 129/8/1 128/8/1
f 131/8/1 129/8/1 130/8/1
f 132/1/1 131/1/1 130/1/1
f 133/1/1 131/1/1 132/1/1
f 134/1/1 130/1/1 126/1/1
f 134/1/1 132/1/1 130/1/1
f 135/1/1 132/1/1 134/1/1
f 136/1/1 134/1/1 126/1/1
f 137/1/1 134/1/1 136/1/1
f 138/3/1 135/3/1 134/3/1
f 138/1/1 134/1/1 137/1/1
f 139/3/1 135/3/1 138/3/1
f 140/1/1 132/1/1 135/1/1
f 140/3/1 135/3/1 139/3/1
f 141/1/1 132/1/1 140/1/1
f 142/1/1 139/1/1 138/1/1
f 142/1/1 138/1/1 137/1/1
f 143/3/1 141/3/1 140/3/1
f 143/1/1 139/1/1 142/1/1
f 143/3/1 140/3/1 139/3/1
f 144/1/1 132/1/1 141/1/1
f 144/3/1 141/3/1 143/3/1
f 145/1/1 132/1/1 144/1/1
f 146/3/1 143/3/1 142/3/1
f 146/1/1 132/1/1 145/1/1
f 146/3/1 145/3/1 144/3/1
f 146/3/1 144/3/1 143/3/1
f 147/1/1 132/1/1 146/1/1
f 148/1/1 142/1/1 137/1/1
f 149/3/1 146/3/1 142/3/1
f 149/1/1 142/1/1 148/1/1
f 149/3/1 147/3/1 146/3/1
f 150/1/1 132/1/1 147/1/1
f 150/3/1 147/3/1 149/3/1
f 151/1/1 132/1/1 150/1/1
f 152/1/1 136/1/1 126/1/1
f 153/1/1 136/1/1 152/1/1
f 154/1/1 148/1/1 137/1/1
f 155/3/1 149/3/1 148/3/1
f 155/1/1 148/1/1 154/1/1
f 155/3/1 150/3/1 149/3/1
f 155/3/1 151/3/1 150/3/1
f 156/1/1 132/1/1 151/1/1
f 156/3/1 151/3/1 155/3/1
f 157/1/1 132/1/1 156/1/1
f 158/1/1 132/1/1 157/1/1
f 159/1/1 132/1/1 158/1/1
f 160/1/1 154/1/1 137/1/1
f 161/3/1 155/3/1 154/3/1
f 161/1/1 154/1/1 160/1/1
f 161/3/1 156/3/1 155/3/1
f 161/3/1 157/3/1 156/3/1
f 162/1/1 158/1/1 157/1/1
f 162/3/1 157/3/1 161/3/1
f 163/1/1 158/1/1 162/1/1
f 164/1/1 160/1/1 137/1/1
f 165/3/1 161/3/1 160/3/1
f 165/1/1 160/1/1 164/1/1
f 165/3/1 162/3/1 161/3/1
f 165/3/1 163/3/1 162/3/1
f 166/1/1 158/1/1 163/1/1
f 166/3/1 163/3/1 165/3/1
f 167/1/1 158/1/1 166/1/1
f 168/3/1 165/3/1 164/3/1
f 168/1/1 158/1/1 167/1/1
f 168/3/1 167/3/1 166/3/1
f 168/3/1 166/3/1 165/3/1
f 169/1/1 158/1/1 168/1/1
f 170/3/1 169/3/1 168/3/1
f 170/1/1 158/1/1 169/1/1
f 171/3/1 159/3/1 158/3/1
f 171/1/1 158/1/1 170/1/1
f 172/3/1 170/3/1 168/3/1
f 172/3/1 168/3/1 164/3/1
f 172/3/1 171/3/1 170/3/1
f 173/3/1 159/3/1 171/3/1
f 173/3/1 171/3/1 172/3/1
f 176/1/1 175/1/1 174/1/1
f 177/1/1 175/1/1 176/1/1
f 178/1/1 176/1/1 174/1/1
f 179/1/1 176/1/1 178/1/1
f 180/1/1 178/1/1 174/1/1
f 181/1/1 178/1/1 180/1/1
f 186/1/1 185/1/1 184/1/1
f 187/1/1 185/1/1 186/1/1
f 188/1/1 183/1/1 182/1/1
f 189/1/1 183/1/1 188/1/1
f 190/1/1 185/1/1 187/1/1
f 191/1/1 185/1/1 190/1/1
f 192/1/1 185/1/1 191/1/1
f 193/1/1 185/1/1 192/1/1
f 194/1/1 192/1/1 191/1/1
f 195/3/1 193/3/1 192/3/1
f 195/1/1 192/1/1 194/1/1
f 196/3/1 195/3/1 194/3/1
f 197/3/1 193/3/1 195/3/1
f 197/3/1 195/3/1 196/3/1
f 200/1/1 199/1/1 198/1/1
f 201/1/1 199/1/1 200/1/1
f 204/12/1 203/12/1 202/12/1
f 205/12/1 203/12/1 204/12/1
f 211/1/1 207/1/1 206/1/1
f 212/3/1 208/3/1 207/3/1
f 212/1/1 207/1/1 211/1/1
f 212/3/1 209/3/1 208/3/1
f 213/3/1 209/3/1 212/3/1
f 214/1/1 210/1/1 209/1/1
f 214/3/1 209/3/1 213/3/1
f 215/1/1 210/1/1 214/1/1
f 216/3/1 214/3/1 213/3/1
f 216/3/1 215/3/1 214/3/1
f 217/3/1 215/3/1 216/3/1
f 220/6/1 219/6/1 218/6/1
f 221/6/1 219/6/1 220/6/1
f 224/1/1 223/1/1 222/1/1
f 225/1/1 223/1/1 224/1/1
f 226/1/1 223/1/1 225/1/1
f 229/6/1 228/6/1 227/6/1
f 230/6/1 228/6/1 229/6/1
f 237/3/1 232/3/1 231/3/1
f 238/3/1 232/3/1 237/3/1
f 239/3/1 234/3/1 233/3/1
f 240/3/1 236/3/1 235/3/1
f 241/3/1 236/3/1 240/3/1
f 242/3/1 239/3/1 238/3/1
f 242/3/1 238/3/1 237/3/1
f 243/3/1 234/3/1 239/3/1
f 243/3/1 239/3/1 242/3/1
f 244/3/1 240/3/1 235/3/1
f 245/3/1 240/3/1 244/3/1
f 248/12/1 247/12/1 246/12/1
f 249/12/1 247/12/1 248/12/1
f 252/3/1 251/3/1 250/3/1
f 253/3/1 251/3/1 252/3/1
f 258/1/1 257/1/1 256/1/1
f 259/1/1 257/1/1 258/1/1
f 260/1/1 258/1/1 256/1/1
f 261/3/1 259/3/1 258/3/1
f 261/1/1 258/1/1 260/1/1
f 262/1/1 260/1/1 256/1/1
f 263/3/1 261/3/1 260/3/1
f 263/1/1 260/1/1 262/1/1
f 264/3/1 255/3/1 254/3/1
f 265/3/1 255/3/1 264/3/1
f 266/3/1 263/3/1 262/3/1
f 267/3/1 261/3/1 263/3/1
f 267/3/1 263/3/1 266/3/1
f 267/3/1 259/3/1 261/3/1
f 270/3/1 269/3/1 268/3/1
f 271/3/1 269/3/1 270/3/1
f 274/3/1 273/3/1 272/3/1
f 275/3/1 273/3/1 274/3/1
f 278/1/1 277/1/1 276/1/1
f 279/1/1 277/1/1 278/1/1
f 280/1/1 278/1/1 276/1/1
f 281/1/1 278/1/1 280/1/1
f 282/1/1 278/1/1 281/1/1
f 284/3/1 281/3/1 280/3/1
f 285/1/1 283/1/1 282/1/1
f 285/3/1 281/3/1 284/3/1
f 285/1/1 282/1/1 281/1/1
f 286/1/1 283/1/1 285/1/1
f 289/12/1 288/12/1 287/12/1
f 290/12/1 288/12/1 289/12/1
f 295/3/1 292/3/1 291/3/1
f 296/3/1 292/3/1 295/3/1
f 297/4/1 294/4/1 293/4/1
f 298/4/1 294/4/1 297/4/1
f 303/1/1 300/1/1 299/1/1
f 304/1/1 300/1/1 303/1/1
f 305/1/1 302/1/1 301/1/1
f 306/1/1 302/1/1 305/1/1
f 307/3/1 306/3/1 305/3/1
f 308/3/1 306/3/1 307/3/1
f 311/12/1 310/12/1 309/12/1
f 312/12/1 310/12/1 311/12/1
f 316/1/1 314/1/1 313/1/1
f 317/10/1 315/10/1 314/10/1
f 317/1/1 314/1/1 316/1/1
f 319/10/1 315/10/1 317/10/1
f 320/1/1 319/1/1 318/1/1
f 321/10/1 315/10/1 319/10/1
f 321/1/1 319/1/1 320/1/1
f 323/10/1 315/10/1 321/10/1
f 324/1/1 323/1/1 322/1/1
f 325/10/1 315/10/1 323/10/1
f 325/1/1 323/1/1 324/1/1
f 327/10/1 315/10/1 325/10/1
f 328/1/1 327/1/1 326/1/1
f 329/10/1 315/10/1 327/10/1
f 329/1/1 327/1/1 328/1/1
f 331/10/1 315/10/1 329/10/1
f 332/1/1 331/1/1 330/1/1
f 333/10/1 315/10/1 331/10/1
f 333/1/1 331/1/1 332/1/1
f 335/10/1 315/10/1 333/10/1
f 336/1/1 335/1/1 334/1/1
f 337/10/1 315/10/1 335/10/1
f 337/1/1 335/1/1 336/1/1
f 339/10/1 315/10/1 337/10/1
f 340/1/1 339/1/1 338/1/1
f 341/10/1 315/10/1 339/10/1
f 341/1/1 339/1/1 340/1/1
f 343/10/1 315/10/1 341/10/1
f 347/1/1 343/1/1 342/1/1
f 348/10/1 315/10/1 343/10/1
f 348/1/1 343/1/1 347/1/1
f 349/3/1 346/3/1 345/3/1
f 349/3/1 345/3/1 344/3/1
f 350/3/1 346/3/1 349/3/1
f 352/10/1 315/10/1 348/10/1
f 353/1/1 352/1/1 351/1/1
f 354/10/1 315/10/1 352/10/1
f 354/1/1 352/1/1 353/1/1
f 355/10/1 315/10/1 354/10/1
f 358/12/1 357/12/1 356/12/1
f 359/12/1 357/12/1 358/12/1
f 362/3/1 361/3/1 360/3/1
f 363/3/1 361/3/1 362/3/1
f 366/12/1 365/12/1 364/12/1
f 367/12/1 365/12/1 366/12/1
f 370/3/1 369/3/1 368/3/1
f 371/3/1 369/3/1 370/3/1
f 374/3/1 373/3/1 372/3/1
f 375/3/1 373/3/1 374/3/1
f 380/10/1 379/10/1 378/10/1
f 381/10/1 379/10/1 380/10/1
f 382/10/1 377/10/1 376/10/1
f 383/10/1 380/10/1 378/10/1
f 384/10/1 380/10/1 383/10/1
f 385/10/1 379/10/1 381/10/1
f 386/10/1 379/10/1 385/10/1
f 387/10/1 377/10/1 382/10/1
f 388/10/1 377/10/1 387/10/1
f 389/10/1 377/10/1 388/10/1
f 390/10/1 377/10/1 389/10/1
f 391/10/1 377/10/1 390/10/1
f 392/10/1 377/10/1 391/10/1
f 393/10/1 377/10/1 392/10/1
f 394/10/1 377/10/1 393/10/1
f 395/10/1 377/10/1 394/10/1
f 396/10/1 377/10/1 395/10/1
f 397/10/1 377/10/1 396/10/1
f 398/10/1 377/10/1 397/10/1
f 399/10/1 377/10/1 398/10/1
f 400/10/1 377/10/1 399/10/1
f 401/10/1 377/10/1 400/10/1
f 402/10/1 377/10/1 401/10/1
f 403/10/1 377/10/1 402/10/1
f 406/10/1 405/10/1 404/10/1
f 407/10/1 405/10/1 406/10/1
f 408/10/1 405/10/1 407/10/1
f 409/10/1 405/10/1 408/10/1
f 412/12/1 411/12/1 410/12/1
f 413/12/1 411/12/1 412/12/1
f 416/7/1 415/7/1 414/7/1
f 417/7/1 415/7/1 416/7/1
f 420/1/1 419/1/1 418/1/1
f 421/1/1 419/1/1 420/1/1
f 426/3/1 421/3/1 420/3/1
f 427/3/1 421/3/1 426/3/1
f 428/12/1 423/12/1 422/12/1
f 429/12/1 423/12/1 428/12/1
f 430/10/1 425/10/1 424/10/1
f 431/10/1 425/10/1 430/10/1
f 432/10/1 425/10/1 431/10/1
f 433/10/1 425/10/1 432/10/1
f 436/3/1 435/3/1 434/3/1
f 440/3/1 435/3/1 436/3/1
f 441/3/1 435/3/1 440/3/1
f 442/12/1 438/12/1 437/12/1
f 443/7/1 439/7/1 438/7/1
f 443/12/1 438/12/1 442/12/1
f 444/7/1 439/7/1 443/7/1
f 447/2/1 446/2/1 445/2/1
f 448/2/1 446/2/1 447/2/1
f 451/12/1 450/12/1 449/12/1
f 452/12/1 450/12/1 451/12/1
f 455/10/1 454/10/1 453/10/1
f 456/10/1 454/10/1 455/10/1
f 457/10/1 454/10/1 456/10/1
f 458/10/1 454/10/1 457/10/1
f 461/12/1 460/12/1 459/12/1
f 462/12/1 460/12/1 461/12/1
f 465/10/1 464/10/1 463/10/1
f 466/10/1 464/10/1 465/10/1
f 467/10/1 464/10/1 466/10/1
f 468/10/1 464/10/1 467/10/1
f 471/12/1 470/12/1 469/12/1
f 472/12/1 470/12/1 471/12/1
f 475/10/1 474/10/1 473/10/1
f 476/10/1 474/10/1 475/10/1
f 477/10/1 474/10/1 476/10/1
f 478/10/1 474/10/1 477/10/1
f 481/10/1 480/10/1 479/10/1
f 482/10/1 480/10/1 481/10/1
f 483/10/1 480/10/1 482/10/1
f 484/10/1 480/10/1 483/10/1
f 487/3/1 486/3/1 485/3/1
f 488/3/1 486/3/1 487/3/1
f 492/3/1 490/3/1 489/3/1
f 496/3/1 492/3/1 491/3/1
f 498/3/1 494/3/1 493/3/1
f 499/3/1 494/3/1 498/3/1
f 502/3/1 496/3/1 495/3/1
f 503/3/1 490/3/1 492/3/1
f 503/3/1 492/3/1 496/3/1
f 503/3/1 496/3/1 502/3/1
f 506/3/1 500/3/1 499/3/1
f 506/3/1 498/3/1 497/3/1
f 506/3/1 499/3/1 498/3/1
f 507/3/1 500/3/1 506/3/1
f 510/3/1 502/3/1 501/3/1
f 510/3/1 504/3/1 503/3/1
f 510/3/1 503/3/1 502/3/1
f 511/3/1 504/3/1 510/3/1
f 514/3/1 508/3/1 507/3/1
f 514/3/1 507/3/1 506/3/1
f 514/3/1 506/3/1 505/3/1
f 515/3/1 508/3/1 514/3/1
f 516/3/1 512/3/1 511/3/1
f 516/3/1 511/3/1 510/3/1
f 516/3/1 510/3/1 509/3/1
f 517/3/1 515/3/1 514/3/1
f 517/3/1 516/3/1 515/3/1
f 517/3/1 514/3/1 513/3/1
f 518/3/1 512/3/1 516/3/1
f 518/3/1 516/3/1 517/3/1
f 523/12/1 520/12/1 519/12/1
f 524/5/1 521/5/1 520/5/1
f 524/12/1 520/12/1 523/12/1
f 525/12/1 522/12/1 521/12/1
f 525/5/1 521/5/1 524/5/1
f 526/12/1 522/12/1 525/12/1
f 531/1/1 530/1/1 529/1/1
f 532/1/1 530/1/1 531/1/1
f 533/1/1 530/1/1 532/1/1
f 534/1/1 528/1/1 527/1/1
f 535/1/1 528/1/1 534/1/1
f 537/8/1 533/8/1 532/8/1
f 538/1/1 536/1/1 535/1/1
f 538/8/1 537/8/1 536/8/1
f 538/1/1 535/1/1 534/1/1
f 539/8/1 533/8/1 537/8/1
f 539/8/1 537/8/1 538/8/1
f 540/1/1 538/1/1 534/1/1
f 540/1/1 539/1/1 538/1/1
f 541/1/1 539/1/1 540/1/1
f 542/8/1 541/8/1 540/8/1
f 543/8/1 541/8/1 542/8/1
f 544/1/1 543/1/1 542/1/1
f 545/1/1 543/1/1 544/1/1
f 546/1/1 543/1/1 545/1/1
f 547/1/1 543/1/1 546/1/1
f 548/1/1 544/1/1 542/1/1
f 549/1/1 544/1/1 548/1/1
f 550/8/1 547/8/1 546/8/1
f 550/1/1 546/1/1 545/1/1
f 551/1/1 543/1/1 547/1/1
f 551/8/1 547/8/1 550/8/1
f 552/1/1 543/1/1 551/1/1
f 553/1/1 543/1/1 552/1/1
f 554/1/1 550/1/1 545/1/1
f 554/1/1 551/1/1 550/1/1
f 554/1/1 552/1/1 551/1/1
f 555/1/1 552/1/1 554/1/1
f 556/1/1 552/1/1 555/1/1
f 557/1/1 552/1/1 556/1/1
f 558/1/1 543/1/1 553/1/1
f 559/1/1 543/1/1 558/1/1
f 560/1/1 554/1/1 545/1/1
f 560/8/1 555/8/1 554/8/1
f 561/1/1 556/1/1 555/1/1
f 561/8/1 555/8/1 560/8/1
f 562/1/1 558/1/1 553/1/1
f 563/1/1 558/1/1 562/1/1
f 564/1/1 543/1/1 559/1/1
f 565/1/1 543/1/1 564/1/1
f 566/1/1 548/1/1 542/1/1
f 567/1/1 548/1/1 566/1/1
f 568/1/1 562/1/1 553/1/1
f 569/1/1 562/1/1 568/1/1
f 570/1/1 556/1/1 561/1/1
f 570/1/1 561/1/1 560/1/1
f 571/1/1 556/1/1 570/1/1
f 572/8/1 557/8/1 556/8/1
f 572/1/1 556/1/1 571/1/1
f 573/1/1 552/1/1 557/1/1
f 573/8/1 557/8/1 572/8/1
f 574/8/1 553/8/1 552/8/1
f 574/1/1 568/1/1 553/1/1
f 575/1/1 568/1/1 574/1/1
f 576/1/1 570/1/1 560/1/1
f 577/1/1 570/1/1 576/1/1
f 578/1/1 572/1/1 571/1/1
f 578/1/1 573/1/1 572/1/1
f 579/1/1 573/1/1 578/1/1
f 580/1/1 552/1/1 573/1/1
f 580/1/1 573/1/1 579/1/1
f 580/8/1 574/8/1 552/8/1
f 581/8/1 574/8/1 580/8/1
f 582/8/1 574/8/1 581/8/1
f 583/1/1 558/1/1 563/1/1
f 584/1/1 558/1/1 583/1/1
f 585/1/1 560/1/1 545/1/1
f 585/1/1 576/1/1 560/1/1
f 586/1/1 576/1/1 585/1/1
f 587/1/1 581/1/1 580/1/1
f 587/1/1 580/1/1 579/1/1
f 588/1/1 581/1/1 587/1/1
f 589/1/1 581/1/1 588/1/1
f 590/1/1 581/1/1 589/1/1
f 591/1/1 558/1/1 584/1/1
f 592/1/1 558/1/1 591/1/1
f 593/1/1 585/1/1 545/1/1
f 594/1/1 585/1/1 593/1/1
f 595/1/1 589/1/1 588/1/1
f 596/1/1 589/1/1 595/1/1
f 597/1/1 558/1/1 592/1/1
f 598/1/1 558/1/1 597/1/1
f 599/1/1 593/1/1 545/1/1
f 600/1/1 593/1/1 599/1/1
f 603/3/1 602/3/1 601/3/1
f 604/3/1 602/3/1 603/3/1
f 608/1/1 606/1/1 605/1/1
f 609/1/1 608/1/1 607/1/1
f 610/1/1 608/1/1 609/1/1
f 611/1/1 608/1/1 610/1/1
f 612/1/1 608/1/1 611/1/1
f 613/1/1 606/1/1 608/1/1
f 613/1/1 608/1/1 612/1/1
f 614/3/1 613/3/1 612/3/1
f 615/3/1 613/3/1 614/3/1
f 620/12/1 617/12/1 616/12/1
f 621/12/1 617/12/1 620/12/1
f 622/12/1 619/12/1 618/12/1
f 623/12/1 619/12/1 622/12/1
f 626/1/1 625/1/1 624/1/1
f 627/1/1 625/1/1 626/1/1
f 628/1/1 626/1/1 624/1/1
f 632/1/1 628/1/1 624/1/1
f 632/1/1 629/1/1 628/1/1
f 633/1/1 629/1/1 632/1/1
f 639/3/1 631/3/1 630/3/1
f 640/3/1 631/3/1 639/3/1
f 641/10/1 635/10/1 634/10/1
f 641/10/1 636/10/1 635/10/1
f 642/10/1 636/10/1 641/10/1
f 643/10/1 636/10/1 642/10/1
f 644/10/1 636/10/1 643/10/1
f 645/12/1 638/12/1 637/12/1
f 646/12/1 638/12/1 645/12/1
f 649/1/1 648/1/1 647/1/1
f 650/1/1 648/1/1 649/1/1
f 653/3/1 652/3/1 651/3/1
f 654/3/1 652/3/1 653/3/1
f 658/1/1 656/1/1 655/1/1
f 659/1/1 656/1/1 658/1/1
f 662/3/1 658/3/1 657/3/1
f 662/3/1 659/3/1 658/3/1
f 663/3/1 659/3/1 662/3/1
f 664/3/1 659/3/1 663/3/1
f 665/3/1 661/3/1 660/3/1
f 666/3/1 661/3/1 665/3/1
f 669/12/1 668/12/1 667/12/1
f 670/12/1 668/12/1 669/12/1
f 675/1/1 672/1/1 671/1/1
f 676/1/1 672/1/1 675/1/1
f 677/3/1 674/3/1 673/3/1
f 678/3/1 674/3/1 677/3/1
f 681/10/1 680/10/1 679/10/1
f 682/10/1 680/10/1 681/10/1
f 683/10/1 680/10/1 682/10/1
f 684/10/1 680/10/1 683/10/1
f 687/1/1 686/1/1 685/1/1
f 688/1/1 686/1/1 687/1/1
f 689/3/1 688/3/1 687/3/1
f 690/3/1 688/3/1 689/3/1
f 693/3/1 692/3/1 691/3/1
f 694/3/1 692/3/1 693/3/1
f 697/3/1 696/3/1 695/3/1
f 698/3/1 696/3/1 697/3/1
f 701/3/1 700/3/1 699/3/1
f 702/3/1 700/3/1 701/3/1
f 706/1/1 704/1/1 703/1/1
f 707/1/1 704/1/1 706/1/1
f 708/3/1 706/3/1 705/3/1
f 708/3/1 707/3/1 706/3/1
f 709/3/1 707/3/1 708/3/1
f 712/3/1 711/3/1 710/3/1
f 713/3/1 711/3/1 712/3/1
f 716/12/1 715/12/1 714/12/1
f 717/12/1 715/12/1 716/12/1
f 720/3/1 719/3/1 718/3/1
f 721/3/1 719/3/1 720/3/1
f 724/12/1 723/12/1 722/12/1
f 725/12/1 723/12/1 724/12/1
f 728/3/1 727/3/1 726/3/1
f 729/3/1 727/3/1 728/3/1
f 732/3/1 731/3/1 730/3/1
f 733/3/1 731/3/1 732/3/1
f 736/12/1 735/12/1 734/12/1
f 737/12/1 735/12/1 736/12/1
f 740/3/1 739/3/1 738/3/1
f 741/3/1 739/3/1 740/3/1
f 746/3/1 743/3/1 742/3/1
f 747/3/1 743/3/1 746/3/1
f 750/12/1 745/12/1 744/12/1
f 751/12/1 745/12/1 750/12/1
f 752/12/1 749/12/1 748/12/1
f 753/12/1 749/12/1 752/12/1
f 756/12/1 755/12/1 754/12/1
f 757/12/1 755/12/1 756/12/1
f 760/3/1 759/3/1 758/3/1
f 761/3/1 759/3/1 760/3/1
f 764/12/1 763/12/1 762/12/1
f 765/12/1 763/12/1 764/12/1
f 768/6/1 767/6/1 766/6/1
f 769/6/1 767/6/1 768/6/1
f 772/7/1 771/7/1 770/7/1
f 773/7/1 771/7/1 772/7/1
f 776/3/1 775/3/1 774/3/1
f 777/3/1 775/3/1 776/3/1
f 780/12/1 779/12/1 778/12/1
f 781/12/1 779/12/1 780/12/1
f 784/2/1 783/2/1 782/2/1
f 785/2/1 783/2/1 784/2/1
f 788/12/1 787/12/1 786/12/1
f 789/12/1 787/12/1 788/12/1
f 792/1/1 791/1/1 790/1/1
f 793/1/1 791/1/1 792/1/1
f 794/3/1 793/3/1 792/3/1
f 795/1/1 791/1/1 793/1/1
f 795/3/1 793/3/1 794/3/1
f 796/1/1 791/1/1 795/1/1
f 799/7/1 798/7/1 797/7/1
f 800/7/1 798/7/1 799/7/1
f 805/3/1 802/3/1 801/3/1
f 806/3/1 802/3/1 805/3/1
f 807/3/1 804/3/1 803/3/1
f 808/3/1 804/3/1 807/3/1
f 811/1/1 810/1/1 809/1/1
f 812/1/1 810/1/1 811/1/1
f 815/3/1 814/3/1 813/3/1
f 816/3/1 815/3/1 813/3/1
f 817/3/1 815/3/1 816/3/1
f 820/12/1 819/12/1 818/12/1
f 821/12/1 819/12/1 820/12/1
f 824/2/1 823/2/1 822/2/1
f 825/2/1 823/2/1 824/2/1
f 828/3/1 827/3/1 826/3/1
f 829/3/1 827/3/1 828/3/1
f 832/2/1 831/2/1 830/2/1
f 833/2/1 832/2/1 830/2/1
f 834/2/1 832/2/1 833/2/1
f 835/3/1 834/3/1 833/3/1
f 836/3/1 834/3/1 835/3/1
f 839/12/1 838/12/1 837/12/1
f 840/12/1 838/12/1 839/12/1
f 843/12/1 842/12/1 841/12/1
f 844/12/1 842/12/1 843/12/1
f 847/1/1 846/1/1 845/1/1
f 848/1/1 846/1/1 847/1/1
f 850/3/1 848/3/1 847/3/1
f 851/3/1 848/3/1 850/3/1
f 852/12/1 850/12/1 849/12/1
f 852/12/1 851/12/1 850/12/1
f 853/12/1 851/12/1 852/12/1
f 856/12/1 855/12/1 854/12/1
f 857/12/1 855/12/1 856/12/1
f 860/12/1 859/12/1 858/12/1
f 861/12/1 859/12/1 860/12/1
f 864/3/1 863/3/1 862/3/1
f 865/3/1 863/3/1 864/3/1
f 868/3/1 867/3/1 866/3/1
f 869/3/1 867/3/1 868/3/1
f 872/2/1 871/2/1 870/2/1
f 873/2/1 872/2/1 870/2/1
f 874/2/1 872/2/1 873/2/1
f 881/3/1 876/3/1 875/3/1
f 881/3/1 877/3/1 876/3/1
f 881/3/1 878/3/1 877/3/1
f 882/3/1 878/3/1 881/3/1
f 885/3/1 880/3/1 879/3/1
f 886/3/1 880/3/1 885/3/1
f 887/4/1 884/4/1 883/4/1
f 888/12/1 885/12/1 884/12/1
f 888/4/1 884/4/1 887/4/1
f 889/12/1 885/12/1 888/12/1
f 894/2/1 893/2/1 892/2/1
f 896/2/1 894/2/1 892/2/1
f 897/2/1 894/2/1 896/2/1
f 898/2/1 891/2/1 890/2/1
f 899/2/1 891/2/1 898/2/1
f 900/1/1 896/1/1 895/1/1
f 901/1/1 896/1/1 900/1/1
f 902/1/2 903/1/2 904/1/2
f 904/1/2 903/1/2 905/1/2
f 906/3/2 907/3/2 908/3/2
f 908/3/2 907/3/2 909/3/2
f 910/1/2 911/1/2 912/1/2
f 912/1/2 911/1/2 913/1/2
f 914/3/2 915/3/2 916/3/2
f 916/3/2 915/3/2 917/3/2
f 918/1/2 919/1/2 920/1/2
f 920/1/2 919/1/2 921/1/2
f 918/1/2 920/1/2 922/1/2
f 922/1/2 920/1/2 923/1/2
f 918/1/2 922/1/2 924/1/2
f 924/1/2 922/1/2 925/1/2
f 926/12/2 927/12/2 928/12/2
f 928/12/2 927/12/2 929/12/2
f 930/3/2 931/3/2 932/3/2
f 932/3/2 931/3/2 933/3/2
f 934/3/2 935/3/2 936/3/2
f 936/3/2 935/3/2 937/3/2
f 938/3/2 939/3/2 940/3/2
f 940/3/2 939/3/2 941/3/2
f 942/12/2 943/12/2 944/12/2
f 944/12/2 943/12/2 945/12/2
f 946/10/2 947/10/2 948/10/2
f 948/10/2 947/10/2 949/10/2
f 949/10/2 947/10/2 950/10/2
f 950/10/2 947/10/2 951/10/2
f 951/10/2 947/10/2 952/10/2
f 952/10/2 947/10/2 953/10/2
f 953/10/2 947/10/2 954/10/2
f 954/10/2 947/10/2 955/10/2
f 955/10/2 947/10/2 956/10/2
f 956/10/2 947/10/2 957/10/2
f 957/10/2 947/10/2 958/10/2
f 958/10/2 947/10/2 959/10/2
f 959/10/2 947/10/2 960/10/2
f 960/10/2 947/10/2 961/10/2
f 961/10/2 947/10/2 962/10/2
f 962/10/2 947/10/2 963/10/2
f 963/10/2 947/10/2 964/10/2
f 964/10/2 947/10/2 965/10/2
f 966/5/2 967/5/2 969/5/2
f 967/12/2 968/12/2 970/12/2
f 969/5/2 967/5/2 970/5/2
f 970/12/2 968/12/2 971/12/2
f 972/12/2 973/12/2 974/12/2
f 974/12/2 973/12/2 975/12/2
f 976/12/2 977/12/2 978/12/2
f 978/12/2 977/12/2 979/12/2
f 980/12/2 981/12/2 982/12/2
f 982/12/2 981/12/2 983/12/2
f 984/3/2 985/3/2 986/3/2
f 986/3/2 985/3/2 987/3/2
f 988/1/2 989/1/2 991/1/2
f 989/3/2 990/3/2 992/3/2
f 991/1/2 989/1/2 992/1/2
f 991/3/2 992/3/2 993/3/2
f 992/3/2 990/3/2 994/3/2
f 993/3/2 992/3/2 994/3/2
f 995/3/2 996/3/2 997/3/2
f 997/3/2 996/3/2 998/3/2
f 999/10/2 1000/10/2 1001/10/2
f 1001/10/2 1000/10/2 1002/10/2
f 1002/10/2 1000/10/2 1004/10/2
f 1003/10/2 1004/10/2 1005/10/2
f 1004/10/2 1000/10/2 1006/10/2
f 1005/10/2 1004/10/2 1006/10/2
f 1006/10/2 1000/10/2 1008/10/2
f 1007/10/2 1008/10/2 1009/10/2
f 1008/10/2 1000/10/2 1010/10/2
f 1009/10/2 1008/10/2 1010/10/2
f 1010/10/2 1000/10/2 1012/10/2
f 1011/10/2 1012/10/2 1013/10/2
f 1012/10/2 1000/10/2 1014/10/2
f 1013/10/2 1012/10/2 1014/10/2
f 1014/10/2 1000/10/2 1016/10/2
f 1015/10/2 1016/10/2 1017/10/2
f 1016/10/2 1000/10/2 1018/10/2
f 1017/10/2 1016/10/2 1018/10/2
f 1018/10/2 1000/10/2 1020/10/2
f 1019/10/2 1020/10/2 1021/10/2
f 1020/10/2 1000/10/2 1022/10/2
f 1021/10/2 1020/10/2 1022/10/2
f 1022/10/2 1000/10/2 1024/10/2
f 1023/10/2 1024/10/2 1025/10/2
f 1024/10/2 1000/10/2 1026/10/2
f 1025/10/2 1024/10/2 1026/10/2
f 1025/3/2 1026/3/2 1027/3/2
f 1026/10/2 1000/10/2 1028/10/2
f 1027/3/2 1026/3/2 1028/3/2
f 1028/10/2 1000/10/2 1030/10/2
f 1029/3/2 1030/3/2 1031/3/2
f 1030/10/2 1000/10/2 1032/10/2
f 1031/3/2 1030/3/2 1032/3/2
f 1032/10/2 1000/10/2 1034/10/2
f 1033/10/2 1034/10/2 1035/10/2
f 1034/10/2 1000/10/2 1036/10/2
f 1035/10/2 1034/10/2 1036/10/2
f 1037/10/2 1038/10/2 1039/10/2
f 1039/10/2 1038/10/2 1040/10/2
f 1040/10/2 1038/10/2 1041/10/2
f 1041/10/2 1038/10/2 1042/10/2
f 1043/1/2 1044/1/2 1045/1/2
f 1045/1/2 1044/1/2 1046/1/2
f 1045/3/2 1046/3/2 1047/3/2
f 1047/3/2 1046/3/2 1048/3/2
f 1047/1/2 1048/1/2 1049/1/2
f 1049/1/2 1048/1/2 1050/1/2
f 1049/3/2 1050/3/2 1051/3/2
f 1051/3/2 1050/3/2 1052/3/2
f 1053/1/2 1054/1/2 1055/1/2
f 1055/1/2 1054/1/2 1056/1/2
f 1053/1/2 1055/1/2 1057/1/2
f 1057/1/2 1055/1/2 1058/1/2
f 1057/3/2 1058/3/2 1061/3/2
f 1061/3/2 1058/3/2 1062/3/2
f 1059/10/2 1060/10/2 1063/10/2
f 1063/10/2 1060/10/2 1064/10/2
f 1064/10/2 1060/10/2 1065/10/2
f 1065/10/2 1060/10/2 1066/10/2
f 1069/1/2 1070/1/2 1071/1/2
f 1071/1/2 1070/1/2 1072/1/2
f 1067/1/2 1068/1/2 1073/1/2
f 1073/1/2 1068/1/2 1074/1/2
f 1072/1/2 1070/1/2 1075/1/2
f 1075/1/2 1070/1/2 1076/1/2
f 1077/3/2 1078/3/2 1080/3/2
f 1078/3/2 1079/3/2 1080/3/2
f 1080/3/2 1079/3/2 1081/3/2
f 1082/12/2 1083/12/2 1084/12/2
f 1084/12/2 1083/12/2 1085/12/2
f 1086/1/2 1087/1/2 1090/1/2
f 1087/8/2 1088/8/2 1090/8/2
f 1088/1/2 1089/1/2 1091/1/2
f 1090/8/2 1088/8/2 1091/8/2
f 1086/1/2 1090/1/2 1092/1/2
f 1090/1/2 1091/1/2 1092/1/2
f 1091/1/2 1089/1/2 1093/1/2
f 1092/1/2 1091/1/2 1093/1/2
f 1092/8/2 1093/8/2 1094/8/2
f 1094/8/2 1093/8/2 1095/8/2
f 1094/1/2 1095/1/2 1096/1/2
f 1096/1/2 1095/1/2 1097/1/2
f 1094/1/2 1096/1/2 1098/1/2
f 1098/1/2 1096/1/2 1099/1/2
f 1094/1/2 1098/1/2 1100/1/2
f 1100/1/2 1098/1/2 1101/1/2
f 1100/8/2 1101/8/2 1102/8/2
f 1101/1/2 1098/1/2 1102/1/2
f 1098/8/2 1099/8/2 1103/8/2
f 1102/1/2 1098/1/2 1103/1/2
f 1099/1/2 1096/1/2 1104/1/2
f 1103/8/2 1099/8/2 1104/8/2
f 1104/1/2 1096/1/2 1105/1/2
f 1102/8/2 1103/8/2 1106/8/2
f 1100/8/2 1102/8/2 1106/8/2
f 1104/8/2 1105/8/2 1106/8/2
f 1103/8/2 1104/8/2 1106/8/2
f 1106/8/2 1105/8/2 1107/8/2
f 1107/8/2 1105/8/2 1108/8/2
f 1105/1/2 1096/1/2 1109/1/2
f 1108/8/2 1105/8/2 1109/8/2
f 1107/8/2 1108/8/2 1110/8/2
f 1106/1/2 1107/1/2 1110/1/2
f 1108/1/2 1109/1/2 1111/1/2
f 1110/8/2 1108/8/2 1111/8/2
f 1094/1/2 1100/1/2 1112/1/2
f 1100/8/2 1106/8/2 1112/8/2
f 1110/1/2 1111/1/2 1113/1/2
f 1112/8/2 1106/8/2 1113/8/2
f 1106/1/2 1110/1/2 1113/1/2
f 1111/1/2 1109/1/2 1114/1/2
f 1113/1/2 1111/1/2 1114/1/2
f 1112/1/2 1113/1/2 1114/1/2
f 1114/1/2 1109/1/2 1115/1/2
f 1109/1/2 1096/1/2 1116/1/2
f 1115/1/2 1109/1/2 1116/1/2
f 1094/1/2 1112/1/2 1118/1/2
f 1112/1/2 1114/1/2 1118/1/2
f 1118/1/2 1114/1/2 1119/1/2
f 1116/1/2 1117/1/2 1120/1/2
f 1115/1/2 1116/1/2 1120/1/2
f 1120/1/2 1117/1/2 1121/1/2
f 1121/1/2 1117/1/2 1122/1/2
f 1122/1/2 1117/1/2 1123/1/2
f 1094/1/2 1118/1/2 1124/1/2
f 1124/1/2 1118/1/2 1125/1/2
f 1121/1/2 1122/1/2 1126/1/2
f 1126/1/2 1122/1/2 1127/1/2
f 1127/1/2 1122/1/2 1128/1/2
f 1128/1/2 1122/1/2 1129/1/2
f 1127/1/2 1128/1/2 1132/1/2
f 1132/1/2 1128/1/2 1133/1/2
f 1130/12/2 1131/12/2 1134/12/2
f 1134/12/2 1131/12/2 1135/12/2
f 1132/10/2 1133/10/2 1136/10/2
f 1136/10/2 1133/10/2 1137/10/2
f 1137/10/2 1133/10/2 1138/10/2
f 1138/10/2 1133/10/2 1139/10/2
f 1140/3/2 1141/3/2 1145/3/2
f 1145/3/2 1141/3/2 1146/3/2
f 1142/3/2 1143/3/2 1149/3/2
f 1146/3/2 1147/3/2 1151/3/2
f 1144/3/2 1145/3/2 1151/3/2
f 1145/3/2 1146/3/2 1151/3/2
f 1151/3/2 1147/3/2 1152/3/2
f 1148/3/2 1149/3/2 1155/3/2
f 1152/3/2 1153/3/2 1156/3/2
f 1150/3/2 1151/3/2 1156/3/2
f 1151/3/2 1152/3/2 1156/3/2
f 1156/3/2 1153/3/2 1157/3/2
f 1157/3/2 1153/3/2 1158/3/2
f 1158/3/2 1153/3/2 1159/3/2
f 1154/3/2 1155/3/2 1160/3/2
f 1149/3/2 1143/3/2 1161/3/2
f 1160/3/2 1155/3/2 1161/3/2
f 1155/3/2 1149/3/2 1161/3/2
f 1157/12/2 1158/12/2 1162/12/2
f 1162/12/2 1158/12/2 1163/12/2
f 1164/12/2 1165/12/2 1166/12/2
f 1166/12/2 1165/12/2 1167/12/2
f 1168/10/2 1169/10/2 1170/10/2
f 1170/10/2 1169/10/2 1171/10/2
f 1171/10/2 1169/10/2 1172/10/2
f 1172/10/2 1169/10/2 1173/10/2
f 1174/6/2 1175/6/2 1176/6/2
f 1176/6/2 1175/6/2 1177/6/2
f 1178/12/2 1179/12/2 1180/12/2
f 1180/12/2 1179/12/2 1181/12/2
f 1182/10/2 1183/10/2 1184/10/2
f 1184/10/2 1183/10/2 1185/10/2
f 1185/10/2 1183/10/2 1186/10/2
f 1186/10/2 1183/10/2 1187/10/2
f 1188/12/2 1189/12/2 1191/12/2
f 1189/7/2 1190/7/2 1192/7/2
f 1191/12/2 1189/12/2 1192/12/2
f 1192/7/2 1190/7/2 1193/7/2
f 1194/3/2 1195/3/2 1196/3/2
f 1196/3/2 1195/3/2 1197/3/2
f 1198/10/2 1199/10/2 1200/10/2
f 1200/10/2 1199/10/2 1201/10/2
f 1201/10/2 1199/10/2 1202/10/2
f 1202/10/2 1199/10/2 1203/10/2
f 1204/1/2 1205/1/2 1206/1/2
f 1206/1/2 1205/1/2 1207/1/2
f 1208/1/2 1209/1/2 1211/1/2
f 1210/1/2 1211/1/2 1212/1/2
f 1211/1/2 1209/1/2 1213/1/2
f 1212/1/2 1211/1/2 1213/1/2
f 1214/3/2 1215/3/2 1218/3/2
f 1218/3/2 1215/3/2 1219/3/2
f 1216/3/2 1217/3/2 1220/3/2
f 1220/3/2 1217/3/2 1221/3/2
f 1224/8/2 1225/8/2 1226/8/2
f 1226/8/2 1225/8/2 1227/8/2
f 1222/2/2 1223/2/2 1228/2/2
f 1228/2/2 1223/2/2 1229/2/2
f 1226/2/2 1227/2/2 1230/2/2
f 1230/2/2 1227/2/2 1231/2/2
f 1232/1/2 1233/1/2 1238/1/2
f 1238/1/2 1233/1/2 1239/1/2
f 1233/3/2 1234/3/2 1240/3/2
f 1239/1/2 1233/1/2 1240/1/2
f 1234/3/2 1235/3/2 1240/3/2
f 1235/3/2 1236/3/2 1240/3/2
f 1236/1/2 1237/1/2 1241/1/2
f 1240/3/2 1236/3/2 1241/3/2
f 1241/1/2 1237/1/2 1242/1/2
f 1239/3/2 1240/3/2 1245/3/2
f 1241/3/2 1242/3/2 1245/3/2
f 1240/3/2 1241/3/2 1245/3/2
f 1245/3/2 1242/3/2 1246/3/2
f 1243/3/2 1244/3/2 1249/3/2
f 1249/3/2 1244/3/2 1250/3/2
f 1247/12/2 1248/12/2 1251/12/2
f 1251/12/2 1248/12/2 1252/12/2
f 1253/1/2 1254/1/2 1255/1/2
f 1255/1/2 1254/1/2 1256/1/2
f 1256/1/2 1254/1/2 1257/1/2
f 1258/10/2 1259/10/2 1261/10/2
f 1259/10/2 1260/10/2 1261/10/2
f 1261/10/2 1260/10/2 1262/10/2
f 1262/10/2 1260/10/2 1263/10/2
f 1263/10/2 1260/10/2 1264/10/2
f 1265/1/2 1266/1/2 1267/1/2
f 1267/1/2 1266/1/2 1268/1/2
f 1265/1/2 1267/1/2 1271/1/2
f 1271/1/2 1267/1/2 1272/1/2
f 1265/1/2 1271/1/2 1273/1/2
f 1273/1/2 1271/1/2 1274/1/2
f 1269/1/2 1270/1/2 1275/1/2
f 1275/1/2 1270/1/2 1276/1/2
f 1265/1/2 1273/1/2 1279/1/2
f 1279/1/2 1273/1/2 1280/1/2
f 1277/3/2 1278/3/2 1283/3/2
f 1283/3/2 1278/3/2 1284/3/2
f 1281/12/2 1282/12/2 1285/12/2
f 1285/12/2 1282/12/2 1286/12/2
f 1287/1/2 1288/1/2 1291/1/2
f 1291/1/2 1288/1/2 1292/1/2
f 1289/1/2 1290/1/2 1293/1/2
f 1293/1/2 1290/1/2 1294/1/2
f 1295/1/2 1296/1/2 1299/1/2
f 1299/1/2 1296/1/2 1300/1/2
f 1297/1/2 1298/1/2 1301/1/2
f 1301/1/2 1298/1/2 1302/1/2
f 1300/1/2 1296/1/2 1303/1/2
f 1303/1/2 1296/1/2 1304/1/2
f 1304/1/2 1296/1/2 1305/1/2
f 1305/1/2 1296/1/2 1306/1/2
f 1297/1/2 1301/1/2 1307/1/2
f 1307/1/2 1301/1/2 1308/1/2
f 1297/1/2 1307/1/2 1309/1/2
f 1309/1/2 1307/1/2 1310/1/2
f 1297/1/2 1309/1/2 1311/1/2
f 1311/1/2 1309/1/2 1312/1/2
f 1308/1/2 1301/1/2 1313/1/2
f 1313/1/2 1301/1/2 1314/1/2
f 1317/1/2 1318/1/2 1321/1/2
f 1318/8/2 1319/8/2 1321/8/2
f 1319/1/2 1320/1/2 1322/1/2
f 1321/8/2 1319/8/2 1322/8/2
f 1315/1/2 1316/1/2 1323/1/2
f 1323/1/2 1316/1/2 1324/1/2
f 1324/1/2 1316/1/2 1325/1/2
f 1325/1/2 1316/1/2 1326/1/2
f 1317/1/2 1321/1/2 1327/1/2
f 1321/1/2 1322/1/2 1327/1/2
f 1322/1/2 1320/1/2 1328/1/2
f 1327/1/2 1322/1/2 1328/1/2
f 1323/8/2 1324/8/2 1329/8/2
f 1324/1/2 1325/1/2 1330/1/2
f 1329/8/2 1324/8/2 1330/8/2
f 1330/1/2 1325/1/2 1331/1/2
f 1325/8/2 1326/8/2 1332/8/2
f 1331/1/2 1325/1/2 1332/1/2
f 1330/1/2 1331/1/2 1333/1/2
f 1323/8/2 1329/8/2 1333/8/2
f 1329/1/2 1330/1/2 1333/1/2
f 1331/8/2 1332/8/2 1334/8/2
f 1333/1/2 1331/1/2 1334/1/2
f 1327/8/2 1328/8/2 1335/8/2
f 1335/8/2 1328/8/2 1336/8/2
f 1323/8/2 1333/8/2 1337/8/2
f 1333/8/2 1334/8/2 1337/8/2
f 1332/8/2 1326/8/2 1338/8/2
f 1337/8/2 1334/8/2 1338/8/2
f 1334/8/2 1332/8/2 1338/8/2
f 1327/8/2 1335/8/2 1339/8/2
f 1335/1/2 1336/1/2 1340/1/2
f 1339/8/2 1335/8/2 1340/8/2
f 1336/8/2 1328/8/2 1341/8/2
f 1340/1/2 1336/1/2 1341/1/2
f 1341/8/2 1328/8/2 1342/8/2
f 1339/1/2 1340/1/2 1343/1/2
f 1340/1/2 1341/1/2 1343/1/2
f 1341/1/2 1342/1/2 1343/1/2
f 1343/1/2 1342/1/2 1344/1/2
f 1339/1/2 1343/1/2 1345/1/2
f 1343/8/2 1344/8/2 1345/8/2
f 1344/1/2 1342/1/2 1346/1/2
f 1345/8/2 1344/8/2 1346/8/2
f 1345/1/2 1346/1/2 1347/1/2
f 1346/1/2 1342/1/2 1347/1/2
f 1347/1/2 1342/1/2 1348/1/2
f 1345/1/2 1347/1/2 1349/1/2
f 1347/8/2 1348/8/2 1349/8/2
f 1348/1/2 1342/1/2 1350/1/2
f 1349/8/2 1348/8/2 1350/8/2
f 1337/1/2 1338/1/2 1351/1/2
f 1351/1/2 1338/1/2 1352/1/2
f 1339/1/2 1345/1/2 1353/1/2
f 1345/1/2 1349/1/2 1353/1/2
f 1349/1/2 1350/1/2 1353/1/2
f 1353/1/2 1350/1/2 1354/1/2
f 1351/8/2 1352/8/2 1355/8/2
f 1352/1/2 1338/1/2 1356/1/2
f 1355/8/2 1352/8/2 1356/8/2
f 1356/1/2 1338/1/2 1357/1/2
f 1357/1/2 1338/1/2 1358/1/2
f 1356/1/2 1357/1/2 1363/1/2
f 1355/1/2 1356/1/2 1363/1/2
f 1354/1/2 1350/1/2 1364/1/2
f 1359/12/2 1360/12/2 1365/12/2
f 1360/7/2 1361/7/2 1366/7/2
f 1365/12/2 1360/12/2 1366/12/2
f 1361/12/2 1362/12/2 1367/12/2
f 1366/7/2 1361/7/2 1367/7/2
f 1367/12/2 1362/12/2 1368/12/2
f 1355/1/2 1363/1/2 1369/1/2
f 1363/1/2 1364/1/2 1369/1/2
f 1369/1/2 1364/1/2 1370/1/2
f 1370/1/2 1364/1/2 1371/1/2
f 1364/1/2 1350/1/2 1372/1/2
f 1371/1/2 1364/1/2 1372/1/2
f 1355/1/2 1369/1/2 1373/1/2
f 1369/8/2 1370/8/2 1373/8/2
f 1370/1/2 1371/1/2 1374/1/2
f 1373/8/2 1370/8/2 1374/8/2
f 1371/8/2 1372/8/2 1375/8/2
f 1374/1/2 1371/1/2 1375/1/2
f 1373/1/2 1374/1/2 1375/1/2
f 1372/1/2 1350/1/2 1376/1/2
f 1375/8/2 1372/8/2 1376/8/2
f 1355/1/2 1373/1/2 1377/1/2
f 1373/1/2 1375/1/2 1377/1/2
f 1375/1/2 1376/1/2 1377/1/2
f 1377/1/2 1376/1/2 1378/1/2
f 1378/1/2 1376/1/2 1379/1/2
f 1379/1/2 1376/1/2 1380/1/2
f 1380/1/2 1376/1/2 1381/1/2
f 1350/1/2 1342/1/2 1382/1/2
f 1381/1/2 1376/1/2 1382/1/2
f 1376/1/2 1350/1/2 1382/1/2
f 1380/1/2 1381/1/2 1383/1/2
f 1379/8/2 1380/8/2 1383/8/2
f 1381/8/2 1382/8/2 1384/8/2
f 1383/1/2 1381/1/2 1384/1/2
f 1377/8/2 1378/8/2 1385/8/2
f 1378/1/2 1379/1/2 1385/1/2
f 1379/8/2 1383/8/2 1386/8/2
f 1385/1/2 1379/1/2 1386/1/2
f 1383/8/2 1384/8/2 1386/8/2
f 1385/8/2 1386/8/2 1387/8/2
f 1386/8/2 1384/8/2 1387/8/2
f 1387/8/2 1384/8/2 1388/8/2
f 1377/8/2 1385/8/2 1389/8/2
f 1385/8/2 1387/8/2 1389/8/2
f 1389/8/2 1387/8/2 1390/8/2
f 1387/1/2 1388/1/2 1391/1/2
f 1388/8/2 1384/8/2 1392/8/2
f 1391/1/2 1388/1/2 1392/1/2
f 1377/8/2 1389/8/2 1393/8/2
f 1389/1/2 1390/1/2 1394/1/2
f 1393/8/2 1389/8/2 1394/8/2
f 1390/8/2 1387/8/2 1395/8/2
f 1394/1/2 1390/1/2 1395/1/2
f 1387/1/2 1391/1/2 1396/1/2
f 1395/8/2 1387/8/2 1396/8/2
f 1391/8/2 1392/8/2 1397/8/2
f 1396/1/2 1391/1/2 1397/1/2
f 1384/8/2 1382/8/2 1398/8/2
f 1397/8/2 1392/8/2 1398/8/2
f 1392/8/2 1384/8/2 1398/8/2
f 1394/1/2 1395/1/2 1399/1/2
f 1396/1/2 1397/1/2 1399/1/2
f 1397/1/2 1398/1/2 1399/1/2
f 1393/1/2 1394/1/2 1399/1/2
f 1395/1/2 1396/1/2 1399/1/2
f 1399/1/2 1398/1/2 1400/1/2
f 1400/1/2 1398/1/2 1401/1/2
f 1401/1/2 1398/1/2 1402/1/2
f 1402/1/2 1398/1/2 1403/1/2
f 1403/1/2 1398/1/2 1404/1/2
f 1393/1/2 1399/1/2 1405/1/2
f 1405/1/2 1399/1/2 1406/1/2
f 1400/1/2 1401/1/2 1407/1/2
f 1407/1/2 1401/1/2 1408/1/2
f 1402/1/2 1403/1/2 1409/1/2
f 1409/1/2 1403/1/2 1410/1/2
f 1405/8/2 1406/8/2 1411/8/2
f 1407/8/2 1408/8/2 1411/8/2
f 1409/8/2 1410/8/2 1411/8/2
f 1408/8/2 1409/8/2 1411/8/2
f 1393/1/2 1405/1/2 1411/1/2
f 1406/8/2 1407/8/2 1411/8/2
f 1410/1/2 1403/1/2 1412/1/2
f 1411/8/2 1410/8/2 1412/8/2
f 1403/8/2 1404/8/2 1413/8/2
f 1412/1/2 1403/1/2 1413/1/2
f 1404/1/2 1398/1/2 1414/1/2
f 1413/8/2 1404/8/2 1414/8/2
f 1412/1/2 1413/1/2 1415/1/2
f 1411/1/2 1412/1/2 1415/1/2
f 1413/1/2 1414/1/2 1415/1/2
f 1415/1/2 1414/1/2 1416/1/2
f 1393/1/2 1411/1/2 1417/1/2
f 1411/1/2 1415/1/2 1417/1/2
f 1417/1/2 1415/1/2 1418/1/2
f 1414/1/2 1398/1/2 1419/1/2
f 1416/1/2 1414/1/2 1419/1/2
f 1419/1/2 1398/1/2 1420/1/2
f 1418/1/2 1415/1/2 1421/1/2
f 1415/8/2 1416/8/2 1421/8/2
f 1416/1/2 1419/1/2 1422/1/2
f 1421/8/2 1416/8/2 1422/8/2
f 1418/1/2 1421/1/2 1423/1/2
f 1421/1/2 1422/1/2 1423/1/2
f 1423/1/2 1422/1/2 1424/1/2
f 1418/1/2 1423/1/2 1426/1/2
f 1426/1/2 1423/1/2 1427/1/2
f 1427/1/2 1423/1/2 1428/1/2
f 1424/1/2 1422/1/2 1429/1/2
f 1429/1/2 1422/1/2 1430/1/2
f 1425/1/2 1426/1/2 1433/1/2
f 1426/1/2 1427/1/2 1433/1/2
f 1433/1/2 1427/1/2 1434/1/2
f 1430/1/2 1422/1/2 1436/1/2
f 1431/3/2 1432/3/2 1438/3/2
f 1425/1/2 1433/1/2 1439/1/2
f 1439/1/2 1433/1/2 1440/1/2
f 1422/1/2 1419/1/2 1441/1/2
f 1435/1/2 1436/1/2 1441/1/2
f 1436/1/2 1422/1/2 1441/1/2
f 1441/1/2 1419/1/2 1442/1/2
f 1437/3/2 1438/3/2 1443/3/2
f 1435/1/2 1441/1/2 1444/1/2
f 1444/1/2 1441/1/2 1445/1/2
f 1442/3/2 1443/3/2 1446/3/2
f 1445/1/2 1441/1/2 1446/1/2
f 1441/3/2 1442/3/2 1446/3/2
f 1446/3/2 1443/3/2 1447/3/2
f 1438/3/2 1432/3/2 1448/3/2
f 1447/3/2 1443/3/2 1448/3/2
f 1443/3/2 1438/3/2 1448/3/2
f 1449/12/2 1450/12/2 1451/12/2
f 1451/12/2 1450/12/2 1452/12/2
f 1453/3/2 1454/3/2 1456/3/2
f 1456/3/2 1454/3/2 1457/3/2
f 1455/3/2 1456/3/2 1460/3/2
f 1457/3/2 1458/3/2 1460/3/2
f 1456/3/2 1457/3/2 1460/3/2
f 1460/3/2 1458/3/2 1461/3/2
f 1461/3/2 1458/3/2 1462/3/2
f 1459/3/2 1460/3/2 1463/3/2
f 1460/3/2 1461/3/2 1463/3/2
f 1463/3/2 1461/3/2 1464/3/2
f 1464/3/2 1461/3/2 1465/3/2
f 1464/3/2 1465/3/2 1467/3/2
f 1465/3/2 1466/3/2 1467/3/2
f 1467/3/2 1466/3/2 1468/3/2
f 1469/10/2 1470/10/2 1474/10/2
f 1474/10/2 1470/10/2 1475/10/2
f 1475/10/2 1470/10/2 1476/10/2
f 1476/10/2 1470/10/2 1477/10/2
f 1471/12/2 1472/12/2 1478/12/2
f 1472/7/2 1473/7/2 1479/7/2
f 1478/12/2 1472/12/2 1479/12/2
f 1479/7/2 1473/7/2 1480/7/2
f 1481/3/2 1482/3/2 1483/3/2
f 1483/3/2 1482/3/2 1484/3/2
f 1485/3/2 1486/3/2 1487/3/2
f 1487/3/2 1486/3/2 1488/3/2
f 1489/5/2 1490/5/2 1491/5/2
f 1491/5/2 1490/5/2 1492/5/2
f 1493/3/2 1494/3/2 1497/3/2
f 1497/3/2 1494/3/2 1498/3/2
f 1495/3/2 1496/3/2 1499/3/2
f 1499/3/2 1496/3/2 1500/3/2
f 1501/12/2 1502/12/2 1504/12/2
f 1502/5/2 1503/5/2 1505/5/2
f 1504/12/2 1502/12/2 1505/12/2
f 1505/5/2 1503/5/2 1506/5/2
f 1507/10/2 1508/10/2 1509/10/2
f 1509/10/2 1508/10/2 1510/10/2
f 1507/10/2 1509/10/2 1511/10/2
f 1511/10/2 1509/10/2 1512/10/2
f 1510/10/2 1508/10/2 1513/10/2
f 1513/10/2 1508/10/2 1514/10/2
f 1515/3/2 1516/3/2 1517/3/2
f 1517/3/2 1516/3/2 1518/3/2
f 1519/3/2 1520/3/2 1521/3/2
f 1521/3/2 1520/3/2 1522/3/2
f 1523/1/2 1524/1/2 1525/1/2
f 1525/1/2 1524/1/2 1526/1/2
f 1525/3/2 1526/3/2 1527/3/2
f 1527/3/2 1526/3/2 1530/3/2
f 1530/3/2 1526/3/2 1531/3/2
f 1528/12/2 1529/12/2 1532/12/2
f 1532/12/2 1529/12/2 1533/12/2
f 1534/8/2 1535/8/2 1536/8/2
f 1536/8/2 1535/8/2 1537/8/2
f 1536/1/2 1537/1/2 1538/1/2
f 1538/1/2 1537/1/2 1539/1/2
f 1539/1/2 1537/1/2 1540/1/2
f 1540/1/2 1537/1/2 1541/1/2
f 1542/8/2 1543/8/2 1544/8/2
f 1544/8/2 1543/8/2 1545/8/2
f 1544/1/2 1545/1/2 1546/1/2
f 1546/1/2 1545/1/2 1547/1/2
f 1546/3/2 1547/3/2 1548/3/2
f 1547/1/2 1545/1/2 1549/1/2
f 1548/3/2 1547/3/2 1549/3/2
f 1549/1/2 1545/1/2 1550/1/2
f 1550/1/2 1545/1/2 1551/1/2
f 1550/3/2 1551/3/2 1555/3/2
f 1551/3/2 1552/3/2 1555/3/2
f 1553/3/2 1554/3/2 1557/3/2
f 1557/3/2 1554/3/2 1558/3/2
f 1555/3/2 1556/3/2 1559/3/2
f 1550/3/2 1555/3/2 1559/3/2
f 1559/3/2 1556/3/2 1560/3/2
f 1561/3/2 1562/3/2 1565/3/2
f 1565/3/2 1562/3/2 1566/3/2
f 1563/3/2 1564/3/2 1567/3/2
f 1567/3/2 1564/3/2 1568/3/2
f 1569/12/2 1570/12/2 1571/12/2
f 1571/12/2 1570/12/2 1572/12/2
f 1573/12/2 1574/12/2 1575/12/2
f 1575/12/2 1574/12/2 1576/12/2
f 1577/3/2 1578/3/2 1579/3/2
f 1579/3/2 1578/3/2 1580/3/2
f 1581/12/2 1582/12/2 1583/12/2
f 1583/12/2 1582/12/2 1584/12/2
f 1585/3/2 1586/3/2 1587/3/2
f 1587/3/2 1586/3/2 1588/3/2
f 1589/3/2 1590/3/2 1591/3/2
f 1591/3/2 1590/3/2 1592/3/2
f 1593/12/2 1594/12/2 1595/12/2
f 1595/12/2 1594/12/2 1596/12/2
f 1597/12/2 1598/12/2 1601/12/2
f 1601/12/2 1598/12/2 1602/12/2
f 1599/12/2 1600/12/2 1603/12/2
f 1603/12/2 1600/12/2 1604/12/2
f 1607/3/2 1608/3/2 1609/3/2
f 1609/3/2 1608/3/2 1610/3/2
f 1605/1/2 1606/1/2 1611/1/2
f 1611/1/2 1606/1/2 1612/1/2
f 1613/12/2 1614/12/2 1615/12/2
f 1615/12/2 1614/12/2 1616/12/2
f 1619/1/2 1620/1/2 1623/1/2
f 1623/1/2 1620/1/2 1624/1/2
f 1621/1/2 1622/1/2 1625/1/2
f 1625/1/2 1622/1/2 1626/1/2
f 1619/1/2 1623/1/2 1627/1/2
f 1627/1/2 1623/1/2 1628/1/2
f 1626/1/2 1622/1/2 1629/1/2
f 1629/1/2 1622/1/2 1630/1/2
f 1617/1/2 1618/1/2 1632/1/2
f 1632/1/2 1618/1/2 1633/1/2
f 1631/3/2 1632/3/2 1634/3/2
f 1632/3/2 1633/3/2 1634/3/2
f 1634/3/2 1633/3/2 1635/3/2
f 1636/1/2 1637/1/2 1638/1/2
f 1638/1/2 1637/1/2 1639/1/2
f 1640/3/2 1641/3/2 1646/3/2
f 1646/3/2 1641/3/2 1647/3/2
f 1643/1/2 1644/1/2 1649/1/2
f 1642/1/2 1643/1/2 1649/1/2
f 1649/1/2 1644/1/2 1650/1/2
f 1650/1/2 1644/1/2 1651/1/2
f 1651/1/2 1644/1/2 1652/1/2
f 1652/1/2 1644/1/2 1653/1/2
f 1653/1/2 1644/1/2 1654/1/2
f 1647/3/2 1648/3/2 1656/3/2
f 1646/3/2 1647/3/2 1656/3/2
f 1645/3/2 1646/3/2 1656/3/2
f 1655/3/2 1656/3/2 1660/3/2
f 1656/3/2 1648/3/2 1661/3/2
f 1660/3/2 1656/3/2 1661/3/2
f 1658/3/2 1659/3/2 1662/3/2
f 1657/3/2 1658/3/2 1662/3/2
f 1662/3/2 1659/3/2 1663/3/2
f 1664/3/2 1665/3/2 1669/3/2
f 1665/1/2 1666/1/2 1670/1/2
f 1669/3/2 1665/3/2 1670/3/2
f 1666/9/2 1667/9/2 1671/9/2
f 1670/1/2 1666/1/2 1671/1/2
f 1667/1/2 1668/1/2 1672/1/2
f 1671/9/2 1667/9/2 1672/9/2
f 1672/1/2 1668/1/2 1673/1/2
f 1674/1/2 1675/1/2 1676/1/2
f 1676/1/2 1675/1/2 1677/1/2
f 1678/1/2 1679/1/2 1682/1/2
f 1682/1/2 1679/1/2 1683/1/2
f 1680/1/2 1681/1/2 1686/1/2
f 1684/1/2 1685/1/2 1688/1/2
f 1686/1/2 1681/1/2 1690/1/2
f 1678/1/2 1682/1/2 1691/1/2
f 1691/1/2 1682/1/2 1692/1/2
f 1689/1/2 1690/1/2 1693/1/2
f 1690/1/2 1681/1/2 1694/1/2
f 1693/1/2 1690/1/2 1694/1/2
f 1695/1/2 1696/1/2 1699/1/2
f 1697/3/2 1698/3/2 1700/3/2
f 1699/1/2 1696/1/2 1700/1/2
f 1696/3/2 1697/3/2 1700/3/2
f 1687/1/2 1688/1/2 1701/1/2
f 1701/1/2 1688/1/2 1702/1/2
f 1688/1/2 1685/1/2 1703/1/2
f 1702/1/2 1688/1/2 1703/1/2
f 1699/3/2 1700/3/2 1706/3/2
f 1700/3/2 1698/3/2 1707/3/2
f 1706/3/2 1700/3/2 1707/3/2
f 1704/12/2 1705/12/2 1708/12/2
f 1708/12/2 1705/12/2 1709/12/2
f 1710/1/2 1711/1/2 1712/1/2
f 1712/1/2 1711/1/2 1713/1/2
f 1710/1/2 1712/1/2 1714/1/2
f 1712/8/2 1713/8/2 1715/8/2
f 1714/1/2 1712/1/2 1715/1/2
f 1713/1/2 1711/1/2 1716/1/2
f 1715/8/2 1713/8/2 1716/8/2
f 1716/1/2 1711/1/2 1717/1/2
f 1714/8/2 1715/8/2 1720/8/2
f 1715/8/2 1716/8/2 1720/8/2
f 1716/8/2 1717/8/2 1720/8/2
f 1717/1/2 1711/1/2 1721/1/2
f 1718/1/2 1719/1/2 1723/1/2
f 1719/8/2 1720/8/2 1723/8/2
f 1721/1/2 1722/1/2 1724/1/2
f 1723/8/2 1720/8/2 1724/8/2
f 1717/1/2 1721/1/2 1724/1/2
f 1720/8/2 1717/8/2 1724/8/2
f 1718/1/2 1723/1/2 1727/1/2
f 1723/1/2 1724/1/2 1727/1/2
f 1725/1/2 1726/1/2 1728/1/2
f 1726/1/2 1727/1/2 1728/1/2
f 1728/1/2 1727/1/2 1729/1/2
f 1729/1/2 1727/1/2 1730/1/2
f 1730/1/2 1727/1/2 1731/1/2
f 1727/1/2 1724/1/2 1732/1/2
f 1731/1/2 1727/1/2 1732/1/2
f 1732/1/2 1724/1/2 1733/1/2
f 1733/1/2 1724/1/2 1734/1/2
f 1724/1/2 1722/1/2 1735/1/2
f 1734/1/2 1724/1/2 1735/1/2
f 1728/8/2 1729/8/2 1736/8/2
f 1729/1/2 1730/1/2 1736/1/2
f 1730/8/2 1731/8/2 1737/8/2
f 1736/1/2 1730/1/2 1737/1/2
f 1731/1/2 1732/1/2 1738/1/2
f 1737/8/2 1731/8/2 1738/8/2
f 1732/8/2 1733/8/2 1739/8/2
f 1738/1/2 1732/1/2 1739/1/2
f 1733/1/2 1734/1/2 1740/1/2
f 1739/8/2 1733/8/2 1740/8/2
f 1738/8/2 1739/8/2 1740/8/2
f 1737/8/2 1738/8/2 1740/8/2
f 1736/8/2 1737/8/2 1740/8/2
f 1734/8/2 1735/8/2 1741/8/2
f 1740/1/2 1734/1/2 1741/1/2
f 1740/8/2 1741/8/2 1742/8/2
f 1741/8/2 1735/8/2 1742/8/2
f 1742/8/2 1735/8/2 1743/8/2
f 1728/8/2 1736/8/2 1744/8/2
f 1736/8/2 1740/8/2 1744/8/2
f 1740/8/2 1742/8/2 1744/8/2
f 1744/8/2 1742/8/2 1745/8/2
f 1728/8/2 1744/8/2 1746/8/2
f 1744/1/2 1745/1/2 1747/1/2
f 1746/8/2 1744/8/2 1747/8/2
f 1745/8/2 1742/8/2 1748/8/2
f 1748/8/2 1742/8/2 1749/8/2
f 1749/8/2 1742/8/2 1750/8/2
f 1750/8/2 1742/8/2 1751/8/2
f 1751/8/2 1742/8/2 1752/8/2
f 1742/1/2 1743/1/2 1753/1/2
f 1752/8/2 1742/8/2 1753/8/2
f 1743/8/2 1735/8/2 1754/8/2
f 1753/1/2 1743/1/2 1754/1/2
f 1754/8/2 1735/8/2 1755/8/2
f 1748/1/2 1749/1/2 1756/1/2
f 1749/8/2 1750/8/2 1756/8/2
f 1750/1/2 1751/1/2 1757/1/2
f 1756/8/2 1750/8/2 1757/8/2
f 1747/1/2 1745/1/2 1758/1/2
f 1746/1/2 1747/1/2 1758/1/2
f 1745/8/2 1748/8/2 1758/8/2
f 1756/1/2 1757/1/2 1759/1/2
f 1758/8/2 1748/8/2 1759/8/2
f 1748/1/2 1756/1/2 1759/1/2
f 1759/1/2 1757/1/2 1760/1/2
f 1760/1/2 1757/1/2 1761/1/2
f 1760/8/2 1761/8/2 1762/8/2
f 1761/1/2 1757/1/2 1763/1/2
f 1762/8/2 1761/8/2 1763/8/2
f 1751/8/2 1752/8/2 1764/8/2
f 1763/1/2 1757/1/2 1764/1/2
f 1757/1/2 1751/1/2 1764/1/2
f 1752/1/2 1753/1/2 1765/1/2
f 1764/8/2 1752/8/2 1765/8/2
f 1753/1/2 1754/1/2 1765/1/2
f 1754/1/2 1755/1/2 1765/1/2
f 1760/8/2 1762/8/2 1766/8/2
f 1759/1/2 1760/1/2 1766/1/2
f 1758/1/2 1759/1/2 1766/1/2
f 1763/1/2 1764/1/2 1767/1/2
f 1766/8/2 1762/8/2 1767/8/2
f 1762/1/2 1763/1/2 1767/1/2
f 1764/1/2 1765/1/2 1767/1/2
f 1765/1/2 1755/1/2 1768/1/2
f 1767/1/2 1765/1/2 1768/1/2
f 1768/1/2 1755/1/2 1769/1/2
f 1758/1/2 1766/1/2 1770/1/2
f 1766/1/2 1767/1/2 1770/1/2
f 1767/1/2 1768/1/2 1770/1/2
f 1746/1/2 1758/1/2 1770/1/2
f 1770/1/2 1768/1/2 1771/1/2
f 1771/1/2 1768/1/2 1772/1/2
f 1772/1/2 1768/1/2 1773/1/2
f 1771/1/2 1772/1/2 1774/1/2
f 1774/1/2 1772/1/2 1775/1/2
f 1773/1/2 1768/1/2 1776/1/2
f 1776/1/2 1768/1/2 1777/1/2
f 1777/1/2 1768/1/2 1778/1/2
f 1778/1/2 1768/1/2 1779/1/2
f 1773/1/2 1776/1/2 1780/1/2
f 1776/8/2 1777/8/2 1781/8/2
f 1780/1/2 1776/1/2 1781/1/2
f 1781/8/2 1777/8/2 1782/8/2
f 1777/1/2 1778/1/2 1783/1/2
f 1782/8/2 1777/8/2 1783/8/2
f 1783/1/2 1778/1/2 1784/1/2
f 1784/1/2 1778/1/2 1785/1/2
f 1773/1/2 1780/1/2 1786/1/2
f 1786/1/2 1780/1/2 1787/1/2
f 1779/1/2 1768/1/2 1788/1/2
f 1788/1/2 1768/1/2 1789/1/2
f 1773/1/2 1786/1/2 1790/1/2
f 1790/1/2 1786/1/2 1791/1/2
f 1791/1/2 1786/1/2 1792/1/2
f 1792/1/2 1786/1/2 1793/1/2
f 1783/1/2 1784/1/2 1795/1/2
f 1782/1/2 1783/1/2 1795/1/2
f 1795/1/2 1784/1/2 1796/1/2
f 1796/1/2 1784/1/2 1797/1/2
f 1779/1/2 1788/1/2 1798/1/2
f 1798/1/2 1788/1/2 1799/1/2
f 1791/1/2 1792/1/2 1800/1/2
f 1800/1/2 1792/1/2 1801/1/2
f 1795/1/2 1796/1/2 1802/1/2
f 1794/1/2 1795/1/2 1802/1/2
f 1802/1/2 1796/1/2 1803/1/2
f 1799/1/2 1788/1/2 1804/1/2
f 1804/1/2 1788/1/2 1805/1/2
f 1806/3/2 1807/3/2 1811/3/2
f 1808/3/2 1809/3/2 1813/3/2
f 1812/3/2 1813/3/2 1815/3/2
f 1813/3/2 1809/3/2 1816/3/2
f 1815/3/2 1813/3/2 1816/3/2
f 1816/3/2 1809/3/2 1817/3/2
f 1810/3/2 1811/3/2 1819/3/2
f 1811/3/2 1807/3/2 1820/3/2
f 1819/3/2 1811/3/2 1820/3/2
f 1814/3/2 1815/3/2 1823/3/2
f 1815/3/2 1816/3/2 1823/3/2
f 1823/3/2 1816/3/2 1824/3/2
f 1820/3/2 1821/3/2 1825/3/2
f 1818/3/2 1819/3/2 1825/3/2
f 1819/3/2 1820/3/2 1825/3/2
f 1825/3/2 1821/3/2 1826/3/2
f 1823/3/2 1824/3/2 1828/3/2
f 1826/3/2 1827/3/2 1828/3/2
f 1825/3/2 1826/3/2 1828/3/2
f 1824/3/2 1825/3/2 1828/3/2
f 1822/3/2 1823/3/2 1828/3/2
f 1828/3/2 1827/3/2 1829/3/2
f 1830/1/2 1831/1/2 1836/1/2
f 1836/1/2 1831/1/2 1837/1/2
f 1832/1/2 1833/1/2 1838/1/2
f 1834/3/2 1835/3/2 1839/3/2
f 1838/1/2 1833/1/2 1839/1/2
f 1833/3/2 1834/3/2 1839/3/2
f 1839/3/2 1835/3/2 1840/3/2
f 1836/3/2 1837/3/2 1841/3/2
f 1837/1/2 1831/1/2 1842/1/2
f 1841/3/2 1837/3/2 1842/3/2
f 1842/1/2 1831/1/2 1843/1/2
f 1841/1/2 1842/1/2 1844/1/2
f 1844/1/2 1842/1/2 1845/1/2
f 1843/1/2 1831/1/2 1846/1/2
f 1846/1/2 1831/1/2 1847/1/2
f 1848/12/2 1849/12/2 1850/12/2
f 1850/12/2 1849/12/2 1851/12/2
f 1852/8/2 1853/8/2 1854/8/2
f 1854/8/2 1853/8/2 1855/8/2
f 1854/1/2 1855/1/2 1856/1/2
f 1856/1/2 1855/1/2 1857/1/2
f 1854/1/2 1856/1/2 1858/1/2
f 1856/8/2 1857/8/2 1858/8/2
f 1857/1/2 1855/1/2 1859/1/2
f 1858/8/2 1857/8/2 1859/8/2
f 1858/1/2 1859/1/2 1860/1/2
f 1859/1/2 1855/1/2 1860/1/2
f 1860/1/2 1855/1/2 1861/1/2
f 1858/1/2 1860/1/2 1862/1/2
f 1860/8/2 1861/8/2 1862/8/2
f 1861/1/2 1855/1/2 1863/1/2
f 1862/8/2 1861/8/2 1863/8/2
f 1854/1/2 1858/1/2 1864/1/2
f 1858/1/2 1862/1/2 1864/1/2
f 1862/1/2 1863/1/2 1864/1/2
f 1864/1/2 1863/1/2 1865/1/2
f 1854/1/2 1864/1/2 1866/1/2
f 1866/1/2 1864/1/2 1867/1/2
f 1865/1/2 1863/1/2 1868/1/2
f 1863/1/2 1855/1/2 1869/1/2
f 1868/1/2 1863/1/2 1869/1/2
f 1867/1/2 1864/1/2 1870/1/2
f 1864/8/2 1865/8/2 1871/8/2
f 1870/1/2 1864/1/2 1871/1/2
f 1865/1/2 1868/1/2 1872/1/2
f 1871/8/2 1865/8/2 1872/8/2
f 1867/1/2 1870/1/2 1873/1/2
f 1873/1/2 1870/1/2 1874/1/2
f 1872/1/2 1868/1/2 1875/1/2
f 1875/1/2 1868/1/2 1876/1/2
f 1877/3/2 1878/3/2 1880/3/2
f 1879/3/2 1880/3/2 1882/3/2
f 1880/3/2 1878/3/2 1883/3/2
f 1882/3/2 1880/3/2 1883/3/2
f 1883/3/2 1878/3/2 1884/3/2
f 1881/12/2 1882/12/2 1885/12/2
f 1882/12/2 1883/12/2 1885/12/2
f 1885/12/2 1883/12/2 1886/12/2
f 1887/5/2 1888/5/2 1889/5/2
f 1889/5/2 1888/5/2 1890/5/2
f 1891/3/2 1892/3/2 1893/3/2
f 1893/3/2 1892/3/2 1894/3/2
f 1894/3/2 1892/3/2 1895/3/2
f 1895/3/2 1896/3/2 1897/3/2
f 1894/3/2 1895/3/2 1897/3/2
f 1897/3/2 1896/3/2 1898/3/2
f 1899/1/2 1900/1/2 1902/1/2
f 1902/1/2 1900/1/2 1903/1/2
f 1901/8/2 1902/8/2 1904/8/2
f 1902/8/2 1903/8/2 1904/8/2
f 1904/8/2 1903/8/2 1905/8/2
f 1901/8/2 1904/8/2 1906/8/2
f 1906/8/2 1904/8/2 1907/8/2
f 1908/12/2 1909/12/2 1910/12/2
f 1910/12/2 1909/12/2 1911/12/2
f 1912/1/2 1913/1/2 1916/1/2
f 1916/1/2 1913/1/2 1917/1/2
f 1914/7/2 1915/7/2 1919/7/2
f 1919/7/2 1915/7/2 1920/7/2
f 1917/8/2 1918/8/2 1923/8/2
f 1916/8/2 1917/8/2 1923/8/2
f 1923/8/2 1918/8/2 1924/8/2
f 1921/8/2 1922/8/2 1925/8/2
f 1925/8/2 1922/8/2 1926/8/2
f 1927/2/2 1928/2/2 1929/2/2
f 1929/2/2 1928/2/2 1930/2/2
f 1929/3/2 1930/3/2 1931/3/2
f 1931/3/2 1930/3/2 1932/3/2
f 1932/3/2 1930/3/2 1933/3/2
f 1934/12/2 1935/12/2 1936/12/2
f 1936/12/2 1935/12/2 1937/12/2
f 1938/8/2 1939/8/2 1940/8/2
f 1940/8/2 1939/8/2 1941/8/2
f 1942/3/2 1943/3/2 1944/3/2
f 1944/3/2 1943/3/2 1945/3/2
f 1946/1/2 1947/1/2 1950/1/2
f 1948/1/2 1949/1/2 1951/1/2
f 1951/1/2 1949/1/2 1952/1/2
f 1950/1/2 1947/1/2 1953/1/2
f 1953/1/2 1947/1/2 1954/1/2
f 1954/1/2 1947/1/2 1955/1/2
f 1948/1/2 1951/1/2 1956/1/2
f 1956/1/2 1951/1/2 1957/1/2
f 1957/1/2 1951/1/2 1958/1/2
f 1954/8/2 1955/8/2 1959/8/2
f 1959/8/2 1955/8/2 1960/8/2
f 1960/8/2 1955/8/2 1961/8/2
f 1956/8/2 1957/8/2 1962/8/2
f 1962/8/2 1957/8/2 1963/8/2
f 1964/1/2 1965/1/2 1966/1/2
f 1966/1/2 1965/1/2 1967/1/2
f 1967/1/2 1965/1/2 1968/1/2
f 1968/1/2 1965/1/2 1969/1/2
f 1964/1/2 1966/1/2 1970/1/2
f 1970/1/2 1966/1/2 1971/1/2
f 1967/1/2 1968/1/2 1972/1/2
f 1972/1/2 1968/1/2 1973/1/2
f 1973/1/2 1968/1/2 1974/1/2
f 1974/1/2 1968/1/2 1975/1/2
f 1972/8/2 1973/8/2 1977/8/2
f 1973/1/2 1974/1/2 1978/1/2
f 1977/8/2 1973/8/2 1978/8/2
f 1974/8/2 1975/8/2 1979/8/2
f 1978/1/2 1974/1/2 1979/1/2
f 1976/8/2 1977/8/2 1981/8/2
f 1977/8/2 1978/8/2 1981/8/2
f 1978/8/2 1979/8/2 1981/8/2
f 1980/8/2 1981/8/2 1982/8/2
f 1979/8/2 1975/8/2 1983/8/2
f 1982/8/2 1981/8/2 1983/8/2
f 1981/8/2 1979/8/2 1983/8/2
f 1984/3/2 1985/3/2 1986/3/2
f 1986/3/2 1985/3/2 1987/3/2
f 1988/12/2 1989/12/2 1990/12/2
f 1990/12/2 1989/12/2 1991/12/2
f 1992/12/2 1993/12/2 1994/12/2
f 1994/12/2 1993/12/2 1995/12/2
f 1996/3/2 1997/3/2 1998/3/2
f 1998/3/2 1997/3/2 1999/3/2
f 2000/1/2 2001/1/2 2004/1/2
f 2004/1/2 2001/1/2 2005/1/2
f 2002/1/2 2003/1/2 2006/1/2
f 2006/1/2 2003/1/2 2007/1/2
f 2004/3/2 2005/3/2 2009/3/2
f 2009/3/2 2005/3/2 2010/3/2
f 2008/12/2 2009/12/2 2011/12/2
f 2009/12/2 2010/12/2 2011/12/2
f 2011/12/2 2010/12/2 2012/12/2
f 2013/3/2 2014/3/2 2015/3/2
f 2015/3/2 2014/3/2 2016/3/2
f 2017/12/2 2018/12/2 2019/12/2
f 2019/12/2 2018/12/2 2020/12/2
f 2021/1/2 2022/1/2 2023/1/2
f 2023/1/2 2022/1/2 2024/1/2
f 2025/1/2 2026/1/2 2027/1/2
f 2027/1/2 2026/1/2 2028/1/2
f 2029/3/2 2030/3/2 2034/3/2
f 2034/3/2 2030/3/2 2035/3/2
f 2032/3/2 2033/3/2 2036/3/2
f 2031/3/2 2032/3/2 2036/3/2
f 2036/3/2 2033/3/2 2037/3/2
f 2038/3/2 2039/3/2 2042/3/2
f 2042/3/2 2039/3/2 2043/3/2
f 2040/12/2 2041/12/2 2044/12/2
f 2044/12/2 2041/12/2 2045/12/2
f 2046/1/2 2047/1/2 2049/1/2
f 2047/3/2 2048/3/2 2050/3/2
f 2049/1/2 2047/1/2 2050/1/2
f 2050/3/2 2048/3/2 2051/3/2
f 2049/1/2 2050/1/2 2052/1/2
f 2050/1/2 2051/1/2 2052/1/2
f 2052/1/2 2051/1/2 2053/1/2
f 2052/3/2 2053/3/2 2056/3/2
f 2054/3/2 2055/3/2 2056/3/2
f 2053/3/2 2054/3/2 2056/3/2
f 2056/3/2 2055/3/2 2057/3/2
f 2058/2/2 2059/2/2 2060/2/2
f 2061/3/2 2062/3/2 2064/3/2
f 2062/1/2 2063/1/2 2064/1/2
f 2064/1/2 2063/1/2 2065/1/2
f 2058/2/2 2060/2/2 2066/2/2
f 2060/1/2 2061/1/2 2066/1/2
f 2064/3/2 2065/3/2 2067/3/2
f 2066/1/2 2061/1/2 2067/1/2
f 2061/3/2 2064/3/2 2067/3/2
f 2067/3/2 2065/3/2 2068/3/2
f 2058/2/2 2066/2/2 2069/2/2
f 2069/2/2 2066/2/2 2070/2/2
f 2068/3/2 2065/3/2 2071/3/2
f 2071/3/2 2065/3/2 2072/3/2
f 2073/1/2 2074/1/2 2077/1/2
f 2077/1/2 2074/1/2 2078/1/2
f 2075/1/2 2076/1/2 2079/1/2
f 2079/1/2 2076/1/2 2080/1/2
f 2081/4/2 2082/4/2 2083/4/2
f 2083/4/2 2082/4/2 2084/4/2
f 2085/1/2 2086/1/2 2091/1/2
f 2091/1/2 2086/1/2 2092/1/2
f 2087/3/2 2088/3/2 2094/3/2
f 2094/3/2 2088/3/2 2095/3/2
f 2089/3/2 2090/3/2 2096/3/2
f 2094/3/2 2095/3/2 2097/3/2
f 2095/3/2 2096/3/2 2097/3/2
f 2093/3/2 2094/3/2 2097/3/2
f 2096/3/2 2090/3/2 2098/3/2
f 2097/3/2 2096/3/2 2098/3/2
f 2098/3/2 2090/3/2 2099/3/2
f 2099/3/2 2090/3/2 2100/3/2
f 2098/12/2 2099/12/2 2101/12/2
f 2101/12/2 2099/12/2 2102/12/2
f 2103/8/2 2104/8/2 2105/8/2
f 2105/8/2 2104/8/2 2106/8/2
f 2105/2/2 2106/2/2 2107/2/2
f 2107/2/2 2106/2/2 2108/2/2
f 2116/8/3 2114/8/3 2113/8/3
f 2116/1/3 2115/1/3 2114/1/3
f 2117/1/3 2115/1/3 2116/1/3
f 2118/1/3 2115/1/3 2117/1/3
f 2119/1/3 2115/1/3 2118/1/3
f 2120/8/3 2117/8/3 2116/8/3
f 2120/1/3 2118/1/3 2117/1/3
f 2121/1/3 2118/1/3 2120/1/3
f 2122/1/3 2118/1/3 2121/1/3
f 2124/8/3 2116/8/3 2113/8/3
f 2124/8/3 2120/8/3 2116/8/3
f 2124/8/3 2121/8/3 2120/8/3
f 2125/1/3 2123/1/3 2122/1/3
f 2125/8/3 2121/8/3 2124/8/3
f 2125/1/3 2122/1/3 2121/1/3
f 2126/1/3 2123/1/3 2125/1/3
f 2128/1/3 2113/1/3 2112/1/3
f 2129/1/3 2113/1/3 2128/1/3
f 2130/1/3 2127/1/3 2126/1/3
f 2130/1/3 2126/1/3 2125/1/3
f 2130/1/3 2125/1/3 2124/1/3
f 2131/1/3 2127/1/3 2130/1/3
f 2132/1/3 2127/1/3 2131/1/3
f 2134/8/3 2110/8/3 2109/8/3
f 2135/1/3 2111/1/3 2110/1/3
f 2135/8/3 2110/8/3 2134/8/3
f 2136/3/3 2133/3/3 2132/3/3
f 2136/1/3 2132/1/3 2131/1/3
f 2137/3/3 2133/3/3 2136/3/3
f 2138/8/3 2129/8/3 2128/8/3
f 2138/1/3 2128/1/3 2112/1/3
f 2139/8/3 2129/8/3 2138/8/3
f 2140/1/3 2113/1/3 2129/1/3
f 2141/8/3 2124/8/3 2113/8/3
f 2141/1/3 2113/1/3 2140/1/3
f 2142/1/3 2111/1/3 2135/1/3
f 2142/1/3 2135/1/3 2134/1/3
f 2143/8/3 2112/8/3 2111/8/3
f 2143/1/3 2111/1/3 2142/1/3
f 2144/1/3 2138/1/3 2112/1/3
f 2144/8/3 2112/8/3 2143/8/3
f 2144/8/3 2143/8/3 2142/8/3
f 2144/1/3 2139/1/3 2138/1/3
f 2145/1/3 2139/1/3 2144/1/3
f 2146/8/3 2134/8/3 2109/8/3
f 2147/1/3 2142/1/3 2134/1/3
f 2147/8/3 2134/8/3 2146/8/3
f 2148/8/3 2144/8/3 2142/8/3
f 2148/1/3 2142/1/3 2147/1/3
f 2148/8/3 2145/8/3 2144/8/3
f 2149/8/3 2145/8/3 2148/8/3
f 2150/1/3 2139/1/3 2145/1/3
f 2150/8/3 2129/8/3 2139/8/3
f 2151/1/3 2140/1/3 2129/1/3
f 2151/8/3 2129/8/3 2150/8/3
f 2152/1/3 2137/1/3 2136/1/3
f 2153/3/3 2133/3/3 2137/3/3
f 2153/1/3 2137/1/3 2152/1/3
f 2154/1/3 2152/1/3 2136/1/3
f 2155/3/3 2153/3/3 2152/3/3
f 2155/1/3 2152/1/3 2154/1/3
f 2156/8/3 2145/8/3 2149/8/3
f 2157/1/3 2150/1/3 2145/1/3
f 2157/8/3 2145/8/3 2156/8/3
f 2157/1/3 2151/1/3 2150/1/3
f 2158/8/3 2131/8/3 2130/8/3
f 2159/1/3 2136/1/3 2131/1/3
f 2159/8/3 2131/8/3 2158/8/3
f 2159/1/3 2154/1/3 2136/1/3
f 2160/1/3 2154/1/3 2159/1/3
f 2161/3/3 2155/3/3 2154/3/3
f 2161/1/3 2154/1/3 2160/1/3
f 2162/1/3 2149/1/3 2148/1/3
f 2162/1/3 2147/1/3 2146/1/3
f 2162/1/3 2148/1/3 2147/1/3
f 2163/1/3 2149/1/3 2162/1/3
f 2164/3/3 2161/3/3 2160/3/3
f 2164/1/3 2159/1/3 2158/1/3
f 2164/1/3 2160/1/3 2159/1/3
f 2165/3/3 2155/3/3 2161/3/3
f 2165/3/3 2161/3/3 2164/3/3
f 2166/1/3 2140/1/3 2151/1/3
f 2166/1/3 2151/1/3 2157/1/3
f 2166/1/3 2157/1/3 2156/1/3
f 2167/1/3 2140/1/3 2166/1/3
f 2168/1/3 2130/1/3 2124/1/3
f 2168/8/3 2158/8/3 2130/8/3
f 2169/1/3 2164/1/3 2158/1/3
f 2169/8/3 2158/8/3 2168/8/3
f 2169/1/3 2165/1/3 2164/1/3
f 2170/1/3 2166/1/3 2156/1/3
f 2171/1/3 2166/1/3 2170/1/3
f 2172/1/3 2140/1/3 2167/1/3
f 2172/8/3 2141/8/3 2140/8/3
f 2173/8/3 2124/8/3 2141/8/3
f 2173/8/3 2141/8/3 2172/8/3
f 2174/1/3 2165/1/3 2169/1/3
f 2174/1/3 2169/1/3 2168/1/3
f 2175/3/3 2155/3/3 2165/3/3
f 2175/1/3 2165/1/3 2174/1/3
f 2176/1/3 2166/1/3 2171/1/3
f 2176/8/3 2167/8/3 2166/8/3
f 2177/1/3 2172/1/3 2167/1/3
f 2177/8/3 2167/8/3 2176/8/3
f 2177/1/3 2173/1/3 2172/1/3
f 2178/8/3 2171/8/3 2170/8/3
f 2178/1/3 2170/1/3 2156/1/3
f 2179/1/3 2176/1/3 2171/1/3
f 2179/8/3 2171/8/3 2178/8/3
f 2179/1/3 2177/1/3 2176/1/3
f 2180/1/3 2174/1/3 2168/1/3
f 2180/3/3 2175/3/3 2174/3/3
f 2181/3/3 2153/3/3 2155/3/3
f 2181/3/3 2175/3/3 2180/3/3
f 2181/3/3 2155/3/3 2175/3/3
f 2182/1/3 2149/1/3 2163/1/3
f 2182/8/3 2163/8/3 2162/8/3
f 2183/1/3 2149/1/3 2182/1/3
f 2184/1/3 2178/1/3 2156/1/3
f 2184/8/3 2156/8/3 2149/8/3
f 2184/1/3 2179/1/3 2178/1/3
f 2185/1/3 2177/1/3 2179/1/3
f 2185/1/3 2179/1/3 2184/1/3
f 2186/1/3 2177/1/3 2185/1/3
f 2187/1/3 2173/1/3 2177/1/3
f 2187/1/3 2177/1/3 2186/1/3
f 2188/8/3 2184/8/3 2149/8/3
f 2188/8/3 2185/8/3 2184/8/3
f 2189/1/3 2186/1/3 2185/1/3
f 2189/8/3 2185/8/3 2188/8/3
f 2190/3/3 2153/3/3 2181/3/3
f 2190/1/3 2181/1/3 2180/1/3
f 2191/3/3 2133/3/3 2153/3/3
f 2191/3/3 2153/3/3 2190/3/3
f 2192/8/3 2183/8/3 2182/8/3
f 2192/1/3 2162/1/3 2146/1/3
f 2192/8/3 2182/8/3 2162/8/3
f 2193/1/3 2149/1/3 2183/1/3
f 2193/8/3 2183/8/3 2192/8/3
f 2194/1/3 2186/1/3 2189/1/3
f 2194/1/3 2189/1/3 2188/1/3
f 2195/8/3 2187/8/3 2186/8/3
f 2195/1/3 2186/1/3 2194/1/3
f 2196/8/3 2195/8/3 2194/8/3
f 2196/8/3 2187/8/3 2195/8/3
f 2197/1/3 2173/1/3 2187/1/3
f 2197/8/3 2187/8/3 2196/8/3
f 2198/3/3 2133/3/3 2191/3/3
f 2198/1/3 2191/1/3 2190/1/3
f 2199/3/3 2133/3/3 2198/3/3
f 2200/1/3 2180/1/3 2168/1/3
f 2200/1/3 2190/1/3 2180/1/3
f 2200/1/3 2198/1/3 2190/1/3
f 2201/1/3 2198/1/3 2200/1/3
f 2202/1/3 2193/1/3 2192/1/3
f 2202/1/3 2149/1/3 2193/1/3
f 2203/1/3 2149/1/3 2202/1/3
f 2204/8/3 2196/8/3 2194/8/3
f 2204/1/3 2194/1/3 2188/1/3
f 2205/1/3 2197/1/3 2196/1/3
f 2205/8/3 2196/8/3 2204/8/3
f 2206/1/3 2192/1/3 2146/1/3
f 2206/1/3 2202/1/3 2192/1/3
f 2207/8/3 2203/8/3 2202/8/3
f 2207/1/3 2202/1/3 2206/1/3
f 2208/8/3 2207/8/3 2206/8/3
f 2208/8/3 2203/8/3 2207/8/3
f 2209/1/3 2149/1/3 2203/1/3
f 2209/8/3 2203/8/3 2208/8/3
f 2210/8/3 2208/8/3 2206/8/3
f 2210/1/3 2206/1/3 2146/1/3
f 2211/1/3 2209/1/3 2208/1/3
f 2211/8/3 2208/8/3 2210/8/3
f 2212/1/3 2205/1/3 2204/1/3
f 2213/1/3 2197/1/3 2205/1/3
f 2213/1/3 2205/1/3 2212/1/3
f 2213/1/3 2173/1/3 2197/1/3
f 2214/1/3 2200/1/3 2168/1/3
f 2215/1/3 2200/1/3 2214/1/3
f 2216/8/3 2146/8/3 2109/8/3
f 2216/1/3 2211/1/3 2210/1/3
f 2216/1/3 2210/1/3 2146/1/3
f 2217/1/3 2209/1/3 2211/1/3
f 2217/1/3 2211/1/3 2216/1/3
f 2218/1/3 2149/1/3 2209/1/3
f 2218/1/3 2209/1/3 2217/1/3
f 2218/8/3 2188/8/3 2149/8/3
f 2219/1/3 2212/1/3 2204/1/3
f 2219/8/3 2188/8/3 2218/8/3
f 2219/1/3 2204/1/3 2188/1/3
f 2220/8/3 2213/8/3 2212/8/3
f 2220/1/3 2212/1/3 2219/1/3
f 2221/1/3 2173/1/3 2213/1/3
f 2221/8/3 2213/8/3 2220/8/3
f 2222/8/3 2124/8/3 2173/8/3
f 2222/1/3 2173/1/3 2221/1/3
f 2223/1/3 2168/1/3 2124/1/3
f 2223/8/3 2124/8/3 2222/8/3
f 2223/1/3 2214/1/3 2168/1/3
f 2224/1/3 2214/1/3 2223/1/3
f 2225/8/3 2216/8/3 2109/8/3
f 2226/2/3 2217/2/3 2216/2/3
f 2226/8/3 2216/8/3 2225/8/3
f 2227/2/3 2217/2/3 2226/2/3
f 2230/1/3 2229/1/3 2228/1/3
f 2231/1/3 2229/1/3 2230/1/3
f 2232/1/3 2230/1/3 2228/1/3
f 2233/1/3 2230/1/3 2232/1/3
f 2234/1/3 2232/1/3 2228/1/3
f 2235/1/3 2232/1/3 2234/1/3
f 2238/1/3 2237/1/3 2236/1/3
f 2239/1/3 2237/1/3 2238/1/3
f 2243/1/3 2241/1/3 2240/1/3
f 2244/3/3 2242/3/3 2241/3/3
f 2244/1/3 2241/1/3 2243/1/3
f 2245/3/3 2242/3/3 2244/3/3
f 2248/12/3 2247/12/3 2246/12/3
f 2249/12/3 2247/12/3 2248/12/3
f 2252/3/3 2251/3/3 2250/3/3
f 2253/3/3 2251/3/3 2252/3/3
f 2256/3/3 2255/3/3 2254/3/3
f 2257/3/3 2255/3/3 2256/3/3
f 2258/1/3 2257/1/3 2256/1/3
f 2259/3/3 2255/3/3 2257/3/3
f 2259/1/3 2257/1/3 2258/1/3
f 2260/3/3 2255/3/3 2259/3/3
f 2264/1/3 2262/1/3 2261/1/3
f 2265/3/3 2263/3/3 2262/3/3
f 2265/1/3 2262/1/3 2264/1/3
f 2266/3/3 2263/3/3 2265/3/3
f 2269/12/3 2268/12/3 2267/12/3
f 2270/12/3 2268/12/3 2269/12/3
f 2273/1/3 2272/1/3 2271/1/3
f 2274/1/3 2272/1/3 2273/1/3
f 2275/1/3 2272/1/3 2274/1/3
f 2276/1/3 2272/1/3 2275/1/3
f 2279/4/3 2278/4/3 2277/4/3
f 2280/4/3 2278/4/3 2279/4/3
f 2283/1/3 2282/1/3 2281/1/3
f 2284/1/3 2282/1/3 2283/1/3
f 2287/12/3 2286/12/3 2285/12/3
f 2288/12/3 2286/12/3 2287/12/3
f 2291/3/3 2290/3/3 2289/3/3
f 2292/3/3 2290/3/3 2291/3/3
f 2296/1/3 2294/1/3 2293/1/3
f 2297/3/3 2295/3/3 2294/3/3
f 2297/1/3 2294/1/3 2296/1/3
f 2298/3/3 2295/3/3 2297/3/3
f 2302/3/3 2300/3/3 2299/3/3
f 2304/3/3 2302/3/3 2301/3/3
f 2305/3/3 2304/3/3 2303/3/3
f 2306/3/3 2302/3/3 2304/3/3
f 2306/3/3 2304/3/3 2305/3/3
f 2307/3/3 2302/3/3 2306/3/3
f 2308/3/3 2300/3/3 2302/3/3
f 2308/3/3 2302/3/3 2307/3/3
f 2309/3/3 2300/3/3 2308/3/3
f 2310/3/3 2300/3/3 2309/3/3
f 2316/1/3 2312/1/3 2311/1/3
f 2317/3/3 2313/3/3 2312/3/3
f 2317/1/3 2312/1/3 2316/1/3
f 2322/1/3 2315/1/3 2314/1/3
f 2323/1/3 2315/1/3 2322/1/3
f 2324/3/3 2317/3/3 2316/3/3
f 2325/3/3 2313/3/3 2317/3/3
f 2325/3/3 2317/3/3 2324/3/3
f 2326/1/3 2321/1/3 2320/1/3
f 2327/1/3 2321/1/3 2326/1/3
f 2328/1/3 2326/1/3 2320/1/3
f 2329/1/3 2326/1/3 2328/1/3
f 2330/1/3 2328/1/3 2320/1/3
f 2331/1/3 2328/1/3 2330/1/3
f 2332/1/3 2328/1/3 2331/1/3
f 2333/1/3 2328/1/3 2332/1/3
f 2334/1/3 2332/1/3 2331/1/3
f 2334/8/3 2333/8/3 2332/8/3
f 2335/1/3 2328/1/3 2333/1/3
f 2335/8/3 2333/8/3 2334/8/3
f 2336/1/3 2330/1/3 2320/1/3
f 2336/8/3 2331/8/3 2330/8/3
f 2337/1/3 2335/1/3 2334/1/3
f 2337/8/3 2331/8/3 2336/8/3
f 2337/1/3 2334/1/3 2331/1/3
f 2338/1/3 2319/1/3 2318/1/3
f 2339/8/3 2320/8/3 2319/8/3
f 2339/1/3 2319/1/3 2338/1/3
f 2340/1/3 2336/1/3 2320/1/3
f 2340/8/3 2320/8/3 2339/8/3
f 2340/1/3 2337/1/3 2336/1/3
f 2341/1/3 2335/1/3 2337/1/3
f 2341/1/3 2337/1/3 2340/1/3
f 2342/1/3 2328/1/3 2335/1/3
f 2342/1/3 2335/1/3 2341/1/3
f 2346/1/3 2343/1/3 2342/1/3
f 2348/12/3 2345/12/3 2344/12/3
f 2349/12/3 2345/12/3 2348/12/3
f 2350/8/3 2340/8/3 2339/8/3
f 2350/8/3 2341/8/3 2340/8/3
f 2350/8/3 2339/8/3 2338/8/3
f 2351/1/3 2347/1/3 2346/1/3
f 2351/8/3 2341/8/3 2350/8/3
f 2351/1/3 2342/1/3 2341/1/3
f 2351/1/3 2346/1/3 2342/1/3
f 2352/1/3 2351/1/3 2350/1/3
f 2352/1/3 2347/1/3 2351/1/3
f 2353/1/3 2347/1/3 2352/1/3
f 2354/8/3 2350/8/3 2338/8/3
f 2355/8/3 2350/8/3 2354/8/3
f 2356/8/3 2350/8/3 2355/8/3
f 2357/1/3 2352/1/3 2350/1/3
f 2357/8/3 2350/8/3 2356/8/3
f 2358/8/3 2356/8/3 2355/8/3
f 2359/1/3 2357/1/3 2356/1/3
f 2359/8/3 2356/8/3 2358/8/3
f 2360/1/3 2352/1/3 2357/1/3
f 2360/1/3 2357/1/3 2359/1/3
f 2361/1/3 2355/1/3 2354/1/3
f 2362/8/3 2358/8/3 2355/8/3
f 2362/1/3 2355/1/3 2361/1/3
f 2363/8/3 2358/8/3 2362/8/3
f 2364/1/3 2361/1/3 2354/1/3
f 2365/1/3 2361/1/3 2364/1/3
f 2368/3/3 2367/3/3 2366/3/3
f 2369/3/3 2367/3/3 2368/3/3
f 2373/1/3 2371/1/3 2370/1/3
f 2374/3/3 2372/3/3 2371/3/3
f 2374/1/3 2371/1/3 2373/1/3
f 2375/3/3 2372/3/3 2374/3/3
f 2376/1/3 2373/1/3 2370/1/3
f 2377/1/3 2373/1/3 2376/1/3
f 2378/1/3 2376/1/3 2370/1/3
f 2379/1/3 2376/1/3 2378/1/3
f 2382/1/3 2381/1/3 2380/1/3
f 2383/1/3 2381/1/3 2382/1/3
f 2386/12/3 2385/12/3 2384/12/3
f 2387/12/3 2385/12/3 2386/12/3
f 2390/1/3 2389/1/3 2388/1/3
f 2391/1/3 2389/1/3 2390/1/3
f 2394/3/3 2393/3/3 2392/3/3
f 2395/3/3 2393/3/3 2394/3/3
f 2399/3/3 2397/3/3 2396/3/3
f 2399/3/3 2398/3/3 2397/3/3
f 2400/3/3 2398/3/3 2399/3/3
f 2403/8/3 2402/8/3 2401/8/3
f 2404/8/3 2402/8/3 2403/8/3
f 2405/8/3 2403/8/3 2401/8/3
f 2406/8/3 2403/8/3 2405/8/3
f 2407/8/3 2402/8/3 2404/8/3
f 2408/8/3 2402/8/3 2407/8/3
f 2411/3/3 2410/3/3 2409/3/3
f 2412/3/3 2410/3/3 2411/3/3
f 2415/3/3 2414/3/3 2413/3/3
f 2416/3/3 2414/3/3 2415/3/3
f 2417/1/3 2416/1/3 2415/1/3
f 2418/3/3 2414/3/3 2416/3/3
f 2418/1/3 2416/1/3 2417/1/3
f 2419/3/3 2414/3/3 2418/3/3
f 2422/8/3 2421/8/3 2420/8/3
f 2423/8/3 2421/8/3 2422/8/3
f 2424/8/3 2421/8/3 2423/8/3
f 2428/1/3 2426/1/3 2425/1/3
f 2429/8/3 2427/8/3 2426/8/3
f 2429/1/3 2426/1/3 2428/1/3
f 2430/8/3 2427/8/3 2429/8/3
f 2433/7/3 2432/7/3 2431/7/3
f 2434/7/3 2432/7/3 2433/7/3
f 2435/12/3 2434/12/3 2433/12/3
f 2436/12/3 2434/12/3 2435/12/3
f 2439/7/3 2438/7/3 2437/7/3
f 2440/7/3 2438/7/3 2439/7/3
f 2443/3/3 2442/3/3 2441/3/3
f 2444/3/3 2442/3/3 2443/3/3
f 2447/12/3 2446/12/3 2445/12/3
f 2448/12/3 2446/12/3 2447/12/3
f 2451/12/3 2450/12/3 2449/12/3
f 2452/12/3 2450/12/3 2451/12/3
f 2455/12/3 2454/12/3 2453/12/3
f 2456/12/3 2454/12/3 2455/12/3
f 2459/3/3 2458/3/3 2457/3/3
f 2460/3/3 2458/3/3 2459/3/3
f 2463/3/3 2462/3/3 2461/3/3
f 2464/3/3 2462/3/3 2463/3/3
f 2467/3/3 2466/3/3 2465/3/3
f 2468/3/3 2466/3/3 2467/3/3
f 2471/8/3 2470/8/3 2469/8/3
f 2472/8/3 2470/8/3 2471/8/3
f 2475/12/3 2474/12/3 2473/12/3
f 2476/12/3 2474/12/3 2475/12/3
f 2479/12/3 2478/12/3 2477/12/3
f 2480/12/3 2478/12/3 2479/12/3
f 2483/3/3 2482/3/3 2481/3/3
f 2484/3/3 2482/3/3 2483/3/3
f 2487/3/3 2486/3/3 2485/3/3
f 2488/3/3 2486/3/3 2487/3/3
f 2491/3/3 2490/3/3 2489/3/3
f 2492/3/3 2490/3/3 2491/3/3
f 2495/1/3 2494/1/3 2493/1/3
f 2496/1/3 2494/1/3 2495/1/3
f 2497/10/3 2496/10/3 2495/10/3
f 2498/10/3 2496/10/3 2497/10/3
f 2515/10/3 2500/10/3 2499/10/3
f 2516/10/3 2500/10/3 2515/10/3
f 2517/10/3 2502/10/3 2501/10/3
f 2518/10/3 2502/10/3 2517/10/3
f 2519/10/3 2504/10/3 2503/10/3
f 2520/10/3 2504/10/3 2519/10/3
f 2521/10/3 2506/10/3 2505/10/3
f 2522/10/3 2506/10/3 2521/10/3
f 2523/10/3 2508/10/3 2507/10/3
f 2524/10/3 2508/10/3 2523/10/3
f 2525/10/3 2510/10/3 2509/10/3
f 2526/10/3 2510/10/3 2525/10/3
f 2527/10/3 2512/10/3 2511/10/3
f 2528/10/3 2512/10/3 2527/10/3
f 2529/10/3 2514/10/3 2513/10/3
f 2530/10/3 2514/10/3 2529/10/3
f 2547/10/3 2532/10/3 2531/10/3
f 2548/10/3 2532/10/3 2547/10/3
f 2549/10/3 2534/10/3 2533/10/3
f 2550/10/3 2534/10/3 2549/10/3
f 2551/10/3 2536/10/3 2535/10/3
f 2552/10/3 2536/10/3 2551/10/3
f 2553/10/3 2538/10/3 2537/10/3
f 2554/10/3 2538/10/3 2553/10/3
f 2555/10/3 2540/10/3 2539/10/3
f 2556/10/3 2540/10/3 2555/10/3
f 2557/10/3 2542/10/3 2541/10/3
f 2558/10/3 2542/10/3 2557/10/3
f 2559/10/3 2544/10/3 2543/10/3
f 2560/10/3 2544/10/3 2559/10/3
f 2561/10/3 2546/10/3 2545/10/3
f 2562/10/3 2546/10/3 2561/10/3
f 2565/12/3 2564/12/3 2563/12/3
f 2566/12/3 2564/12/3 2565/12/3
f 2569/12/3 2568/12/3 2567/12/3
f 2570/12/3 2568/12/3 2569/12/3
f 2574/3/3 2572/3/3 2571/3/3
f 2575/3/3 2574/3/3 2573/3/3
f 2576/3/3 2572/3/3 2574/3/3
f 2576/3/3 2574/3/3 2575/3/3
f 2578/3/3 2572/3/3 2576/3/3
f 2579/3/3 2578/3/3 2577/3/3
f 2580/3/3 2572/3/3 2578/3/3
f 2580/3/3 2578/3/3 2579/3/3
f 2581/3/3 2572/3/3 2580/3/3
f 2582/3/3 2572/3/3 2581/3/3
f 2585/1/3 2584/1/3 2583/1/3
f 2586/1/3 2584/1/3 2585/1/3
f 2590/1/3 2588/1/3 2587/1/3
f 2590/1/3 2589/1/3 2588/1/3
f 2591/1/3 2589/1/3 2590/1/3
f 2592/1/3 2589/1/3 2591/1/3
f 2593/1/3 2589/1/3 2592/1/3
f 2594/1/3 2590/1/3 2587/1/3
f 2595/8/3 2591/8/3 2590/8/3
f 2595/1/3 2590/1/3 2594/1/3
f 2596/1/3 2592/1/3 2591/1/3
f 2596/8/3 2591/8/3 2595/8/3
f 2597/1/3 2592/1/3 2596/1/3
f 2600/1/3 2599/1/3 2598/1/3
f 2601/1/3 2599/1/3 2600/1/3
f 2604/1/3 2603/1/3 2602/1/3
f 2605/1/3 2603/1/3 2604/1/3
f 2608/3/3 2607/3/3 2606/3/3
f 2609/3/3 2607/3/3 2608/3/3
f 2612/12/3 2611/12/3 2610/12/3
f 2613/12/3 2611/12/3 2612/12/3
f 2614/5/3 2613/5/3 2612/5/3
f 2615/5/3 2613/5/3 2614/5/3
f 2618/1/3 2617/1/3 2616/1/3
f 2620/1/3 2618/1/3 2616/1/3
f 2621/3/3 2619/3/3 2618/3/3
f 2621/1/3 2618/1/3 2620/1/3
f 2622/3/3 2619/3/3 2621/3/3
f 2625/1/3 2624/1/3 2623/1/3
f 2626/1/3 2624/1/3 2625/1/3
f 2629/12/3 2628/12/3 2627/12/3
f 2630/12/3 2628/12/3 2629/12/3
f 2634/3/3 2632/3/3 2631/3/3
f 2634/3/3 2633/3/3 2632/3/3
f 2635/3/3 2633/3/3 2634/3/3
f 2638/3/3 2637/3/3 2636/3/3
f 2639/3/3 2637/3/3 2638/3/3
f 2642/12/3 2641/12/3 2640/12/3
f 2643/12/3 2641/12/3 2642/12/3
f 2647/3/3 2646/3/3 2645/3/3
f 2648/1/3 2645/1/3 2644/1/3
f 2649/3/3 2647/3/3 2645/3/3
f 2649/1/3 2645/1/3 2648/1/3
f 2650/3/3 2647/3/3 2649/3/3
f 2651/3/3 2647/3/3 2650/3/3
f 2652/3/3 2647/3/3 2651/3/3
f 2655/3/3 2654/3/3 2653/3/3
f 2656/3/3 2654/3/3 2655/3/3
f 2659/12/3 2658/12/3 2657/12/3
f 2660/12/3 2658/12/3 2659/12/3
f 2663/12/3 2662/12/3 2661/12/3
f 2664/12/3 2662/12/3 2663/12/3
f 2667/3/3 2666/3/3 2665/3/3
f 2668/3/3 2666/3/3 2667/3/3
f 2672/3/3 2670/3/3 2669/3/3
f 2674/3/3 2672/3/3 2671/3/3
f 2676/3/3 2674/3/3 2673/3/3
f 2678/3/3 2676/3/3 2675/3/3
f 2679/3/3 2670/3/3 2672/3/3
f 2679/3/3 2672/3/3 2674/3/3
f 2679/3/3 2676/3/3 2678/3/3
f 2679/3/3 2674/3/3 2676/3/3
f 2680/3/3 2670/3/3 2679/3/3
f 2681/3/3 2678/3/3 2677/3/3
f 2681/3/3 2679/3/3 2678/3/3
f 2682/3/3 2679/3/3 2681/3/3
f 2687/1/3 2686/1/3 2685/1/3
f 2689/1/3 2688/1/3 2687/1/3
f 2690/1/3 2688/1/3 2689/1/3
f 2691/1/3 2684/1/3 2683/1/3
f 2692/1/3 2684/1/3 2691/1/3
f 2693/1/3 2684/1/3 2692/1/3
f 2694/1/3 2689/1/3 2687/1/3
f 2695/1/3 2689/1/3 2694/1/3
f 2696/1/3 2694/1/3 2687/1/3
f 2697/1/3 2694/1/3 2696/1/3
f 2698/1/3 2687/1/3 2685/1/3
f 2698/1/3 2696/1/3 2687/1/3
f 2699/1/3 2696/1/3 2698/1/3
f 2700/1/3 2698/1/3 2685/1/3
f 2702/1/3 2700/1/3 2685/1/3
f 2702/1/3 2701/1/3 2700/1/3
f 2703/1/3 2701/1/3 2702/1/3
f 2704/1/3 2701/1/3 2703/1/3
f 2705/1/3 2701/1/3 2704/1/3
f 2706/1/3 2684/1/3 2693/1/3
f 2707/8/3 2685/8/3 2684/8/3
f 2707/1/3 2684/1/3 2706/1/3
f 2708/1/3 2702/1/3 2685/1/3
f 2708/8/3 2685/8/3 2707/8/3
f 2709/1/3 2702/1/3 2708/1/3
f 2712/1/3 2711/1/3 2710/1/3
f 2714/1/3 2712/1/3 2710/1/3
f 2714/1/3 2713/1/3 2712/1/3
f 2715/1/3 2713/1/3 2714/1/3
f 2718/1/3 2717/1/3 2716/1/3
f 2719/1/3 2717/1/3 2718/1/3
f 2720/1/3 2717/1/3 2719/1/3
f 2721/1/3 2720/1/3 2719/1/3
f 2722/1/3 2720/1/3 2721/1/3
f 2723/1/3 2718/1/3 2716/1/3
f 2724/1/3 2718/1/3 2723/1/3
f 2727/3/3 2726/3/3 2725/3/3
f 2730/3/3 2726/3/3 2727/3/3
f 2731/3/3 2726/3/3 2730/3/3
f 2732/3/3 2726/3/3 2731/3/3
f 2733/1/3 2729/1/3 2728/1/3
f 2734/1/3 2729/1/3 2733/1/3
f 2737/10/3 2736/10/3 2735/10/3
f 2738/10/3 2736/10/3 2737/10/3
f 2740/10/3 2736/10/3 2738/10/3
f 2741/10/3 2740/10/3 2739/10/3
f 2742/10/3 2736/10/3 2740/10/3
f 2742/10/3 2740/10/3 2741/10/3
f 2744/10/3 2736/10/3 2742/10/3
f 2745/10/3 2744/10/3 2743/10/3
f 2746/10/3 2736/10/3 2744/10/3
f 2746/10/3 2744/10/3 2745/10/3
f 2748/10/3 2736/10/3 2746/10/3
f 2749/10/3 2748/10/3 2747/10/3
f 2750/10/3 2736/10/3 2748/10/3
f 2750/10/3 2748/10/3 2749/10/3
f 2752/10/3 2736/10/3 2750/10/3
f 2753/10/3 2752/10/3 2751/10/3
f 2754/10/3 2736/10/3 2752/10/3
f 2754/10/3 2752/10/3 2753/10/3
f 2756/10/3 2736/10/3 2754/10/3
f 2757/10/3 2756/10/3 2755/10/3
f 2758/10/3 2736/10/3 2756/10/3
f 2758/10/3 2756/10/3 2757/10/3
f 2760/10/3 2736/10/3 2758/10/3
f 2761/10/3 2760/10/3 2759/10/3
f 2762/10/3 2736/10/3 2760/10/3
f 2762/10/3 2760/10/3 2761/10/3
f 2764/10/3 2736/10/3 2762/10/3
f 2765/10/3 2764/10/3 2763/10/3
f 2766/10/3 2736/10/3 2764/10/3
f 2766/10/3 2764/10/3 2765/10/3
f 2768/10/3 2736/10/3 2766/10/3
f 2769/10/3 2768/10/3 2767/10/3
f 2770/10/3 2736/10/3 2768/10/3
f 2770/10/3 2768/10/3 2769/10/3
f 2774/1/3 2772/1/3 2771/1/3
f 2774/3/3 2773/3/3 2772/3/3
f 2775/3/3 2773/3/3 2774/3/3
f 2776/1/3 2774/1/3 2771/1/3
f 2776/1/3 2775/1/3 2774/1/3
f 2777/1/3 2775/1/3 2776/1/3
f 2778/1/3 2775/1/3 2777/1/3
f 2781/1/3 2780/1/3 2779/1/3
f 2782/1/3 2780/1/3 2781/1/3
f 2785/3/3 2784/3/3 2783/3/3
f 2786/3/3 2784/3/3 2785/3/3
f 2789/1/3 2788/1/3 2787/1/3
f 2790/1/3 2788/1/3 2789/1/3
f 2791/1/3 2788/1/3 2790/1/3
f 2794/10/3 2793/10/3 2792/10/3
f 2795/10/3 2793/10/3 2794/10/3
f 2796/10/3 2793/10/3 2795/10/3
f 2797/10/3 2793/10/3 2796/10/3
f 2798/10/3 2793/10/3 2797/10/3
f 2799/10/3 2793/10/3 2798/10/3
f 2800/10/3 2793/10/3 2799/10/3
f 2801/10/3 2793/10/3 2800/10/3
f 2802/10/3 2793/10/3 2801/10/3
f 2803/10/3 2793/10/3 2802/10/3
f 2804/10/3 2793/10/3 2803/10/3
f 2805/10/3 2793/10/3 2804/10/3
f 2806/10/3 2793/10/3 2805/10/3
f 2807/10/3 2793/10/3 2806/10/3
f 2808/10/3 2793/10/3 2807/10/3
f 2809/10/3 2793/10/3 2808/10/3
f 2810/10/3 2793/10/3 2809/10/3
f 2811/10/3 2793/10/3 2810/10/3
f 2814/1/3 2813/1/3 2812/1/3
f 2816/1/3 2814/1/3 2812/1/3
f 2816/1/3 2815/1/3 2814/1/3
f 2817/1/3 2815/1/3 2816/1/3
f 2818/1/3 2815/1/3 2817/1/3
f 2819/3/3 2818/3/3 2817/3/3
f 2820/3/3 2818/3/3 2819/3/3
f 2823/3/3 2822/3/3 2821/3/3
f 2824/3/3 2822/3/3 2823/3/3
f 2829/2/3 2826/2/3 2825/2/3
f 2830/2/3 2826/2/3 2829/2/3
f 2831/3/3 2828/3/3 2827/3/3
f 2832/3/3 2828/3/3 2831/3/3
f 2835/4/3 2834/4/3 2833/4/3
f 2836/4/3 2834/4/3 2835/4/3
f 2839/3/3 2838/3/3 2837/3/3
f 2840/3/3 2838/3/3 2839/3/3
f 2843/12/3 2842/12/3 2841/12/3
f 2844/12/3 2842/12/3 2843/12/3
f 2847/3/3 2846/3/3 2845/3/3
f 2848/3/3 2846/3/3 2847/3/3
f 2851/12/3 2850/12/3 2849/12/3
f 2852/12/3 2850/12/3 2851/12/3
f 2855/3/3 2854/3/3 2853/3/3
f 2856/3/3 2854/3/3 2855/3/3
f 2859/12/3 2858/12/3 2857/12/3
f 2860/12/3 2858/12/3 2859/12/3
f 2863/12/3 2862/12/3 2861/12/3
f 2864/12/3 2862/12/3 2863/12/3
f 2867/12/3 2866/12/3 2865/12/3
f 2868/12/3 2866/12/3 2867/12/3
f 2869/5/3 2868/5/3 2867/5/3
f 2870/5/3 2868/5/3 2869/5/3
f 2871/12/3 2870/12/3 2869/12/3
f 2872/12/3 2870/12/3 2871/12/3
f 2875/12/3 2874/12/3 2873/12/3
f 2876/12/3 2874/12/3 2875/12/3
f 2879/3/3 2878/3/3 2877/3/3
f 2880/3/3 2878/3/3 2879/3/3
f 2883/12/3 2882/12/3 2881/12/3
f 2884/12/3 2882/12/3 2883/12/3
f 2890/1/3 2886/1/3 2885/1/3
f 2890/1/3 2887/1/3 2886/1/3
f 2890/1/3 2888/1/3 2887/1/3
f 2891/3/3 2889/3/3 2888/3/3
f 2891/1/3 2888/1/3 2890/1/3
f 2892/3/3 2889/3/3 2891/3/3
f 2893/1/3 2890/1/3 2885/1/3
f 2894/1/3 2890/1/3 2893/1/3
f 2897/3/3 2896/3/3 2895/3/3
f 2898/3/3 2896/3/3 2897/3/3
f 2902/1/3 2900/1/3 2899/1/3
f 2903/3/3 2901/3/3 2900/3/3
f 2903/1/3 2900/1/3 2902/1/3
f 2904/3/3 2901/3/3 2903/3/3
f 2907/3/3 2906/3/3 2905/3/3
f 2908/3/3 2906/3/3 2907/3/3
f 2911/3/3 2910/3/3 2909/3/3
f 2912/3/3 2910/3/3 2911/3/3
f 2915/1/3 2914/1/3 2913/1/3
f 2916/1/3 2914/1/3 2915/1/3
f 2919/3/3 2918/3/3 2917/3/3
f 2920/3/3 2918/3/3 2919/3/3
f 2923/1/3 2922/1/3 2921/1/3
f 2924/1/3 2922/1/3 2923/1/3
f 2927/3/3 2926/3/3 2925/3/3
f 2928/3/3 2926/3/3 2927/3/3
f 2932/8/3 2930/8/3 2929/8/3
f 2933/2/3 2931/2/3 2930/2/3
f 2933/8/3 2930/8/3 2932/8/3
f 2934/2/3 2933/2/3 2932/2/3
f 2935/2/3 2931/2/3 2933/2/3
f 2935/2/3 2933/2/3 2934/2/3
f 2938/12/3 2937/12/3 2936/12/3
f 2939/12/3 2937/12/3 2938/12/3
f 2942/12/3 2941/12/3 2940/12/3
f 2943/12/3 2941/12/3 2942/12/3
f 2946/3/3 2945/3/3 2944/3/3
f 2947/3/3 2945/3/3 2946/3/3
f 2950/2/3 2949/2/3 2948/2/3
f 2951/2/3 2949/2/3 2950/2/3
f 2954/2/3 2953/2/3 2952/2/3
f 2955/2/3 2953/2/3 2954/2/3
f 2958/12/3 2957/12/3 2956/12/3
f 2959/12/3 2957/12/3 2958/12/3
f 2962/3/3 2961/3/3 2960/3/3
f 2963/3/3 2961/3/3 2962/3/3
f 2966/1/3 2965/1/3 2964/1/3
f 2967/1/3 2965/1/3 2966/1/3
f 2970/3/3 2969/3/3 2968/3/3
f 2971/3/3 2969/3/3 2970/3/3
f 2974/3/3 2973/3/3 2972/3/3
f 2975/3/3 2973/3/3 2974/3/3
f 2978/3/3 2977/3/3 2976/3/3
f 2979/3/3 2977/3/3 2978/3/3
f 2982/3/3 2981/3/3 2980/3/3
f 2983/3/3 2981/3/3 2982/3/3
f 2986/3/3 2985/3/3 2984/3/3
f 2987/3/3 2985/3/3 2986/3/3
f 2990/12/3 2989/12/3 2988/12/3
f 2991/12/3 2989/12/3 2990/12/3
f 2994/3/3 2993/3/3 2992/3/3
f 2995/3/3 2993/3/3 2994/3/3
f 2998/12/3 2997/12/3 2996/12/3
f 2999/12/3 2997/12/3 2998/12/3
f 3002/3/3 3001/3/3 3000/3/3
f 3003/3/3 3001/3/3 3002/3/3
f 3006/3/3 3005/3/3 3004/3/3
f 3007/3/3 3005/3/3 3006/3/3
f 3010/3/3 3009/3/3 3008/3/3
f 3011/3/3 3009/3/3 3010/3/3
f 3014/3/3 3013/3/3 3012/3/3
f 3015/3/3 3013/3/3 3014/3/3
f 3018/1/3 3017/1/3 3016/1/3
f 3019/1/3 3017/1/3 3018/1/3
f 3022/3/3 3021/3/3 3020/3/3
f 3023/3/3 3021/3/3 3022/3/3
f 3026/2/3 3025/2/3 3024/2/3
f 3027/2/3 3025/2/3 3026/2/3
f 3028/1/4 3029/1/4 3030/1/4
f 3030/1/4 3029/1/4 3031/1/4
f 3031/1/4 3029/1/4 3032/1/4
f 3033/3/4 3034/3/4 3035/3/4
f 3035/3/4 3034/3/4 3036/3/4
f 3035/1/4 3036/1/4 3037/1/4
f 3036/3/4 3034/3/4 3038/3/4
f 3037/1/4 3036/1/4 3038/1/4
f 3038/3/4 3034/3/4 3039/3/4
f 3040/12/4 3041/12/4 3042/12/4
f 3042/12/4 3041/12/4 3043/12/4
f 3044/6/4 3045/6/4 3046/6/4
f 3046/6/4 3045/6/4 3047/6/4
f 3048/12/4 3049/12/4 3050/12/4
f 3050/12/4 3049/12/4 3051/12/4
f 3052/1/4 3053/1/4 3054/1/4
f 3054/1/4 3053/1/4 3055/1/4
f 3056/12/4 3057/12/4 3058/12/4
f 3058/12/4 3057/12/4 3059/12/4
f 3060/1/4 3061/1/4 3062/1/4
f 3062/1/4 3061/1/4 3063/1/4
f 3064/1/4 3065/1/4 3066/1/4
f 3066/1/4 3065/1/4 3067/1/4
f 3068/6/4 3069/6/4 3070/6/4
f 3070/6/4 3069/6/4 3071/6/4
f 3070/12/4 3071/12/4 3072/12/4
f 3072/12/4 3071/12/4 3073/12/4
f 3074/12/4 3075/12/4 3076/12/4
f 3076/12/4 3075/12/4 3077/12/4
f 3078/12/4 3079/12/4 3080/12/4
f 3080/12/4 3079/12/4 3081/12/4
f 3082/12/4 3083/12/4 3084/12/4
f 3084/12/4 3083/12/4 3085/12/4
f 3086/3/4 3087/3/4 3088/3/4
f 3088/3/4 3087/3/4 3089/3/4
f 3090/3/4 3091/3/4 3092/3/4
f 3092/3/4 3091/3/4 3093/3/4
f 3094/3/4 3095/3/4 3096/3/4
f 3096/3/4 3095/3/4 3097/3/4
f 3098/7/4 3099/7/4 3100/7/4
f 3100/7/4 3099/7/4 3101/7/4
f 3102/1/4 3103/1/4 3106/1/4
f 3104/3/4 3105/3/4 3107/3/4
f 3106/1/4 3103/1/4 3107/1/4
f 3103/3/4 3104/3/4 3107/3/4
f 3107/3/4 3105/3/4 3108/3/4
f 3108/3/4 3109/3/4 3110/3/4
f 3107/3/4 3108/3/4 3110/3/4
f 3110/3/4 3109/3/4 3111/3/4
f 3112/3/4 3113/3/4 3114/3/4
f 3114/3/4 3113/3/4 3115/3/4
f 3116/1/4 3117/1/4 3120/1/4
f 3120/1/4 3117/1/4 3121/1/4
f 3121/1/4 3117/1/4 3122/1/4
f 3118/12/4 3119/12/4 3123/12/4
f 3123/12/4 3119/12/4 3124/12/4
f 3125/3/4 3126/3/4 3127/3/4
f 3127/3/4 3126/3/4 3128/3/4
f 3128/3/4 3126/3/4 3130/3/4
f 3129/3/4 3130/3/4 3131/3/4
f 3130/3/4 3126/3/4 3132/3/4
f 3131/3/4 3130/3/4 3132/3/4
f 3133/1/4 3134/1/4 3136/1/4
f 3134/8/4 3135/8/4 3137/8/4
f 3136/1/4 3134/1/4 3137/1/4
f 3137/8/4 3135/8/4 3138/8/4
f 3139/5/4 3140/5/4 3141/5/4
f 3141/5/4 3140/5/4 3142/5/4
f 3143/12/4 3144/12/4 3145/12/4
f 3145/12/4 3144/12/4 3146/12/4
f 3147/12/4 3148/12/4 3149/12/4
f 3149/12/4 3148/12/4 3150/12/4
f 3149/5/4 3150/5/4 3151/5/4
f 3151/5/4 3150/5/4 3152/5/4
f 3153/12/4 3154/12/4 3155/12/4
f 3155/12/4 3154/12/4 3156/12/4
f 3157/1/4 3158/1/4 3159/1/4
f 3157/1/4 3159/1/4 3161/1/4
f 3159/1/4 3160/1/4 3161/1/4
f 3161/1/4 3160/1/4 3162/1/4
f 3162/1/4 3160/1/4 3163/1/4
f 3165/1/4 3166/1/4 3170/1/4
f 3166/1/4 3167/1/4 3170/1/4
f 3170/1/4 3171/1/4 3172/1/4
f 3168/1/4 3169/1/4 3173/1/4
f 3173/1/4 3169/1/4 3174/1/4
f 3172/1/4 3173/1/4 3174/1/4
f 3170/1/4 3172/1/4 3175/1/4
f 3165/1/4 3170/1/4 3175/1/4
f 3172/1/4 3174/1/4 3175/1/4
f 3175/1/4 3174/1/4 3176/1/4
f 3165/1/4 3175/1/4 3177/1/4
f 3164/8/4 3165/8/4 3179/8/4
f 3177/1/4 3178/1/4 3180/1/4
f 3179/8/4 3165/8/4 3180/8/4
f 3165/1/4 3177/1/4 3180/1/4
f 3180/1/4 3178/1/4 3181/1/4
f 3182/3/4 3183/3/4 3184/3/4
f 3184/3/4 3183/3/4 3185/3/4
f 3185/3/4 3183/3/4 3186/3/4
f 3187/3/4 3188/3/4 3190/3/4
f 3188/3/4 3189/3/4 3190/3/4
f 3190/3/4 3189/3/4 3191/3/4
f 3187/3/4 3190/3/4 3192/3/4
f 3192/3/4 3190/3/4 3193/3/4
f 3193/3/4 3190/3/4 3194/3/4
f 3194/3/4 3190/3/4 3195/3/4
f 3191/3/4 3189/3/4 3196/3/4
f 3196/3/4 3189/3/4 3197/3/4
f 3198/8/4 3199/8/4 3200/8/4
f 3200/8/4 3199/8/4 3201/8/4
f 3202/8/4 3203/8/4 3205/8/4
f 3203/1/4 3204/1/4 3206/1/4
f 3205/8/4 3203/8/4 3206/8/4
f 3206/1/4 3204/1/4 3207/1/4
f 3208/1/4 3209/1/4 3210/1/4
f 3210/1/4 3209/1/4 3211/1/4
f 3212/12/4 3213/12/4 3214/12/4
f 3214/12/4 3213/12/4 3215/12/4
f 3216/3/4 3217/3/4 3218/3/4
f 3218/3/4 3217/3/4 3219/3/4
f 3220/12/4 3221/12/4 3222/12/4
f 3222/12/4 3221/12/4 3223/12/4
f 3226/1/4 3227/1/4 3228/1/4
f 3228/1/4 3229/1/4 3230/1/4
f 3230/1/4 3231/1/4 3232/1/4
f 3228/1/4 3230/1/4 3234/1/4
f 3232/1/4 3233/1/4 3234/1/4
f 3230/1/4 3232/1/4 3234/1/4
f 3234/1/4 3233/1/4 3235/1/4
f 3225/8/4 3226/8/4 3236/8/4
f 3226/1/4 3228/1/4 3237/1/4
f 3236/8/4 3226/8/4 3237/8/4
f 3228/1/4 3234/1/4 3237/1/4
f 3237/1/4 3234/1/4 3238/1/4
f 3224/1/4 3225/1/4 3239/1/4
f 3225/8/4 3236/8/4 3240/8/4
f 3239/1/4 3225/1/4 3240/1/4
f 3240/8/4 3236/8/4 3241/8/4
f 3241/8/4 3236/8/4 3242/8/4
f 3242/8/4 3236/8/4 3243/8/4
f 3224/1/4 3239/1/4 3244/1/4
f 3244/1/4 3239/1/4 3245/1/4
f 3224/1/4 3244/1/4 3246/1/4
f 3246/1/4 3244/1/4 3247/1/4
f 3248/1/4 3249/1/4 3252/1/4
f 3252/1/4 3249/1/4 3253/1/4
f 3250/3/4 3251/3/4 3254/3/4
f 3254/3/4 3251/3/4 3255/3/4
f 3255/3/4 3251/3/4 3256/3/4
f 3256/3/4 3251/3/4 3257/3/4
f 3257/3/4 3251/3/4 3258/3/4
f 3258/3/4 3251/3/4 3259/3/4
f 3259/3/4 3251/3/4 3261/3/4
f 3260/3/4 3261/3/4 3262/3/4
f 3261/3/4 3251/3/4 3263/3/4
f 3262/3/4 3261/3/4 3263/3/4
f 3264/3/4 3265/3/4 3266/3/4
f 3266/3/4 3265/3/4 3267/3/4
f 3267/3/4 3265/3/4 3268/3/4
f 3269/12/4 3270/12/4 3271/12/4
f 3271/12/4 3270/12/4 3272/12/4
f 3271/7/4 3272/7/4 3273/7/4
f 3273/7/4 3272/7/4 3274/7/4
f 3275/3/4 3276/3/4 3277/3/4
f 3277/3/4 3276/3/4 3278/3/4
f 3279/1/4 3280/1/4 3281/1/4
f 3281/1/4 3280/1/4 3282/1/4
f 3282/1/4 3280/1/4 3283/1/4
f 3284/3/4 3285/3/4 3286/3/4
f 3286/3/4 3285/3/4 3287/3/4
f 3288/1/4 3289/1/4 3291/1/4
f 3291/1/4 3289/1/4 3292/1/4
f 3292/1/4 3289/1/4 3293/1/4
f 3289/3/4 3290/3/4 3294/3/4
f 3293/1/4 3289/1/4 3294/1/4
f 3294/3/4 3290/3/4 3295/3/4
f 3295/3/4 3290/3/4 3296/3/4
f 3296/3/4 3290/3/4 3297/3/4
f 3292/1/4 3293/1/4 3298/1/4
f 3293/3/4 3294/3/4 3299/3/4
f 3298/1/4 3293/1/4 3299/1/4
f 3294/3/4 3295/3/4 3299/3/4
f 3299/3/4 3295/3/4 3300/3/4
f 3295/1/4 3296/1/4 3301/1/4
f 3300/3/4 3295/3/4 3301/3/4
f 3299/3/4 3300/3/4 3302/3/4
f 3298/3/4 3299/3/4 3302/3/4
f 3300/1/4 3301/1/4 3303/1/4
f 3302/3/4 3300/3/4 3303/3/4
f 3292/1/4 3298/1/4 3304/1/4
f 3298/3/4 3302/3/4 3304/3/4
f 3302/1/4 3303/1/4 3305/1/4
f 3304/3/4 3302/3/4 3305/3/4
f 3292/1/4 3304/1/4 3306/1/4
f 3304/1/4 3305/1/4 3306/1/4
f 3301/1/4 3296/1/4 3307/1/4
f 3306/1/4 3305/1/4 3307/1/4
f 3303/1/4 3301/1/4 3307/1/4
f 3305/1/4 3303/1/4 3307/1/4
f 3308/3/4 3309/3/4 3311/3/4
f 3310/3/4 3311/3/4 3312/3/4
f 3311/3/4 3309/3/4 3313/3/4
f 3312/3/4 3311/3/4 3313/3/4
f 3314/1/4 3315/1/4 3316/1/4
f 3316/1/4 3315/1/4 3317/1/4
f 3318/3/4 3319/3/4 3320/3/4
f 3320/3/4 3319/3/4 3321/3/4
f 3321/3/4 3319/3/4 3322/3/4
f 3321/1/4 3322/1/4 3323/1/4
f 3322/3/4 3319/3/4 3323/3/4
f 3323/3/4 3319/3/4 3324/3/4
f 3321/1/4 3323/1/4 3325/1/4
f 3325/1/4 3323/1/4 3326/1/4
f 3327/1/4 3328/1/4 3329/1/4
f 3329/1/4 3328/1/4 3330/1/4
f 3331/1/4 3332/1/4 3333/1/4
f 3333/1/4 3332/1/4 3334/1/4
f 3335/1/4 3336/1/4 3337/1/4
f 3337/1/4 3336/1/4 3338/1/4
f 3339/1/4 3340/1/4 3341/1/4
f 3341/1/4 3340/1/4 3342/1/4
f 3345/1/4 3346/1/4 3349/1/4
f 3346/8/4 3347/8/4 3349/8/4
f 3347/1/4 3348/1/4 3350/1/4
f 3349/8/4 3347/8/4 3350/8/4
f 3350/1/4 3348/1/4 3351/1/4
f 3349/1/4 3350/1/4 3353/1/4
f 3351/1/4 3352/1/4 3353/1/4
f 3350/1/4 3351/1/4 3353/1/4
f 3353/1/4 3352/1/4 3354/1/4
f 3344/8/4 3345/8/4 3355/8/4
f 3345/1/4 3349/1/4 3355/1/4
f 3349/1/4 3353/1/4 3355/1/4
f 3355/1/4 3353/1/4 3356/1/4
f 3343/1/4 3344/1/4 3357/1/4
f 3344/8/4 3355/8/4 3357/8/4
f 3355/8/4 3356/8/4 3357/8/4
f 3357/8/4 3356/8/4 3358/8/4
f 3357/1/4 3358/1/4 3359/1/4
f 3358/8/4 3356/8/4 3360/8/4
f 3359/1/4 3358/1/4 3360/1/4
f 3356/1/4 3353/1/4 3361/1/4
f 3361/1/4 3353/1/4 3362/1/4
f 3343/1/4 3357/1/4 3363/1/4
f 3357/1/4 3359/1/4 3363/1/4
f 3359/8/4 3360/8/4 3364/8/4
f 3363/1/4 3359/1/4 3364/1/4
f 3356/1/4 3361/1/4 3365/1/4
f 3343/1/4 3363/1/4 3369/1/4
f 3367/1/4 3368/1/4 3370/1/4
f 3365/1/4 3366/1/4 3372/1/4
f 3367/1/4 3370/1/4 3373/1/4
f 3369/1/4 3363/1/4 3374/1/4
f 3374/1/4 3363/1/4 3375/1/4
f 3375/1/4 3363/1/4 3376/1/4
f 3376/1/4 3363/1/4 3377/1/4
f 3363/8/4 3364/8/4 3378/8/4
f 3377/1/4 3363/1/4 3378/1/4
f 3364/8/4 3360/8/4 3379/8/4
f 3378/8/4 3364/8/4 3379/8/4
f 3379/8/4 3360/8/4 3380/8/4
f 3360/8/4 3356/8/4 3381/8/4
f 3380/8/4 3360/8/4 3381/8/4
f 3356/1/4 3365/1/4 3381/1/4
f 3372/1/4 3373/1/4 3381/1/4
f 3365/1/4 3372/1/4 3381/1/4
f 3381/1/4 3373/1/4 3382/1/4
f 3382/1/4 3373/1/4 3383/1/4
f 3383/1/4 3373/1/4 3384/1/4
f 3384/1/4 3373/1/4 3385/1/4
f 3385/1/4 3373/1/4 3386/1/4
f 3386/1/4 3373/1/4 3387/1/4
f 3387/1/4 3373/1/4 3388/1/4
f 3370/3/4 3371/3/4 3389/3/4
f 3388/1/4 3373/1/4 3389/1/4
f 3373/1/4 3370/1/4 3389/1/4
f 3389/3/4 3371/3/4 3390/3/4
f 3375/1/4 3376/1/4 3391/1/4
f 3391/1/4 3376/1/4 3392/1/4
f 3377/1/4 3378/1/4 3393/1/4
f 3393/1/4 3378/1/4 3394/1/4
f 3379/8/4 3380/8/4 3395/8/4
f 3395/8/4 3380/8/4 3396/8/4
f 3381/1/4 3382/1/4 3397/1/4
f 3397/1/4 3382/1/4 3398/1/4
f 3383/1/4 3384/1/4 3399/1/4
f 3399/1/4 3384/1/4 3400/1/4
f 3385/1/4 3386/1/4 3401/1/4
f 3401/1/4 3386/1/4 3402/1/4
f 3387/1/4 3388/1/4 3403/1/4
f 3403/1/4 3388/1/4 3404/1/4
f 3389/3/4 3390/3/4 3405/3/4
f 3405/3/4 3390/3/4 3406/3/4
f 3403/1/4 3404/1/4 3407/1/4
f 3407/1/4 3404/1/4 3408/1/4
f 3407/3/4 3408/3/4 3409/3/4
f 3409/3/4 3408/3/4 3410/3/4
f 3405/3/4 3406/3/4 3411/3/4
f 3391/1/4 3392/1/4 3413/1/4
f 3413/1/4 3392/1/4 3414/1/4
f 3393/1/4 3394/1/4 3415/1/4
f 3415/1/4 3394/1/4 3416/1/4
f 3395/8/4 3396/8/4 3417/8/4
f 3417/8/4 3396/8/4 3418/8/4
f 3397/1/4 3398/1/4 3419/1/4
f 3419/1/4 3398/1/4 3420/1/4
f 3399/1/4 3400/1/4 3421/1/4
f 3421/1/4 3400/1/4 3422/1/4
f 3401/1/4 3402/1/4 3423/1/4
f 3423/1/4 3402/1/4 3424/1/4
f 3409/1/4 3410/1/4 3426/1/4
f 3426/1/4 3410/1/4 3427/1/4
f 3411/3/4 3406/3/4 3428/3/4
f 3428/3/4 3406/3/4 3429/3/4
f 3413/1/4 3414/1/4 3430/1/4
f 3415/1/4 3416/1/4 3430/1/4
f 3412/1/4 3413/1/4 3430/1/4
f 3414/1/4 3415/1/4 3430/1/4
f 3421/1/4 3422/1/4 3431/1/4
f 3426/3/4 3427/3/4 3431/3/4
f 3419/1/4 3420/1/4 3431/1/4
f 3425/3/4 3426/3/4 3431/3/4
f 3428/3/4 3429/3/4 3431/3/4
f 3423/1/4 3424/1/4 3431/1/4
f 3422/1/4 3423/1/4 3431/1/4
f 3424/1/4 3425/1/4 3431/1/4
f 3420/1/4 3421/1/4 3431/1/4
f 3427/3/4 3428/3/4 3431/3/4
f 3431/3/4 3429/3/4 3432/3/4
f 3430/1/4 3416/1/4 3433/1/4
f 3417/8/4 3418/8/4 3433/8/4
f 3418/8/4 3419/8/4 3433/8/4
f 3416/8/4 3417/8/4 3433/8/4
f 3433/8/4 3419/8/4 3434/8/4
f 3432/3/4 3429/3/4 3435/3/4
f 3431/1/4 3432/1/4 3435/1/4
f 3435/3/4 3429/3/4 3436/3/4
f 3435/1/4 3436/1/4 3437/1/4
f 3436/3/4 3429/3/4 3437/3/4
f 3437/3/4 3429/3/4 3438/3/4
f 3441/1/4 3442/1/4 3443/1/4
f 3433/1/4 3434/1/4 3444/1/4
f 3430/1/4 3433/1/4 3444/1/4
f 3444/1/4 3434/1/4 3445/1/4
f 3443/1/4 3444/1/4 3445/1/4
f 3434/8/4 3419/8/4 3446/8/4
f 3445/1/4 3434/1/4 3446/1/4
f 3419/1/4 3431/1/4 3447/1/4
f 3431/1/4 3435/1/4 3447/1/4
f 3435/1/4 3437/1/4 3447/1/4
f 3447/1/4 3437/1/4 3448/1/4
f 3419/1/4 3447/1/4 3449/1/4
f 3449/1/4 3447/1/4 3450/1/4
f 3419/1/4 3449/1/4 3451/1/4
f 3451/1/4 3449/1/4 3452/1/4
f 3439/1/4 3440/1/4 3453/1/4
f 3440/8/4 3441/8/4 3454/8/4
f 3453/1/4 3440/1/4 3454/1/4
f 3443/1/4 3445/1/4 3455/1/4
f 3454/8/4 3441/8/4 3455/8/4
f 3441/1/4 3443/1/4 3455/1/4
f 3445/8/4 3446/8/4 3456/8/4
f 3455/1/4 3445/1/4 3456/1/4
f 3419/1/4 3451/1/4 3457/1/4
f 3456/8/4 3446/8/4 3457/8/4
f 3446/8/4 3419/8/4 3457/8/4
f 3457/1/4 3451/1/4 3458/1/4
f 3459/10/4 3460/10/4 3477/10/4
f 3477/10/4 3460/10/4 3478/10/4
f 3461/10/4 3462/10/4 3479/10/4
f 3479/10/4 3462/10/4 3480/10/4
f 3463/10/4 3464/10/4 3481/10/4
f 3481/10/4 3464/10/4 3482/10/4
f 3465/10/4 3466/10/4 3483/10/4
f 3483/10/4 3466/10/4 3484/10/4
f 3467/10/4 3468/10/4 3485/10/4
f 3485/10/4 3468/10/4 3486/10/4
f 3469/10/4 3470/10/4 3487/10/4
f 3487/10/4 3470/10/4 3488/10/4
f 3471/10/4 3472/10/4 3489/10/4
f 3489/10/4 3472/10/4 3490/10/4
f 3473/10/4 3474/10/4 3491/10/4
f 3491/10/4 3474/10/4 3492/10/4
f 3475/10/4 3476/10/4 3493/10/4
f 3493/10/4 3476/10/4 3494/10/4
f 3495/10/4 3496/10/4 3497/10/4
f 3497/10/4 3496/10/4 3498/10/4
f 3499/10/4 3500/10/4 3501/10/4
f 3501/10/4 3500/10/4 3502/10/4
f 3503/2/4 3504/2/4 3506/2/4
f 3504/2/4 3505/2/4 3506/2/4
f 3503/2/4 3506/2/4 3507/2/4
f 3507/2/4 3506/2/4 3508/2/4
f 3508/2/4 3506/2/4 3509/2/4
f 3510/7/4 3511/7/4 3512/7/4
f 3512/7/4 3511/7/4 3513/7/4
f 3512/12/4 3513/12/4 3514/12/4
f 3514/12/4 3513/12/4 3515/12/4
f 3516/2/4 3517/2/4 3518/2/4
f 3518/2/4 3517/2/4 3519/2/4
f 3520/2/4 3521/2/4 3522/2/4
f 3522/2/4 3521/2/4 3523/2/4
f 3524/2/4 3525/2/4 3526/2/4
f 3526/2/4 3525/2/4 3527/2/4
f 3527/1/4 3528/1/4 3529/1/4
f 3529/1/4 3528/1/4 3530/1/4
f 3531/5/4 3532/5/4 3533/5/4
f 3533/5/4 3532/5/4 3534/5/4
f 3535/12/4 3536/12/4 3537/12/4
f 3537/12/4 3536/12/4 3538/12/4
f 3539/12/4 3540/12/4 3541/12/4
f 3541/12/4 3540/12/4 3542/12/4
f 3543/12/4 3544/12/4 3545/12/4
f 3545/12/4 3544/12/4 3546/12/4
f 3547/12/4 3548/12/4 3549/12/4
f 3549/12/4 3548/12/4 3550/12/4
f 3551/6/4 3552/6/4 3553/6/4
f 3553/6/4 3552/6/4 3554/6/4
f 3555/6/4 3556/6/4 3557/6/4
f 3557/6/4 3556/6/4 3558/6/4
f 3559/12/4 3560/12/4 3561/12/4
f 3561/12/4 3560/12/4 3562/12/4
f 3563/12/4 3564/12/4 3565/12/4
f 3565/12/4 3564/12/4 3566/12/4
f 3567/7/4 3568/7/4 3569/7/4
f 3569/7/4 3568/7/4 3570/7/4
f 3571/12/4 3572/12/4 3573/12/4
f 3573/12/4 3572/12/4 3574/12/4
f 3575/3/4 3576/3/4 3577/3/4
f 3577/3/4 3576/3/4 3578/3/4
f 3579/12/4 3580/12/4 3581/12/4
f 3581/12/4 3580/12/4 3582/12/4
f 3583/3/4 3584/3/4 3585/3/4
f 3585/3/4 3584/3/4 3586/3/4
f 3587/2/4 3588/2/4 3589/2/4
f 3589/2/4 3588/2/4 3590/2/4
f 3591/1/4 3592/1/4 3593/1/4
f 3593/1/4 3592/1/4 3594/1/4
f 3595/3/4 3596/3/4 3597/3/4
f 3597/3/4 3596/3/4 3598/3/4
f 3599/1/4 3600/1/4 3601/1/4
f 3601/1/4 3600/1/4 3602/1/4
f 3603/3/4 3604/3/4 3605/3/4
f 3605/3/4 3604/3/4 3606/3/4
f 3607/10/4 3608/10/4 3609/10/4
f 3609/10/4 3608/10/4 3610/10/4
f 3610/10/4 3608/10/4 3611/10/4
f 3611/10/4 3608/10/4 3612/10/4
f 3612/10/4 3608/10/4 3613/10/4
f 3613/10/4 3608/10/4 3614/10/4
f 3614/10/4 3608/10/4 3615/10/4
f 3615/10/4 3608/10/4 3616/10/4
f 3616/10/4 3608/10/4 3617/10/4
f 3617/10/4 3608/10/4 3618/10/4
f 3618/10/4 3608/10/4 3619/10/4
f 3619/10/4 3608/10/4 3620/10/4
f 3620/10/4 3608/10/4 3621/10/4
f 3621/10/4 3608/10/4 3622/10/4
f 3622/10/4 3608/10/4 3623/10/4
f 3623/10/4 3608/10/4 3624/10/4
f 3624/10/4 3608/10/4 3625/10/4
f 3625/10/4 3608/10/4 3626/10/4
f 3627/1/4 3628/1/4 3629/1/4
f 3629/1/4 3628/1/4 3630/1/4
f 3631/10/4 3632/10/4 3633/10/4
f 3633/10/4 3632/10/4 3634/10/4
f 3634/10/4 3632/10/4 3636/10/4
f 3635/10/4 3636/10/4 3637/10/4
f 3636/10/4 3632/10/4 3638/10/4
f 3637/10/4 3636/10/4 3638/10/4
f 3638/10/4 3632/10/4 3640/10/4
f 3639/10/4 3640/10/4 3641/10/4
f 3640/10/4 3632/10/4 3642/10/4
f 3641/10/4 3640/10/4 3642/10/4
f 3642/10/4 3632/10/4 3644/10/4
f 3643/10/4 3644/10/4 3645/10/4
f 3644/10/4 3632/10/4 3646/10/4
f 3645/10/4 3644/10/4 3646/10/4
f 3646/10/4 3632/10/4 3648/10/4
f 3647/10/4 3648/10/4 3649/10/4
f 3648/10/4 3632/10/4 3650/10/4
f 3649/10/4 3648/10/4 3650/10/4
f 3650/10/4 3632/10/4 3652/10/4
f 3651/10/4 3652/10/4 3653/10/4
f 3652/10/4 3632/10/4 3654/10/4
f 3653/10/4 3652/10/4 3654/10/4
f 3654/10/4 3632/10/4 3656/10/4
f 3655/10/4 3656/10/4 3657/10/4
f 3657/10/4 3656/10/4 3658/10/4
f 3656/10/4 3632/10/4 3659/10/4
f 3658/10/4 3656/10/4 3659/10/4
f 3659/10/4 3632/10/4 3661/10/4
f 3660/10/4 3661/10/4 3662/10/4
f 3661/10/4 3632/10/4 3663/10/4
f 3662/10/4 3661/10/4 3663/10/4
f 3663/10/4 3632/10/4 3665/10/4
f 3664/10/4 3665/10/4 3666/10/4
f 3665/10/4 3632/10/4 3667/10/4
f 3666/10/4 3665/10/4 3667/10/4
f 3668/3/4 3669/3/4 3670/3/4
f 3670/3/4 3669/3/4 3671/3/4
f 3672/3/4 3673/3/4 3674/3/4
f 3674/3/4 3673/3/4 3675/3/4
f 3676/1/4 3677/1/4 3678/1/4
f 3678/1/4 3677/1/4 3679/1/4
f 3680/3/4 3681/3/4 3682/3/4
f 3682/3/4 3681/3/4 3683/3/4
f 3683/12/4 3684/12/4 3685/12/4
f 3685/12/4 3684/12/4 3686/12/4
f 3687/1/4 3688/1/4 3689/1/4
f 3689/1/4 3688/1/4 3690/1/4
f 3693/1/4 3694/1/4 3696/1/4
f 3691/1/4 3692/1/4 3696/1/4
f 3692/1/4 3693/1/4 3696/1/4
f 3696/1/4 3694/1/4 3697/1/4
f 3694/3/4 3695/3/4 3698/3/4
f 3697/1/4 3694/1/4 3698/1/4
f 3698/3/4 3695/3/4 3699/3/4
f 3700/3/4 3701/3/4 3703/3/4
f 3702/3/4 3703/3/4 3704/3/4
f 3703/3/4 3701/3/4 3705/3/4
f 3704/3/4 3703/3/4 3705/3/4
f 3706/3/4 3707/3/4 3708/3/4
f 3708/3/4 3707/3/4 3709/3/4
f 3709/3/4 3707/3/4 3711/3/4
f 3710/3/4 3711/3/4 3712/3/4
f 3711/3/4 3707/3/4 3713/3/4
f 3712/3/4 3711/3/4 3713/3/4
f 3714/1/4 3715/1/4 3717/1/4
f 3715/3/4 3716/3/4 3718/3/4
f 3717/1/4 3715/1/4 3718/1/4
f 3718/3/4 3716/3/4 3719/3/4
f 3720/1/4 3721/1/4 3723/1/4
f 3721/3/4 3722/3/4 3724/3/4
f 3723/1/4 3721/1/4 3724/1/4
f 3724/3/4 3722/3/4 3725/3/4
f 3726/3/4 3727/3/4 3728/3/4
f 3728/3/4 3727/3/4 3729/3/4
f 3730/12/4 3731/12/4 3732/12/4
f 3732/12/4 3731/12/4 3733/12/4
f 3734/12/4 3735/12/4 3736/12/4
f 3736/12/4 3735/12/4 3737/12/4
f 3738/1/4 3739/1/4 3740/1/4
f 3740/1/4 3739/1/4 3741/1/4
f 3742/3/4 3743/3/4 3744/3/4
f 3744/3/4 3743/3/4 3745/3/4
f 3746/12/4 3747/12/4 3748/12/4
f 3748/12/4 3747/12/4 3749/12/4
f 3750/12/4 3751/12/4 3752/12/4
f 3752/12/4 3751/12/4 3753/12/4
f 3754/12/4 3755/12/4 3756/12/4
f 3756/12/4 3755/12/4 3757/12/4
f 3758/1/4 3759/1/4 3760/1/4
f 3760/1/4 3759/1/4 3761/1/4
f 3762/1/4 3763/1/4 3765/1/4
f 3763/3/4 3764/3/4 3766/3/4
f 3765/1/4 3763/1/4 3766/1/4
f 3766/3/4 3764/3/4 3767/3/4
f 3768/7/4 3769/7/4 3770/7/4
f 3770/7/4 3769/7/4 3771/7/4
f 3772/12/4 3773/12/4 3774/12/4
f 3774/12/4 3773/12/4 3775/12/4
f 3776/12/4 3777/12/4 3778/12/4
f 3778/12/4 3777/12/4 3779/12/4
f 3780/1/4 3781/1/4 3782/1/4
f 3782/1/4 3781/1/4 3783/1/4
f 3784/3/4 3785/3/4 3786/3/4
f 3786/3/4 3785/3/4 3787/3/4
f 3788/1/4 3789/1/4 3790/1/4
f 3788/1/4 3790/1/4 3791/1/4
f 3791/1/4 3790/1/4 3792/1/4
f 3792/1/4 3790/1/4 3793/1/4
f 3794/1/4 3795/1/4 3798/1/4
f 3795/8/4 3796/8/4 3798/8/4
f 3798/8/4 3796/8/4 3799/8/4
f 3796/1/4 3797/1/4 3800/1/4
f 3794/1/4 3798/1/4 3802/1/4
f 3798/1/4 3799/1/4 3802/1/4
f 3802/1/4 3799/1/4 3803/1/4
f 3794/1/4 3802/1/4 3804/1/4
f 3802/8/4 3803/8/4 3804/8/4
f 3804/8/4 3803/8/4 3805/8/4
f 3805/8/4 3803/8/4 3806/8/4
f 3803/1/4 3799/1/4 3807/1/4
f 3806/8/4 3803/8/4 3807/8/4
f 3800/1/4 3801/1/4 3808/1/4
f 3808/1/4 3809/1/4 3810/1/4
f 3810/1/4 3809/1/4 3811/1/4
f 3799/8/4 3796/8/4 3812/8/4
f 3796/1/4 3800/1/4 3813/1/4
f 3812/8/4 3796/8/4 3813/8/4
f 3800/1/4 3808/1/4 3813/1/4
f 3808/1/4 3810/1/4 3813/1/4
f 3812/1/4 3813/1/4 3814/1/4
f 3813/1/4 3810/1/4 3814/1/4
f 3814/1/4 3810/1/4 3815/1/4
f 3815/1/4 3810/1/4 3816/1/4
f 3816/1/4 3810/1/4 3817/1/4
f 3807/1/4 3799/1/4 3818/1/4
f 3806/1/4 3807/1/4 3818/1/4
f 3799/8/4 3812/8/4 3819/8/4
f 3818/1/4 3799/1/4 3819/1/4
f 3815/1/4 3816/1/4 3820/1/4
f 3806/1/4 3818/1/4 3822/1/4
f 3805/8/4 3806/8/4 3822/8/4
f 3822/1/4 3818/1/4 3823/1/4
f 3820/1/4 3821/1/4 3824/1/4
f 3818/8/4 3819/8/4 3826/8/4
f 3819/8/4 3812/8/4 3826/8/4
f 3812/1/4 3814/1/4 3826/1/4
f 3826/1/4 3814/1/4 3827/1/4
f 3804/1/4 3805/1/4 3828/1/4
f 3822/8/4 3823/8/4 3828/8/4
f 3805/8/4 3822/8/4 3828/8/4
f 3823/1/4 3818/1/4 3829/1/4
f 3828/8/4 3823/8/4 3829/8/4
f 3827/1/4 3814/1/4 3830/1/4
f 3814/8/4 3815/8/4 3830/8/4
f 3830/8/4 3815/8/4 3831/8/4
f 3831/8/4 3815/8/4 3832/8/4
f 3820/1/4 3824/1/4 3833/1/4
f 3832/8/4 3815/8/4 3833/8/4
f 3815/1/4 3820/1/4 3833/1/4
f 3824/1/4 3825/1/4 3833/1/4
f 3833/1/4 3825/1/4 3834/1/4
f 3829/1/4 3818/1/4 3836/1/4
f 3826/8/4 3827/8/4 3836/8/4
f 3818/8/4 3826/8/4 3836/8/4
f 3828/1/4 3829/1/4 3836/1/4
f 3836/8/4 3827/8/4 3837/8/4
f 3831/8/4 3832/8/4 3838/8/4
f 3834/1/4 3835/1/4 3838/1/4
f 3833/1/4 3834/1/4 3838/1/4
f 3832/1/4 3833/1/4 3838/1/4
f 3838/1/4 3835/1/4 3839/1/4
f 3804/1/4 3828/1/4 3840/1/4
f 3794/1/4 3804/1/4 3840/1/4
f 3836/1/4 3837/1/4 3840/1/4
f 3828/1/4 3836/1/4 3840/1/4
f 3840/1/4 3837/1/4 3841/1/4
f 3837/8/4 3827/8/4 3842/8/4
f 3841/1/4 3837/1/4 3842/1/4
f 3842/8/4 3827/8/4 3843/8/4
f 3841/1/4 3842/1/4 3844/1/4
f 3842/1/4 3843/1/4 3844/1/4
f 3844/1/4 3843/1/4 3845/1/4
f 3839/1/4 3835/1/4 3846/1/4
f 3846/1/4 3835/1/4 3847/1/4
f 3841/1/4 3844/1/4 3848/1/4
f 3844/8/4 3845/8/4 3848/8/4
f 3845/1/4 3843/1/4 3849/1/4
f 3848/8/4 3845/8/4 3849/8/4
f 3839/1/4 3846/1/4 3850/1/4
f 3850/1/4 3846/1/4 3851/1/4
f 3849/1/4 3843/1/4 3852/1/4
f 3848/1/4 3849/1/4 3852/1/4
f 3852/1/4 3843/1/4 3853/1/4
f 3838/8/4 3839/8/4 3854/8/4
f 3839/1/4 3850/1/4 3854/1/4
f 3854/1/4 3850/1/4 3855/1/4
f 3853/1/4 3843/1/4 3856/1/4
f 3852/8/4 3853/8/4 3856/8/4
f 3843/8/4 3827/8/4 3857/8/4
f 3856/1/4 3843/1/4 3857/1/4
f 3830/1/4 3831/1/4 3858/1/4
f 3827/1/4 3830/1/4 3858/1/4
f 3831/8/4 3838/8/4 3859/8/4
f 3858/1/4 3831/1/4 3859/1/4
f 3838/8/4 3854/8/4 3859/8/4
f 3827/1/4 3858/1/4 3860/1/4
f 3858/8/4 3859/8/4 3860/8/4
f 3859/8/4 3854/8/4 3861/8/4
f 3860/8/4 3859/8/4 3861/8/4
f 3860/1/4 3861/1/4 3863/1/4
f 3861/1/4 3862/1/4 3863/1/4
f 3840/8/4 3841/8/4 3865/8/4
f 3794/1/4 3840/1/4 3865/1/4
f 3841/1/4 3848/1/4 3866/1/4
f 3865/8/4 3841/8/4 3866/8/4
f 3848/1/4 3852/1/4 3866/1/4
f 3863/1/4 3864/1/4 3867/1/4
f 3857/8/4 3827/8/4 3867/8/4
f 3856/8/4 3857/8/4 3867/8/4
f 3860/1/4 3863/1/4 3867/1/4
f 3827/1/4 3860/1/4 3867/1/4
f 3867/1/4 3864/1/4 3868/1/4
f 3856/8/4 3867/8/4 3869/8/4
f 3867/8/4 3868/8/4 3869/8/4
f 3868/1/4 3864/1/4 3870/1/4
f 3869/8/4 3868/8/4 3870/8/4
f 3869/1/4 3870/1/4 3871/1/4
f 3870/1/4 3864/1/4 3871/1/4
f 3871/1/4 3864/1/4 3872/1/4
f 3865/1/4 3866/1/4 3873/1/4
f 3794/1/4 3865/1/4 3873/1/4
f 3866/1/4 3852/1/4 3874/1/4
f 3873/1/4 3866/1/4 3874/1/4
f 3852/8/4 3856/8/4 3875/8/4
f 3874/1/4 3852/1/4 3875/1/4
f 3856/8/4 3869/8/4 3875/8/4
f 3869/1/4 3871/1/4 3876/1/4
f 3875/8/4 3869/8/4 3876/8/4
f 3876/1/4 3871/1/4 3877/1/4
f 3878/3/4 3879/3/4 3880/3/4
f 3880/3/4 3879/3/4 3881/3/4
f 3882/3/4 3883/3/4 3885/3/4
f 3885/3/4 3883/3/4 3886/3/4
f 3884/3/4 3885/3/4 3888/3/4
f 3886/3/4 3887/3/4 3888/3/4
f 3885/3/4 3886/3/4 3888/3/4
f 3888/3/4 3887/3/4 3889/3/4
f 3889/3/4 3887/3/4 3890/3/4
f 3890/3/4 3887/3/4 3891/3/4
f 3891/3/4 3887/3/4 3892/3/4
f 3892/3/4 3887/3/4 3893/3/4
f 3893/3/4 3887/3/4 3895/3/4
f 3894/3/4 3895/3/4 3897/3/4
f 3896/3/4 3897/3/4 3899/3/4
f 3898/3/4 3899/3/4 3900/3/4
f 3899/3/4 3897/3/4 3901/3/4
f 3900/3/4 3899/3/4 3901/3/4
f 3897/3/4 3895/3/4 3902/3/4
f 3901/3/4 3897/3/4 3902/3/4
f 3895/3/4 3887/3/4 3903/3/4
f 3902/3/4 3895/3/4 3903/3/4
f 3901/3/4 3902/3/4 3904/3/4
f 3904/3/4 3902/3/4 3905/3/4
f 3906/3/4 3907/3/4 3908/3/4
f 3908/3/4 3907/3/4 3909/3/4
f 3910/1/4 3911/1/4 3912/1/4
f 3912/1/4 3911/1/4 3913/1/4
f 3912/2/4 3913/2/4 3914/2/4
f 3914/2/4 3913/2/4 3915/2/4
f 3916/1/4 3917/1/4 3918/1/4
f 3918/1/4 3917/1/4 3919/1/4
f 3916/1/4 3918/1/4 3920/1/4
f 3920/1/4 3918/1/4 3921/1/4
f 3922/1/4 3923/1/4 3924/1/4
f 3924/1/4 3923/1/4 3925/1/4
f 3928/12/4 3929/12/4 3930/12/4
f 3930/12/4 3929/12/4 3931/12/4
f 3926/1/4 3927/1/4 3932/1/4
f 3932/1/4 3927/1/4 3933/1/4
f 3934/12/4 3935/12/4 3936/12/4
f 3936/12/4 3935/12/4 3937/12/4
f 3938/3/4 3939/3/4 3941/3/4
f 3940/3/4 3941/3/4 3942/3/4
f 3941/3/4 3939/3/4 3943/3/4
f 3942/3/4 3941/3/4 3943/3/4
f 3943/3/4 3939/3/4 3944/3/4
f 3943/3/4 3944/3/4 3946/3/4
f 3944/12/4 3945/12/4 3946/12/4
f 3946/12/4 3945/12/4 3947/12/4
f 3943/3/4 3946/3/4 3948/3/4
f 3948/3/4 3946/3/4 3949/3/4
f 3950/3/4 3951/3/4 3952/3/4
f 3952/3/4 3951/3/4 3953/3/4
f 3954/12/4 3955/12/4 3956/12/4
f 3956/12/4 3955/12/4 3957/12/4
f 3958/3/4 3959/3/4 3960/3/4
f 3960/3/4 3959/3/4 3961/3/4
f 3962/12/4 3963/12/4 3964/12/4
f 3964/12/4 3963/12/4 3965/12/4
f 3966/3/4 3967/3/4 3968/3/4
f 3968/3/4 3967/3/4 3969/3/4
f 3970/6/4 3971/6/4 3972/6/4
f 3972/6/4 3971/6/4 3973/6/4
f 3972/12/4 3973/12/4 3974/12/4
f 3974/12/4 3973/12/4 3975/12/4
f 3976/3/4 3977/3/4 3978/3/4
f 3978/3/4 3977/3/4 3979/3/4
f 3980/3/4 3981/3/4 3982/3/4
f 3982/3/4 3981/3/4 3983/3/4
f 3984/1/4 3985/1/4 3986/1/4
f 3984/1/4 3986/1/4 3988/1/4
f 3986/3/4 3987/3/4 3989/3/4
f 3988/1/4 3986/1/4 3989/1/4
f 3989/3/4 3987/3/4 3990/3/4
f 3990/3/4 3987/3/4 3991/3/4
f 3992/7/4 3993/7/4 3994/7/4
f 3994/7/4 3993/7/4 3995/7/4
f 3994/12/4 3995/12/4 3996/12/4
f 3996/12/4 3995/12/4 3997/12/4
f 3998/3/4 3999/3/4 4000/3/4
f 4000/3/4 3999/3/4 4001/3/4
f 4002/7/4 4003/7/4 4004/7/4
f 4004/7/4 4003/7/4 4005/7/4
f 4006/12/4 4007/12/4 4008/12/4
f 4008/12/4 4007/12/4 4009/12/4
f 4010/2/4 4011/2/4 4013/2/4
f 4011/2/4 4012/2/4 4013/2/4
f 4013/2/4 4012/2/4 4014/2/4
f 4015/3/4 4016/3/4 4017/3/4
f 4017/3/4 4016/3/4 4018/3/4
f 4019/12/4 4020/12/4 4021/12/4
f 4021/12/4 4020/12/4 4022/12/4
f 4023/1/4 4024/1/4 4025/1/4
f 4025/1/4 4024/1/4 4026/1/4
f 4027/3/4 4028/3/4 4029/3/4
f 4029/3/4 4028/3/4 4030/3/4
f 4030/3/4 4028/3/4 4031/3/4
f 4031/3/4 4028/3/4 4032/3/4
f 4033/3/4 4034/3/4 4035/3/4
f 4035/3/4 4034/3/4 4036/3/4
f 4037/3/4 4038/3/4 4039/3/4
f 4039/3/4 4038/3/4 4040/3/4
f 4041/1/4 4042/1/4 4043/1/4
f 4043/1/4 4042/1/4 4044/1/4
f 4045/3/4 4046/3/4 4047/3/4
f 4047/3/4 4046/3/4 4048/3/4
f 4049/3/4 4050/3/4 4051/3/4
f 4051/3/4 4050/3/4 4052/3/4
f 4053/3/4 4054/3/4 4055/3/4
f 4055/3/4 4054/3/4 4056/3/4
f 4057/3/4 4058/3/4 4059/3/4
f 4059/3/4 4058/3/4 4060/3/4
f 4061/1/4 4062/1/4 4063/1/4
f 4063/1/4 4062/1/4 4064/1/4
f 4065/3/4 4066/3/4 4068/3/4
f 4067/3/4 4068/3/4 4069/3/4
f 4068/3/4 4066/3/4 4070/3/4
f 4069/3/4 4068/3/4 4070/3/4
f 4071/8/4 4072/8/4 4074/8/4
f 4072/2/4 4073/2/4 4075/2/4
f 4074/8/4 4072/8/4 4075/8/4
f 4075/2/4 4073/2/4 4076/2/4
f 4076/2/4 4073/2/4 4077/2/4
f 4078/1/4 4079/1/4 4080/1/4
f 4080/1/4 4081/1/4 4084/1/4
f 4082/1/4 4083/1/4 4085/1/4
f 4085/1/4 4083/1/4 4086/1/4
f 4084/1/4 4085/1/4 4086/1/4
f 4078/1/4 4080/1/4 4088/1/4
f 4080/1/4 4084/1/4 4088/1/4
f 4084/1/4 4086/1/4 4088/1/4
f 4086/3/4 4087/3/4 4089/3/4
f 4088/1/4 4086/1/4 4089/1/4
f 4089/3/4 4087/3/4 4090/3/4
f 4091/3/4 4092/3/4 4093/3/4
f 4093/3/4 4092/3/4 4094/3/4
f 4095/1/4 4096/1/4 4098/1/4
f 4096/1/4 4097/1/4 4098/1/4
f 4098/1/4 4097/1/4 4099/1/4
f 4095/1/4 4098/1/4 4100/1/4
f 4100/1/4 4098/1/4 4101/1/4
f 4102/8/4 4103/8/4 4105/8/4
f 4103/2/4 4104/2/4 4105/2/4
f 4105/2/4 4104/2/4 4106/2/4
f 4102/8/4 4105/8/4 4107/8/4
f 4105/8/4 4106/8/4 4107/8/4
f 4106/2/4 4104/2/4 4108/2/4
f 4107/8/4 4106/8/4 4108/8/4
f 4108/2/4 4104/2/4 4109/2/4
f 4102/8/4 4107/8/4 4110/8/4
f 4110/1/4 4111/1/4 4116/1/4
f 4111/8/4 4112/8/4 4116/8/4
f 4112/1/4 4113/1/4 4117/1/4
f 4116/8/4 4112/8/4 4117/8/4
f 4114/1/4 4115/1/4 4118/1/4
f 4118/1/4 4115/1/4 4119/1/4
f 4110/1/4 4116/1/4 4120/1/4
f 4116/1/4 4117/1/4 4120/1/4
f 4120/1/4 4117/1/4 4121/1/4
f 4113/8/4 4114/8/4 4122/8/4
f 4122/8/4 4114/8/4 4123/8/4
f 4122/1/4 4123/1/4 4124/1/4
f 4123/8/4 4114/8/4 4124/8/4
f 4114/1/4 4118/1/4 4125/1/4
f 4124/8/4 4114/8/4 4125/8/4
f 4124/1/4 4125/1/4 4126/1/4
f 4125/1/4 4118/1/4 4126/1/4
f 4110/1/4 4120/1/4 4129/1/4
f 4120/8/4 4121/8/4 4129/8/4
f 4121/1/4 4117/1/4 4130/1/4
f 4129/8/4 4121/8/4 4130/8/4
f 4124/1/4 4126/1/4 4131/1/4
f 4122/1/4 4124/1/4 4131/1/4
f 4126/1/4 4127/1/4 4131/1/4
f 4113/8/4 4122/8/4 4131/8/4
f 4131/1/4 4127/1/4 4132/1/4
f 4127/3/4 4128/3/4 4133/3/4
f 4132/1/4 4127/1/4 4133/1/4
f 4133/3/4 4128/3/4 4134/3/4
f 4110/1/4 4129/1/4 4135/1/4
f 4129/1/4 4130/1/4 4135/1/4
f 4135/1/4 4130/1/4 4136/1/4
f 4132/1/4 4133/1/4 4137/1/4
f 4137/1/4 4133/1/4 4138/1/4
f 4110/1/4 4135/1/4 4139/1/4
f 4135/8/4 4136/8/4 4139/8/4
f 4136/1/4 4130/1/4 4140/1/4
f 4139/8/4 4136/8/4 4140/8/4
f 4138/1/4 4133/1/4 4141/1/4
f 4141/1/4 4133/1/4 4142/1/4
f 4131/8/4 4132/8/4 4144/8/4
f 4132/1/4 4137/1/4 4144/1/4
f 4144/1/4 4137/1/4 4145/1/4
f 4138/1/4 4141/1/4 4146/1/4
f 4142/3/4 4143/3/4 4147/3/4
f 4146/1/4 4141/1/4 4147/1/4
f 4141/3/4 4142/3/4 4147/3/4
f 4138/1/4 4146/1/4 4148/1/4
f 4146/8/4 4147/8/4 4148/8/4
f 4147/3/4 4143/3/4 4149/3/4
f 4148/8/4 4147/8/4 4149/8/4
f 4137/8/4 4138/8/4 4150/8/4
f 4145/1/4 4137/1/4 4150/1/4
f 4138/1/4 4148/1/4 4151/1/4
f 4150/8/4 4138/8/4 4151/8/4
f 4151/1/4 4148/1/4 4152/1/4
f 4148/3/4 4149/3/4 4153/3/4
f 4152/1/4 4148/1/4 4153/1/4
f 4149/3/4 4143/3/4 4154/3/4
f 4153/3/4 4149/3/4 4154/3/4
f 4140/1/4 4130/1/4 4155/1/4
f 4139/1/4 4140/1/4 4155/1/4
f 4130/1/4 4117/1/4 4156/1/4
f 4155/1/4 4130/1/4 4156/1/4
f 4113/8/4 4131/8/4 4157/8/4
f 4144/8/4 4145/8/4 4157/8/4
f 4131/8/4 4144/8/4 4157/8/4
f 4157/8/4 4145/8/4 4158/8/4
f 4113/8/4 4157/8/4 4159/8/4
f 4157/1/4 4158/1/4 4159/1/4
f 4158/8/4 4145/8/4 4160/8/4
f 4159/1/4 4158/1/4 4160/1/4
f 4139/1/4 4155/1/4 4161/1/4
f 4155/8/4 4156/8/4 4161/8/4
f 4156/1/4 4117/1/4 4162/1/4
f 4161/8/4 4156/8/4 4162/8/4
f 4139/1/4 4161/1/4 4163/1/4
f 4161/1/4 4162/1/4 4163/1/4
f 4163/1/4 4162/1/4 4164/1/4
f 4160/8/4 4145/8/4 4165/8/4
f 4159/8/4 4160/8/4 4165/8/4
f 4165/8/4 4145/8/4 4166/8/4
f 4163/8/4 4164/8/4 4167/8/4
f 4139/1/4 4163/1/4 4167/1/4
f 4164/1/4 4162/1/4 4168/1/4
f 4167/8/4 4164/8/4 4168/8/4
f 4165/1/4 4166/1/4 4169/1/4
f 4159/8/4 4165/8/4 4169/8/4
f 4166/8/4 4145/8/4 4170/8/4
f 4169/1/4 4166/1/4 4170/1/4
f 4150/1/4 4151/1/4 4171/1/4
f 4151/1/4 4152/1/4 4171/1/4
f 4171/1/4 4152/1/4 4172/1/4
f 4102/8/4 4110/8/4 4173/8/4
f 4139/1/4 4167/1/4 4173/1/4
f 4110/1/4 4139/1/4 4173/1/4
f 4167/1/4 4168/1/4 4173/1/4
f 4168/1/4 4162/1/4 4174/1/4
f 4173/1/4 4168/1/4 4174/1/4
f 4162/1/4 4117/1/4 4174/1/4
f 4117/1/4 4113/1/4 4175/1/4
f 4174/1/4 4117/1/4 4175/1/4
f 4113/8/4 4159/8/4 4175/8/4
f 4169/8/4 4170/8/4 4175/8/4
f 4159/8/4 4169/8/4 4175/8/4
f 4150/1/4 4171/1/4 4176/1/4
f 4175/8/4 4170/8/4 4176/8/4
f 4145/1/4 4150/1/4 4176/1/4
f 4170/8/4 4145/8/4 4176/8/4
f 4176/1/4 4171/1/4 4177/1/4
f 4102/8/4 4173/8/4 4178/8/4
f 4173/2/4 4174/2/4 4179/2/4
f 4178/8/4 4173/8/4 4179/8/4
f 4179/2/4 4174/2/4 4180/2/4
f 4183/8/5 4182/8/5 4181/8/5
f 4184/8/5 4182/8/5 4183/8/5
f 4187/3/5 4186/3/5 4185/3/5
f 4188/3/5 4186/3/5 4187/3/5
f 4191/3/5 4190/3/5 4189/3/5
f 4192/3/5 4190/3/5 4191/3/5
f 4199/3/5 4194/3/5 4193/3/5
f 4200/3/5 4194/3/5 4199/3/5
f 4201/3/5 4196/3/5 4195/3/5
f 4202/3/5 4196/3/5 4201/3/5
f 4203/3/5 4198/3/5 4197/3/5
f 4204/3/5 4198/3/5 4203/3/5
f 4205/3/5 4198/3/5 4204/3/5
f 4206/3/5 4198/3/5 4205/3/5
f 4209/3/5 4208/3/5 4207/3/5
f 4210/3/5 4208/3/5 4209/3/5
f 4213/3/5 4212/3/5 4211/3/5
f 4214/3/5 4212/3/5 4213/3/5
f 4217/3/5 4216/3/5 4215/3/5
f 4218/3/5 4216/3/5 4217/3/5
f 4222/3/5 4217/3/5 4215/3/5
f 4223/3/5 4220/3/5 4219/3/5
f 4224/3/5 4220/3/5 4223/3/5
f 4225/3/5 4222/3/5 4221/3/5
f 4226/3/5 4217/3/5 4222/3/5
f 4226/3/5 4222/3/5 4225/3/5
f 4229/1/5 4228/1/5 4227/1/5
f 4230/1/5 4229/1/5 4227/1/5
f 4231/1/5 4229/1/5 4230/1/5
f 4234/8/5 4233/8/5 4232/8/5
f 4235/8/5 4233/8/5 4234/8/5
f 4238/8/5 4237/8/5 4236/8/5
f 4239/8/5 4237/8/5 4238/8/5
f 4242/8/5 4241/8/5 4240/8/5
f 4243/8/5 4241/8/5 4242/8/5
f 4246/3/5 4245/3/5 4244/3/5
f 4247/3/5 4245/3/5 4246/3/5
f 4250/3/5 4249/3/5 4248/3/5
f 4251/3/5 4249/3/5 4250/3/5
f 4256/3/5 4253/3/5 4252/3/5
f 4257/3/5 4253/3/5 4256/3/5
f 4258/3/5 4255/3/5 4254/3/5
f 4259/3/5 4255/3/5 4258/3/5
f 4262/3/5 4261/3/5 4260/3/5
f 4263/3/5 4261/3/5 4262/3/5
f 4266/3/5 4265/3/5 4264/3/5
f 4267/3/5 4265/3/5 4266/3/5
f 4270/3/5 4269/3/5 4268/3/5
f 4271/3/5 4269/3/5 4270/3/5
f 4274/3/5 4273/3/5 4272/3/5
f 4275/3/5 4273/3/5 4274/3/5
f 4284/3/5 4277/3/5 4276/3/5
f 4285/3/5 4279/3/5 4278/3/5
f 4286/3/5 4279/3/5 4285/3/5
f 4287/3/5 4281/3/5 4280/3/5
f 4288/3/5 4281/3/5 4287/3/5
f 4289/3/5 4283/3/5 4282/3/5
f 4290/3/5 4283/3/5 4289/3/5
f 4291/3/5 4277/3/5 4284/3/5
f 4292/3/5 4277/3/5 4291/3/5
f 4295/3/5 4294/3/5 4293/3/5
f 4296/3/5 4294/3/5 4295/3/5
f 4299/3/5 4298/3/5 4297/3/5
f 4300/3/5 4298/3/5 4299/3/5
f 4303/3/5 4302/3/5 4301/3/5
f 4304/3/5 4302/3/5 4303/3/5
f 4307/3/5 4306/3/5 4305/3/5
f 4308/3/5 4306/3/5 4307/3/5
f 4309/3/5 4306/3/5 4308/3/5
f 4312/3/5 4311/3/5 4310/3/5
f 4313/3/5 4311/3/5 4312/3/5
f 4316/3/5 4315/3/5 4314/3/5
f 4317/3/5 4315/3/5 4316/3/5
f 4320/3/5 4319/3/5 4318/3/5
f 4321/3/5 4319/3/5 4320/3/5
f 4324/3/5 4323/3/5 4322/3/5
f 4325/3/5 4323/3/5 4324/3/5
f 4328/3/5 4327/3/5 4326/3/5
f 4329/3/5 4327/3/5 4328/3/5
f 4332/1/5 4331/1/5 4330/1/5
f 4333/1/5 4331/1/5 4332/1/5
f 4336/1/5 4335/1/5 4334/1/5
f 4337/1/5 4335/1/5 4336/1/5
f 4338/1/5 4335/1/5 4337/1/5
f 4340/1/5 4337/1/5 4336/1/5
f 4341/3/5 4339/3/5 4338/3/5
f 4341/1/5 4337/1/5 4340/1/5
f 4341/3/5 4338/3/5 4337/3/5
f 4342/3/5 4339/3/5 4341/3/5
f 4343/3/5 4339/3/5 4342/3/5
f 4346/3/5 4345/3/5 4344/3/5
f 4347/3/5 4345/3/5 4346/3/5
f 4354/3/5 4349/3/5 4348/3/5
f 4355/3/5 4349/3/5 4354/3/5
f 4356/3/5 4351/3/5 4350/3/5
f 4357/3/5 4351/3/5 4356/3/5
f 4358/3/5 4353/3/5 4352/3/5
f 4359/3/5 4353/3/5 4358/3/5
f 4362/3/5 4361/3/5 4360/3/5
f 4363/3/5 4361/3/5 4362/3/5
f 4366/3/5 4365/3/5 4364/3/5
f 4367/3/5 4365/3/5 4366/3/5
f 4370/3/5 4369/3/5 4368/3/5
f 4371/3/5 4369/3/5 4370/3/5
f 4374/3/5 4373/3/5 4372/3/5
f 4375/3/5 4373/3/5 4374/3/5
f 4378/3/5 4377/3/5 4376/3/5
f 4379/3/5 4377/3/5 4378/3/5
f 4385/3/5 4381/3/5 4380/3/5
f 4386/3/5 4383/3/5 4382/3/5
f 4387/3/5 4383/3/5 4386/3/5
f 4388/3/5 4385/3/5 4384/3/5
f 4389/3/5 4381/3/5 4385/3/5
f 4389/3/5 4385/3/5 4388/3/5
f 4392/3/5 4391/3/5 4390/3/5
f 4393/3/5 4391/3/5 4392/3/5
f 4398/3/5 4397/3/5 4396/3/5
f 4399/3/5 4397/3/5 4398/3/5
f 4402/1/5 4401/1/5 4400/1/5
f 4403/1/5 4401/1/5 4402/1/5
f 4404/3/5 4395/3/5 4394/3/5
f 4405/3/5 4395/3/5 4404/3/5
f 4408/3/5 4407/3/5 4406/3/5
f 4409/3/5 4407/3/5 4408/3/5
f 4412/3/5 4411/3/5 4410/3/5
f 4413/3/5 4411/3/5 4412/3/5
f 4418/3/5 4415/3/5 4414/3/5
f 4419/3/5 4415/3/5 4418/3/5
f 4420/3/5 4417/3/5 4416/3/5
f 4421/3/5 4417/3/5 4420/3/5
f 4424/3/5 4423/3/5 4422/3/5
f 4425/3/5 4423/3/5 4424/3/5
f 4428/3/5 4427/3/5 4426/3/5
f 4429/3/5 4427/3/5 4428/3/5
f 4434/3/5 4431/3/5 4430/3/5
f 4435/3/5 4431/3/5 4434/3/5
f 4436/3/5 4433/3/5 4432/3/5
f 4437/3/5 4433/3/5 4436/3/5
f 4442/3/5 4439/3/5 4438/3/5
f 4443/3/5 4439/3/5 4442/3/5
f 4444/3/5 4441/3/5 4440/3/5
f 4445/3/5 4441/3/5 4444/3/5
f 4450/3/5 4447/3/5 4446/3/5
f 4451/3/5 4447/3/5 4450/3/5
f 4452/1/5 4449/1/5 4448/1/5
f 4453/1/5 4449/1/5 4452/1/5
f 4458/3/5 4455/3/5 4454/3/5
f 4459/3/5 4455/3/5 4458/3/5
f 4460/3/5 4457/3/5 4456/3/5
f 4461/3/5 4457/3/5 4460/3/5
f 4464/3/5 4463/3/5 4462/3/5
f 4465/3/5 4463/3/5 4464/3/5
f 4468/3/5 4467/3/5 4466/3/5
f 4469/3/5 4467/3/5 4468/3/5
f 4472/3/5 4471/3/5 4470/3/5
f 4473/3/5 4471/3/5 4472/3/5
f 4476/3/5 4475/3/5 4474/3/5
f 4477/3/5 4475/3/5 4476/3/5
f 4478/3/5 4476/3/5 4474/3/5
f 4479/3/5 4476/3/5 4478/3/5
f 4484/3/5 4481/3/5 4480/3/5
f 4485/3/5 4481/3/5 4484/3/5
f 4486/3/5 4483/3/5 4482/3/5
f 4487/3/5 4483/3/5 4486/3/5
f 4488/1/5 4487/1/5 4486/1/5
f 4489/1/5 4487/1/5 4488/1/5
f 4490/9/5 4489/9/5 4488/9/5
f 4491/9/5 4489/9/5 4490/9/5
f 4492/1/5 4491/1/5 4490/1/5
f 4493/1/5 4491/1/5 4492/1/5
f 4500/3/5 4497/3/5 4496/3/5
f 4501/3/5 4497/3/5 4500/3/5
f 4504/3/5 4503/3/5 4502/3/5
f 4505/3/5 4503/3/5 4504/3/5
f 4506/3/5 4495/3/5 4494/3/5
f 4507/3/5 4495/3/5 4506/3/5
f 4508/3/5 4499/3/5 4498/3/5
f 4509/3/5 4499/3/5 4508/3/5
f 4514/3/5 4513/3/5 4512/3/5
f 4515/3/5 4513/3/5 4514/3/5
f 4518/3/5 4511/3/5 4510/3/5
f 4519/3/5 4511/3/5 4518/3/5
f 4520/3/5 4517/3/5 4516/3/5
f 4521/3/5 4517/3/5 4520/3/5
f 4526/3/5 4523/3/5 4522/3/5
f 4527/3/5 4523/3/5 4526/3/5
f 4528/3/5 4525/3/5 4524/3/5
f 4529/3/5 4525/3/5 4528/3/5
f 4534/3/5 4531/3/5 4530/3/5
f 4535/3/5 4531/3/5 4534/3/5
f 4536/3/5 4533/3/5 4532/3/5
f 4537/3/5 4533/3/5 4536/3/5
f 4542/3/5 4539/3/5 4538/3/5
f 4543/3/5 4539/3/5 4542/3/5
f 4544/3/5 4541/3/5 4540/3/5
f 4545/3/5 4541/3/5 4544/3/5
f 4548/3/5 4547/3/5 4546/3/5
f 4549/3/5 4547/3/5 4548/3/5
f 4552/3/5 4551/3/5 4550/3/5
f 4553/3/5 4551/3/5 4552/3/5
f 4564/10/5 4561/10/5 4560/10/5
f 4565/10/5 4563/10/5 4562/10/5
f 4566/10/5 4563/10/5 4565/10/5
f 4567/10/5 4564/10/5 4560/10/5
f 4568/10/5 4564/10/5 4567/10/5
f 4569/10/5 4555/10/5 4554/10/5
f 4570/10/5 4555/10/5 4569/10/5
f 4571/10/5 4557/10/5 4556/10/5
f 4572/10/5 4557/10/5 4571/10/5
f 4573/10/5 4559/10/5 4558/10/5
f 4574/10/5 4559/10/5 4573/10/5
f 4575/10/5 4567/10/5 4560/10/5
f 4576/10/5 4567/10/5 4575/10/5
f 4577/10/5 4567/10/5 4576/10/5
f 4594/10/5 4579/10/5 4578/10/5
f 4595/10/5 4579/10/5 4594/10/5
f 4596/10/5 4581/10/5 4580/10/5
f 4597/10/5 4581/10/5 4596/10/5
f 4598/10/5 4583/10/5 4582/10/5
f 4599/10/5 4583/10/5 4598/10/5
f 4600/10/5 4585/10/5 4584/10/5
f 4601/10/5 4585/10/5 4600/10/5
f 4602/10/5 4587/10/5 4586/10/5
f 4603/10/5 4587/10/5 4602/10/5
f 4604/10/5 4589/10/5 4588/10/5
f 4605/10/5 4589/10/5 4604/10/5
f 4606/10/5 4591/10/5 4590/10/5
f 4607/10/5 4591/10/5 4606/10/5
f 4608/10/5 4593/10/5 4592/10/5
f 4609/10/5 4593/10/5 4608/10/5
f 4626/10/5 4611/10/5 4610/10/5
f 4627/10/5 4611/10/5 4626/10/5
f 4628/10/5 4613/10/5 4612/10/5
f 4629/10/5 4613/10/5 4628/10/5
f 4630/10/5 4615/10/5 4614/10/5
f 4631/10/5 4615/10/5 4630/10/5
f 4632/10/5 4617/10/5 4616/10/5
f 4633/10/5 4617/10/5 4632/10/5
f 4634/10/5 4619/10/5 4618/10/5
f 4635/10/5 4619/10/5 4634/10/5
f 4636/10/5 4621/10/5 4620/10/5
f 4637/10/5 4621/10/5 4636/10/5
f 4638/10/5 4623/10/5 4622/10/5
f 4639/10/5 4623/10/5 4638/10/5
f 4640/10/5 4625/10/5 4624/10/5
f 4641/10/5 4625/10/5 4640/10/5
f 4645/1/5 4643/1/5 4642/1/5
f 4646/10/5 4644/10/5 4643/10/5
f 4646/1/5 4643/1/5 4645/1/5
f 4647/10/5 4644/10/5 4646/10/5
f 4648/10/5 4644/10/5 4647/10/5
f 4652/1/5 4650/1/5 4649/1/5
f 4653/10/5 4651/10/5 4650/10/5
f 4653/1/5 4650/1/5 4652/1/5
f 4654/10/5 4651/10/5 4653/10/5
f 4655/10/5 4651/10/5 4654/10/5
f 4659/1/5 4657/1/5 4656/1/5
f 4660/10/5 4658/10/5 4657/10/5
f 4660/1/5 4657/1/5 4659/1/5
f 4661/10/5 4658/10/5 4660/10/5
f 4662/10/5 4658/10/5 4661/10/5
f 4666/1/5 4664/1/5 4663/1/5
f 4667/10/5 4665/10/5 4664/10/5
f 4667/1/5 4664/1/5 4666/1/5
f 4668/10/5 4665/10/5 4667/10/5
f 4669/10/5 4665/10/5 4668/10/5
f 4672/8/5 4671/8/5 4670/8/5
f 4673/8/5 4671/8/5 4672/8/5
f 4676/8/5 4675/8/5 4674/8/5
f 4677/8/5 4675/8/5 4676/8/5
f 4681/1/5 4679/1/5 4678/1/5
f 4682/10/5 4680/10/5 4679/10/5
f 4682/1/5 4679/1/5 4681/1/5
f 4683/10/5 4680/10/5 4682/10/5
f 4684/10/5 4680/10/5 4683/10/5
f 4688/1/5 4686/1/5 4685/1/5
f 4689/10/5 4687/10/5 4686/10/5
f 4689/1/5 4686/1/5 4688/1/5
f 4690/10/5 4687/10/5 4689/10/5
f 4691/10/5 4687/10/5 4690/10/5
f 4694/3/5 4693/3/5 4692/3/5
f 4695/3/5 4693/3/5 4694/3/5
f 4698/1/5 4697/1/5 4696/1/5
f 4699/1/5 4697/1/5 4698/1/5
f 4702/3/5 4701/3/5 4700/3/5
f 4703/3/5 4701/3/5 4702/3/5
f 4706/3/5 4705/3/5 4704/3/5
f 4707/3/5 4705/3/5 4706/3/5
f 4710/3/5 4709/3/5 4708/3/5
f 4711/3/5 4709/3/5 4710/3/5
f 4714/3/5 4713/3/5 4712/3/5
f 4715/3/5 4713/3/5 4714/3/5
f 4718/3/5 4717/3/5 4716/3/5
f 4719/3/5 4717/3/5 4718/3/5
f 4725/1/5 4721/1/5 4720/1/5
f 4726/10/5 4722/10/5 4721/10/5
f 4726/1/5 4721/1/5 4725/1/5
f 4726/10/5 4723/10/5 4722/10/5
f 4727/3/5 4724/3/5 4723/3/5
f 4727/10/5 4723/10/5 4726/10/5
f 4728/3/5 4724/3/5 4727/3/5
f 4731/3/5 4730/3/5 4729/3/5
f 4732/3/5 4730/3/5 4731/3/5
f 4735/1/5 4734/1/5 4733/1/5
f 4736/1/5 4734/1/5 4735/1/5
f 4739/3/5 4738/3/5 4737/3/5
f 4740/3/5 4738/3/5 4739/3/5
f 4744/1/5 4742/1/5 4741/1/5
f 4745/10/5 4743/10/5 4742/10/5
f 4745/1/5 4742/1/5 4744/1/5
f 4746/10/5 4743/10/5 4745/10/5
f 4747/10/5 4743/10/5 4746/10/5
f 4748/11/6 4749/11/6 4750/11/6
f 4750/11/6 4749/11/6 4751/11/6
f 4752/8/6 4753/8/6 4754/8/6
f 4754/8/6 4753/8/6 4755/8/6
f 4756/8/6 4757/8/6 4758/8/6
f 4758/8/6 4757/8/6 4759/8/6
f 4760/8/6 4761/8/6 4762/8/6
f 4762/8/6 4761/8/6 4763/8/6
f 4763/8/6 4761/8/6 4764/8/6
f 4765/8/6 4766/8/6 4767/8/6
f 4767/8/6 4766/8/6 4768/8/6
f 4769/1/6 4770/1/6 4772/1/6
f 4770/1/6 4771/1/6 4772/1/6
f 4772/1/6 4771/1/6 4773/1/6
f 4774/8/6 4775/8/6 4776/8/6
f 4776/8/6 4775/8/6 4777/8/6
f 4778/1/6 4779/1/6 4781/1/6
f 4779/1/6 4780/1/6 4781/1/6
f 4781/1/6 4780/1/6 4782/1/6
f 4782/1/6 4780/1/6 4783/1/6
f 4783/1/6 4780/1/6 4784/1/6
f 4785/1/6 4786/1/6 4787/1/6
f 4787/1/6 4786/1/6 4788/1/6
f 4787/3/6 4788/3/6 4789/3/6
f 4789/3/6 4788/3/6 4790/3/6
f 4791/3/6 4792/3/6 4793/3/6
f 4793/3/6 4792/3/6 4794/3/6
f 4795/2/6 4796/2/6 4797/2/6
f 4797/2/6 4796/2/6 4798/2/6
f 4798/2/6 4796/2/6 4799/2/6
f 4799/2/6 4796/2/6 4800/2/6
f 4800/2/6 4796/2/6 4802/2/6
f 4801/2/6 4802/2/6 4803/2/6
f 4803/2/6 4802/2/6 4804/2/6
f 4804/2/6 4802/2/6 4806/2/6
f 4806/2/6 4802/2/6 4807/2/6
f 4805/2/6 4806/2/6 4807/2/6
f 4807/2/6 4802/2/6 4808/2/6
f 4802/2/6 4796/2/6 4809/2/6
f 4808/2/6 4802/2/6 4809/2/6
f 4809/2/6 4796/2/6 4810/2/6
f 4805/2/6 4807/2/6 4811/2/6
f 4811/2/6 4807/2/6 4812/2/6
f 4810/2/6 4796/2/6 4813/2/6
f 4813/2/6 4796/2/6 4814/2/6
f 4814/2/6 4796/2/6 4815/2/6
f 4815/2/6 4796/2/6 4816/2/6
f 4816/2/6 4796/2/6 4817/2/6
f 4817/2/6 4796/2/6 4818/2/6
f 4814/2/6 4815/2/6 4819/2/6
f 4819/2/6 4815/2/6 4820/2/6
f 4820/2/6 4815/2/6 4821/2/6
f 4816/2/6 4817/2/6 4822/2/6
f 4822/2/6 4817/2/6 4823/2/6
f 4818/2/6 4796/2/6 4824/2/6
f 4823/2/6 4824/2/6 4825/2/6
f 4824/2/6 4796/2/6 4826/2/6
f 4825/2/6 4824/2/6 4826/2/6
f 4826/2/6 4796/2/6 4828/2/6
f 4805/2/6 4811/2/6 4829/2/6
f 4829/2/6 4811/2/6 4830/2/6
f 4830/2/6 4811/2/6 4831/2/6
f 4831/2/6 4811/2/6 4832/2/6
f 4829/2/6 4830/2/6 4833/2/6
f 4827/2/6 4828/2/6 4834/2/6
f 4828/2/6 4796/2/6 4835/2/6
f 4834/2/6 4828/2/6 4835/2/6
f 4833/2/6 4830/2/6 4836/2/6
f 4835/2/6 4796/2/6 4839/2/6
f 4840/1/6 4841/1/6 4842/1/6
f 4842/1/6 4841/1/6 4843/1/6
f 4838/2/6 4839/2/6 4846/2/6
f 4836/2/6 4837/2/6 4847/2/6
f 4833/2/6 4836/2/6 4847/2/6
f 4847/2/6 4837/2/6 4849/2/6
f 4844/1/6 4845/1/6 4850/1/6
f 4845/2/6 4846/2/6 4851/2/6
f 4850/1/6 4845/1/6 4851/1/6
f 4846/2/6 4839/2/6 4852/2/6
f 4851/2/6 4846/2/6 4852/2/6
f 4844/1/6 4850/1/6 4856/1/6
f 4856/1/6 4850/1/6 4857/1/6
f 4852/2/6 4839/2/6 4858/2/6
f 4853/2/6 4854/2/6 4859/2/6
f 4857/2/6 4858/2/6 4860/2/6
f 4856/2/6 4857/2/6 4860/2/6
f 4855/2/6 4856/2/6 4860/2/6
f 4853/2/6 4859/2/6 4861/2/6
f 4859/2/6 4860/2/6 4861/2/6
f 4861/2/6 4860/2/6 4862/2/6
f 4862/2/6 4860/2/6 4863/2/6
f 4863/2/6 4860/2/6 4864/2/6
f 4864/2/6 4860/2/6 4865/2/6
f 4848/2/6 4849/2/6 4866/2/6
f 4849/2/6 4837/2/6 4866/2/6
f 4848/2/6 4866/2/6 4867/2/6
f 4867/2/6 4866/2/6 4868/2/6
f 4865/2/6 4860/2/6 4870/2/6
f 4848/2/6 4867/2/6 4871/2/6
f 4871/2/6 4867/2/6 4872/2/6
f 4869/2/6 4870/2/6 4873/2/6
f 4860/2/6 4858/2/6 4874/2/6
f 4873/2/6 4870/2/6 4874/2/6
f 4858/2/6 4839/2/6 4874/2/6
f 4839/2/6 4796/2/6 4874/2/6
f 4870/2/6 4860/2/6 4874/2/6
f 4875/1/6 4876/1/6 4877/1/6
f 4877/1/6 4876/1/6 4878/1/6
f 4879/1/6 4880/1/6 4881/1/6
f 4881/1/6 4880/1/6 4882/1/6
f 4883/1/6 4884/1/6 4885/1/6
f 4885/1/6 4884/1/6 4886/1/6
f 4887/3/6 4888/3/6 4889/3/6
f 4889/3/6 4888/3/6 4890/3/6
f 4889/1/6 4890/1/6 4892/1/6
f 4890/3/6 4891/3/6 4892/3/6
f 4892/3/6 4891/3/6 4893/3/6
f 4889/1/6 4892/1/6 4894/1/6
f 4892/1/6 4893/1/6 4894/1/6
f 4894/1/6 4893/1/6 4895/1/6
f 4896/1/6 4897/1/6 4899/1/6
f 4899/1/6 4897/1/6 4900/1/6
f 4898/1/6 4899/1/6 4901/1/6
f 4901/1/6 4902/1/6 4903/1/6
f 4901/1/6 4903/1/6 4905/1/6
f 4903/1/6 4904/1/6 4905/1/6
f 4898/1/6 4901/1/6 4905/1/6
f 4905/1/6 4904/1/6 4906/1/6
f 4907/1/6 4908/1/6 4909/1/6
f 4909/1/6 4908/1/6 4910/1/6
f 4910/1/6 4908/1/6 4911/1/6
f 4912/1/6 4913/1/6 4914/1/6
f 4914/1/6 4913/1/6 4915/1/6
f 4916/3/6 4917/3/6 4918/3/6
f 4918/3/6 4917/3/6 4919/3/6
f 4919/3/6 4917/3/6 4920/3/6
f 4920/3/6 4917/3/6 4921/3/6
f 4921/3/6 4922/3/6 4923/3/6
f 4920/3/6 4921/3/6 4923/3/6
f 4923/3/6 4922/3/6 4924/3/6
f 4924/3/6 4922/3/6 4925/3/6
f 4925/3/6 4922/3/6 4926/3/6
f 4920/3/6 4923/3/6 4928/3/6
f 4923/1/6 4924/1/6 4929/1/6
f 4924/3/6 4925/3/6 4929/3/6
f 4925/1/6 4926/1/6 4930/1/6
f 4929/3/6 4925/3/6 4930/3/6
f 4926/3/6 4922/3/6 4931/3/6
f 4930/1/6 4926/1/6 4931/1/6
f 4931/3/6 4922/3/6 4932/3/6
f 4932/3/6 4922/3/6 4933/3/6
f 4933/3/6 4922/3/6 4934/3/6
f 4916/3/6 4918/3/6 4937/3/6
f 4927/3/6 4928/3/6 4938/3/6
f 4929/1/6 4930/1/6 4939/1/6
f 4928/3/6 4923/3/6 4939/3/6
f 4938/3/6 4928/3/6 4939/3/6
f 4923/1/6 4929/1/6 4939/1/6
f 4939/1/6 4930/1/6 4940/1/6
f 4930/3/6 4931/3/6 4941/3/6
f 4940/1/6 4930/1/6 4941/1/6
f 4931/1/6 4932/1/6 4942/1/6
f 4941/3/6 4931/3/6 4942/3/6
f 4942/1/6 4932/1/6 4943/1/6
f 4932/3/6 4933/3/6 4944/3/6
f 4943/1/6 4932/1/6 4944/1/6
f 4944/3/6 4933/3/6 4945/3/6
f 4945/3/6 4933/3/6 4946/3/6
f 4937/3/6 4938/3/6 4948/3/6
f 4939/3/6 4940/3/6 4948/3/6
f 4940/1/6 4941/1/6 4948/1/6
f 4942/1/6 4943/1/6 4948/1/6
f 4938/3/6 4939/3/6 4948/3/6
f 4941/1/6 4942/1/6 4948/1/6
f 4948/1/6 4943/1/6 4949/1/6
f 4949/1/6 4943/1/6 4950/1/6
f 4944/9/6 4945/9/6 4951/9/6
f 4950/1/6 4943/1/6 4951/1/6
f 4943/9/6 4944/9/6 4951/9/6
f 4951/9/6 4945/9/6 4952/9/6
f 4946/3/6 4947/3/6 4953/3/6
f 4952/9/6 4945/9/6 4953/9/6
f 4945/3/6 4946/3/6 4953/3/6
f 4953/3/6 4947/3/6 4954/3/6
f 4934/3/6 4922/3/6 4955/3/6
f 4948/3/6 4949/3/6 4956/3/6
f 4937/3/6 4948/3/6 4956/3/6
f 4949/1/6 4950/1/6 4957/1/6
f 4956/3/6 4949/3/6 4957/3/6
f 4951/9/6 4952/9/6 4958/9/6
f 4957/1/6 4950/1/6 4958/1/6
f 4950/9/6 4951/9/6 4958/9/6
f 4958/9/6 4952/9/6 4959/9/6
f 4953/3/6 4954/3/6 4960/3/6
f 4959/9/6 4952/9/6 4960/9/6
f 4954/3/6 4955/3/6 4960/3/6
f 4952/3/6 4953/3/6 4960/3/6
f 4960/3/6 4955/3/6 4961/3/6
f 4961/3/6 4955/3/6 4962/3/6
f 4962/3/6 4955/3/6 4963/3/6
f 4955/3/6 4922/3/6 4964/3/6
f 4963/3/6 4955/3/6 4964/3/6
f 4935/3/6 4936/3/6 4965/3/6
f 4956/1/6 4957/1/6 4966/1/6
f 4958/1/6 4959/1/6 4966/1/6
f 4957/1/6 4958/1/6 4966/1/6
f 4959/9/6 4960/9/6 4967/9/6
f 4966/1/6 4959/1/6 4967/1/6
f 4967/9/6 4960/9/6 4968/9/6
f 4960/1/6 4961/1/6 4969/1/6
f 4968/9/6 4960/9/6 4969/9/6
f 4961/3/6 4962/3/6 4970/3/6
f 4969/1/6 4961/1/6 4970/1/6
f 4970/3/6 4962/3/6 4971/3/6
f 4971/3/6 4962/3/6 4972/3/6
f 4962/1/6 4963/1/6 4973/1/6
f 4972/3/6 4962/3/6 4973/3/6
f 4963/3/6 4964/3/6 4974/3/6
f 4973/1/6 4963/1/6 4974/1/6
f 4964/3/6 4965/3/6 4974/3/6
f 4974/3/6 4965/3/6 4975/3/6
f 4916/3/6 4937/3/6 4976/3/6
f 4937/3/6 4956/3/6 4976/3/6
f 4976/3/6 4956/3/6 4977/3/6
f 4977/3/6 4956/3/6 4978/3/6
f 4956/1/6 4966/1/6 4979/1/6
f 4978/3/6 4956/3/6 4979/3/6
f 4967/9/6 4968/9/6 4980/9/6
f 4979/1/6 4966/1/6 4980/1/6
f 4966/9/6 4967/9/6 4980/9/6
f 4970/1/6 4971/1/6 4981/1/6
f 4980/9/6 4968/9/6 4981/9/6
f 4968/1/6 4969/1/6 4981/1/6
f 4969/1/6 4970/1/6 4981/1/6
f 4971/3/6 4972/3/6 4982/3/6
f 4981/1/6 4971/1/6 4982/1/6
f 4972/1/6 4973/1/6 4983/1/6
f 4982/3/6 4972/3/6 4983/3/6
f 4974/1/6 4975/1/6 4983/1/6
f 4973/1/6 4974/1/6 4983/1/6
f 4975/3/6 4965/3/6 4984/3/6
f 4983/1/6 4975/1/6 4984/1/6
f 4984/3/6 4965/3/6 4985/3/6
f 4981/1/6 4982/1/6 4986/1/6
f 4979/1/6 4980/1/6 4986/1/6
f 4984/1/6 4985/1/6 4986/1/6
f 4983/1/6 4984/1/6 4986/1/6
f 4982/1/6 4983/1/6 4986/1/6
f 4978/1/6 4979/1/6 4986/1/6
f 4980/1/6 4981/1/6 4986/1/6
f 4986/1/6 4985/1/6 4987/1/6
f 4987/1/6 4985/1/6 4988/1/6
f 4988/1/6 4985/1/6 4989/1/6
f 4916/3/6 4976/3/6 4990/3/6
f 4977/3/6 4978/3/6 4991/3/6
f 4991/3/6 4978/3/6 4992/3/6
f 4992/3/6 4978/3/6 4993/3/6
f 4993/3/6 4978/3/6 4994/3/6
f 4978/1/6 4986/1/6 4995/1/6
f 4994/3/6 4978/3/6 4995/3/6
f 4995/1/6 4986/1/6 4996/1/6
f 4986/2/6 4987/2/6 4997/2/6
f 4996/1/6 4986/1/6 4997/1/6
f 4987/1/6 4988/1/6 4998/1/6
f 4997/2/6 4987/2/6 4998/2/6
f 4998/1/6 4988/1/6 4999/1/6
f 4989/1/6 4985/1/6 5000/1/6
f 4988/2/6 4989/2/6 5000/2/6
f 5000/1/6 4985/1/6 5001/1/6
f 4993/3/6 4994/3/6 5002/3/6
f 4995/1/6 4996/1/6 5003/1/6
f 5002/3/6 4994/3/6 5003/3/6
f 4994/1/6 4995/1/6 5003/1/6
f 5003/1/6 4996/1/6 5004/1/6
f 5004/1/6 4996/1/6 5005/1/6
f 4996/2/6 4997/2/6 5006/2/6
f 5005/1/6 4996/1/6 5006/1/6
f 4998/2/6 4999/2/6 5006/2/6
f 4997/2/6 4998/2/6 5006/2/6
f 4999/1/6 4988/1/6 5007/1/6
f 5006/2/6 4999/2/6 5007/2/6
f 4988/2/6 5000/2/6 5008/2/6
f 5007/1/6 4988/1/6 5008/1/6
f 4985/3/6 4965/3/6 5009/3/6
f 5001/1/6 4985/1/6 5009/1/6
f 5009/3/6 4965/3/6 5010/3/6
f 4990/3/6 4991/3/6 5011/3/6
f 4991/3/6 4992/3/6 5011/3/6
f 4992/1/6 4993/1/6 5011/1/6
f 4993/3/6 5002/3/6 5012/3/6
f 5011/1/6 4993/1/6 5012/1/6
f 5012/3/6 5002/3/6 5013/3/6
f 5013/3/6 5002/3/6 5014/3/6
f 5002/1/6 5003/1/6 5015/1/6
f 5014/3/6 5002/3/6 5015/3/6
f 5015/1/6 5003/1/6 5016/1/6
f 5003/3/6 5004/3/6 5017/3/6
f 5016/1/6 5003/1/6 5017/1/6
f 5004/1/6 5005/1/6 5018/1/6
f 5017/3/6 5004/3/6 5018/3/6
f 5008/2/6 5000/2/6 5019/2/6
f 5005/2/6 5006/2/6 5019/2/6
f 5007/2/6 5008/2/6 5019/2/6
f 5000/9/6 5001/9/6 5019/9/6
f 5006/2/6 5007/2/6 5019/2/6
f 5019/9/6 5001/9/6 5020/9/6
f 5009/1/6 5010/1/6 5021/1/6
f 5020/9/6 5001/9/6 5021/9/6
f 5001/1/6 5009/1/6 5021/1/6
f 5021/1/6 5010/1/6 5022/1/6
f 5022/1/6 5010/1/6 5023/1/6
f 5010/3/6 4965/3/6 5024/3/6
f 5023/1/6 5010/1/6 5024/1/6
f 5012/1/6 5013/1/6 5025/1/6
f 5011/3/6 5012/3/6 5025/3/6
f 5013/3/6 5014/3/6 5026/3/6
f 5025/1/6 5013/1/6 5026/1/6
f 5014/1/6 5015/1/6 5027/1/6
f 5026/3/6 5014/3/6 5027/3/6
f 5015/3/6 5016/3/6 5028/3/6
f 5027/1/6 5015/1/6 5028/1/6
f 5017/1/6 5018/1/6 5029/1/6
f 5028/3/6 5016/3/6 5029/3/6
f 5016/1/6 5017/1/6 5029/1/6
f 5029/1/6 5018/1/6 5030/1/6
f 5018/1/6 5005/1/6 5031/1/6
f 5030/1/6 5018/1/6 5031/1/6
f 5031/1/6 5005/1/6 5032/1/6
f 5019/2/6 5020/2/6 5033/2/6
f 5032/1/6 5005/1/6 5033/1/6
f 5005/2/6 5019/2/6 5033/2/6
f 5021/9/6 5022/9/6 5034/9/6
f 5033/2/6 5020/2/6 5034/2/6
f 5020/9/6 5021/9/6 5034/9/6
f 5034/9/6 5022/9/6 5035/9/6
f 4916/3/6 4990/3/6 5036/3/6
f 5025/3/6 5026/3/6 5036/3/6
f 4990/3/6 5011/3/6 5036/3/6
f 5011/3/6 5025/3/6 5036/3/6
f 5036/3/6 5026/3/6 5037/3/6
f 5037/3/6 5026/3/6 5038/3/6
f 5029/1/6 5030/1/6 5039/1/6
f 5038/3/6 5026/3/6 5039/3/6
f 5027/1/6 5028/1/6 5039/1/6
f 5026/1/6 5027/1/6 5039/1/6
f 5028/1/6 5029/1/6 5039/1/6
f 5039/1/6 5030/1/6 5040/1/6
f 5040/1/6 5030/1/6 5041/1/6
f 5030/9/6 5031/9/6 5042/9/6
f 5041/1/6 5030/1/6 5042/1/6
f 5031/1/6 5032/1/6 5043/1/6
f 5042/9/6 5031/9/6 5043/9/6
f 5043/1/6 5032/1/6 5044/1/6
f 5034/2/6 5035/2/6 5045/2/6
f 5044/1/6 5032/1/6 5045/1/6
f 5033/2/6 5034/2/6 5045/2/6
f 5032/2/6 5033/2/6 5045/2/6
f 5045/2/6 5035/2/6 5046/2/6
f 5035/9/6 5022/9/6 5047/9/6
f 5046/2/6 5035/2/6 5047/2/6
f 5022/1/6 5023/1/6 5048/1/6
f 5047/9/6 5022/9/6 5048/9/6
f 5037/3/6 5038/3/6 5049/3/6
f 5038/1/6 5039/1/6 5049/1/6
f 5049/1/6 5039/1/6 5050/1/6
f 5039/3/6 5040/3/6 5051/3/6
f 5050/1/6 5039/1/6 5051/1/6
f 5040/1/6 5041/1/6 5052/1/6
f 5051/3/6 5040/3/6 5052/3/6
f 5043/9/6 5044/9/6 5053/9/6
f 5042/9/6 5043/9/6 5053/9/6
f 5041/9/6 5042/9/6 5053/9/6
f 5045/1/6 5046/1/6 5054/1/6
f 5053/9/6 5044/9/6 5054/9/6
f 5044/1/6 5045/1/6 5054/1/6
f 5049/3/6 5050/3/6 5055/3/6
f 5051/1/6 5052/1/6 5056/1/6
f 5055/3/6 5050/3/6 5056/3/6
f 5050/1/6 5051/1/6 5056/1/6
f 5056/1/6 5052/1/6 5057/1/6
f 5055/1/6 5056/1/6 5058/1/6
f 5056/9/6 5057/9/6 5058/9/6
f 5057/1/6 5052/1/6 5059/1/6
f 5058/9/6 5057/9/6 5059/9/6
f 5052/1/6 5041/1/6 5060/1/6
f 5059/1/6 5052/1/6 5060/1/6
f 5041/9/6 5053/9/6 5061/9/6
f 5060/1/6 5041/1/6 5061/1/6
f 5053/1/6 5054/1/6 5062/1/6
f 5061/9/6 5053/9/6 5062/9/6
f 5048/1/6 5023/1/6 5063/1/6
f 5047/1/6 5048/1/6 5063/1/6
f 5023/3/6 5024/3/6 5063/3/6
f 5024/3/6 4965/3/6 5064/3/6
f 5063/3/6 5024/3/6 5064/3/6
f 5058/1/6 5059/1/6 5065/1/6
f 5049/3/6 5055/3/6 5065/3/6
f 5055/1/6 5058/1/6 5065/1/6
f 5065/1/6 5059/1/6 5066/1/6
f 5061/1/6 5062/1/6 5067/1/6
f 5059/9/6 5060/9/6 5067/9/6
f 5060/1/6 5061/1/6 5067/1/6
f 5067/1/6 5062/1/6 5068/1/6
f 5063/1/6 5064/1/6 5069/1/6
f 5047/1/6 5063/1/6 5069/1/6
f 5064/3/6 4965/3/6 5070/3/6
f 5069/1/6 5064/1/6 5070/1/6
f 5070/3/6 4965/3/6 5071/3/6
f 5066/1/6 5059/1/6 5072/1/6
f 5067/9/6 5068/9/6 5072/9/6
f 5059/9/6 5067/9/6 5072/9/6
f 5072/9/6 5068/9/6 5073/9/6
f 5068/1/6 5062/1/6 5074/1/6
f 5073/9/6 5068/9/6 5074/9/6
f 5074/1/6 5062/1/6 5075/1/6
f 5047/1/6 5069/1/6 5076/1/6
f 5046/2/6 5047/2/6 5076/2/6
f 5070/9/6 5071/9/6 5077/9/6
f 5076/1/6 5069/1/6 5077/1/6
f 5069/9/6 5070/9/6 5077/9/6
f 5071/3/6 4965/3/6 5078/3/6
f 5077/9/6 5071/9/6 5078/9/6
f 4965/3/6 4936/3/6 5079/3/6
f 5078/3/6 4965/3/6 5079/3/6
f 5065/3/6 5066/3/6 5080/3/6
f 5072/1/6 5073/1/6 5080/1/6
f 5066/1/6 5072/1/6 5080/1/6
f 5080/1/6 5073/1/6 5081/1/6
f 5074/9/6 5075/9/6 5082/9/6
f 5081/1/6 5073/1/6 5082/1/6
f 5073/9/6 5074/9/6 5082/9/6
f 5082/9/6 5075/9/6 5083/9/6
f 5076/2/6 5077/2/6 5084/2/6
f 5077/9/6 5078/9/6 5084/9/6
f 5078/9/6 5079/9/6 5084/9/6
f 5084/9/6 5079/9/6 5085/9/6
f 5085/9/6 5079/9/6 5086/9/6
f 5086/9/6 5079/9/6 5087/9/6
f 5082/1/6 5083/1/6 5088/1/6
f 5081/1/6 5082/1/6 5088/1/6
f 5080/3/6 5081/3/6 5088/3/6
f 5088/1/6 5083/1/6 5089/1/6
f 5083/9/6 5075/9/6 5090/9/6
f 5089/1/6 5083/1/6 5090/1/6
f 5090/9/6 5075/9/6 5091/9/6
f 5091/9/6 5075/9/6 5092/9/6
f 5075/1/6 5062/1/6 5093/1/6
f 5092/9/6 5075/9/6 5093/9/6
f 5062/1/6 5054/1/6 5094/1/6
f 5093/1/6 5062/1/6 5094/1/6
f 5054/1/6 5046/1/6 5094/1/6
f 5046/2/6 5076/2/6 5095/2/6
f 5094/1/6 5046/1/6 5095/1/6
f 5076/2/6 5084/2/6 5095/2/6
f 5085/9/6 5086/9/6 5096/9/6
f 5084/1/6 5085/1/6 5096/1/6
f 5096/9/6 5086/9/6 5097/9/6
f 5086/3/6 5087/3/6 5098/3/6
f 5097/9/6 5086/9/6 5098/9/6
f 5087/9/6 5079/9/6 5099/9/6
f 5098/3/6 5087/3/6 5099/3/6
f 5079/3/6 4936/3/6 5100/3/6
f 5099/9/6 5079/9/6 5100/9/6
f 5088/3/6 5089/3/6 5101/3/6
f 5090/1/6 5091/1/6 5101/1/6
f 5089/1/6 5090/1/6 5101/1/6
f 5101/1/6 5091/1/6 5102/1/6
f 5091/9/6 5092/9/6 5103/9/6
f 5102/1/6 5091/1/6 5103/1/6
f 5092/1/6 5093/1/6 5104/1/6
f 5103/9/6 5092/9/6 5104/9/6
f 5093/1/6 5094/1/6 5104/1/6
f 5095/2/6 5084/2/6 5105/2/6
f 5094/2/6 5095/2/6 5105/2/6
f 5096/1/6 5097/1/6 5106/1/6
f 5105/2/6 5084/2/6 5106/2/6
f 5084/1/6 5096/1/6 5106/1/6
f 5101/3/6 5102/3/6 5107/3/6
f 5088/3/6 5101/3/6 5107/3/6
f 5080/3/6 5088/3/6 5107/3/6
f 5102/1/6 5103/1/6 5108/1/6
f 5107/3/6 5102/3/6 5108/3/6
f 5103/1/6 5104/1/6 5108/1/6
f 5094/2/6 5105/2/6 5109/2/6
f 5105/1/6 5106/1/6 5110/1/6
f 5109/2/6 5105/2/6 5110/2/6
f 5098/3/6 5099/3/6 5111/3/6
f 5110/1/6 5106/1/6 5111/1/6
f 5097/3/6 5098/3/6 5111/3/6
f 5106/1/6 5097/1/6 5111/1/6
f 5099/3/6 5100/3/6 5111/3/6
f 5111/3/6 5100/3/6 5112/3/6
f 5107/1/6 5108/1/6 5113/1/6
f 5108/1/6 5104/1/6 5113/1/6
f 5104/1/6 5094/1/6 5113/1/6
f 5113/1/6 5094/1/6 5114/1/6
f 5094/2/6 5109/2/6 5115/2/6
f 5114/1/6 5094/1/6 5115/1/6
f 5115/2/6 5109/2/6 5116/2/6
f 5116/2/6 5109/2/6 5117/2/6
f 5117/2/6 5109/2/6 5118/2/6
f 5109/1/6 5110/1/6 5119/1/6
f 5118/2/6 5109/2/6 5119/2/6
f 5111/1/6 5112/1/6 5119/1/6
f 5110/1/6 5111/1/6 5119/1/6
f 5107/1/6 5113/1/6 5120/1/6
f 5113/3/6 5114/3/6 5121/3/6
f 5120/1/6 5113/1/6 5121/1/6
f 5115/1/6 5116/1/6 5122/1/6
f 5114/1/6 5115/1/6 5122/1/6
f 5116/9/6 5117/9/6 5123/9/6
f 5122/1/6 5116/1/6 5123/1/6
f 5117/2/6 5118/2/6 5124/2/6
f 5123/9/6 5117/9/6 5124/9/6
f 5124/2/6 5118/2/6 5125/2/6
f 5118/1/6 5119/1/6 5126/1/6
f 5125/2/6 5118/2/6 5126/2/6
f 5119/1/6 5112/1/6 5127/1/6
f 5126/1/6 5119/1/6 5127/1/6
f 5127/1/6 5112/1/6 5128/1/6
f 5112/3/6 5100/3/6 5129/3/6
f 5128/1/6 5112/1/6 5129/1/6
f 5129/3/6 5100/3/6 5130/3/6
f 5080/3/6 5107/3/6 5131/3/6
f 5107/1/6 5120/1/6 5131/1/6
f 5120/3/6 5121/3/6 5132/3/6
f 5131/1/6 5120/1/6 5132/1/6
f 5125/1/6 5126/1/6 5133/1/6
f 5126/1/6 5127/1/6 5133/1/6
f 5127/3/6 5128/3/6 5134/3/6
f 5133/1/6 5127/1/6 5134/1/6
f 5129/1/6 5130/1/6 5135/1/6
f 5134/3/6 5128/3/6 5135/3/6
f 5128/1/6 5129/1/6 5135/1/6
f 5130/3/6 5100/3/6 5136/3/6
f 5135/1/6 5130/1/6 5136/1/6
f 5100/3/6 4936/3/6 5137/3/6
f 5136/3/6 5100/3/6 5137/3/6
f 5137/3/6 4936/3/6 5138/3/6
f 5114/1/6 5122/1/6 5139/1/6
f 5121/3/6 5114/3/6 5139/3/6
f 5132/3/6 5121/3/6 5139/3/6
f 5131/3/6 5132/3/6 5139/3/6
f 5139/1/6 5122/1/6 5140/1/6
f 5122/9/6 5123/9/6 5141/9/6
f 5123/9/6 5124/9/6 5141/9/6
f 5124/9/6 5125/9/6 5141/9/6
f 5125/1/6 5133/1/6 5142/1/6
f 5141/9/6 5125/9/6 5142/9/6
f 5142/1/6 5133/1/6 5143/1/6
f 5134/3/6 5135/3/6 5144/3/6
f 5143/1/6 5133/1/6 5144/1/6
f 5135/3/6 5136/3/6 5144/3/6
f 5133/3/6 5134/3/6 5144/3/6
f 5136/3/6 5137/3/6 5144/3/6
f 5144/3/6 5137/3/6 5145/3/6
f 5145/3/6 5137/3/6 5146/3/6
f 5122/9/6 5141/9/6 5147/9/6
f 5142/1/6 5143/1/6 5148/1/6
f 5147/9/6 5141/9/6 5148/9/6
f 5141/1/6 5142/1/6 5148/1/6
f 5148/1/6 5143/1/6 5149/1/6
f 5144/3/6 5145/3/6 5150/3/6
f 5149/1/6 5143/1/6 5150/1/6
f 5143/3/6 5144/3/6 5150/3/6
f 5150/3/6 5145/3/6 5151/3/6
f 5151/3/6 5145/3/6 5152/3/6
f 5146/3/6 5137/3/6 5153/3/6
f 5153/3/6 5137/3/6 5154/3/6
f 5138/3/6 4936/3/6 5155/3/6
f 5155/3/6 4936/3/6 5156/3/6
f 5140/1/6 5122/1/6 5157/1/6
f 5139/3/6 5140/3/6 5157/3/6
f 5157/1/6 5122/1/6 5158/1/6
f 5122/9/6 5147/9/6 5159/9/6
f 5158/1/6 5122/1/6 5159/1/6
f 5148/1/6 5149/1/6 5160/1/6
f 5159/9/6 5147/9/6 5160/9/6
f 5147/1/6 5148/1/6 5160/1/6
f 5160/1/6 5149/1/6 5161/1/6
f 5149/3/6 5150/3/6 5162/3/6
f 5161/1/6 5149/1/6 5162/1/6
f 5150/3/6 5151/3/6 5162/3/6
f 5153/3/6 5154/3/6 5163/3/6
f 5152/3/6 5153/3/6 5163/3/6
f 5163/3/6 5154/3/6 5164/3/6
f 5158/1/6 5159/1/6 5166/1/6
f 5160/1/6 5161/1/6 5166/1/6
f 5159/1/6 5160/1/6 5166/1/6
f 5161/3/6 5162/3/6 5167/3/6
f 5166/1/6 5161/1/6 5167/1/6
f 5162/3/6 5151/3/6 5168/3/6
f 5167/3/6 5162/3/6 5168/3/6
f 5168/3/6 5151/3/6 5169/3/6
f 5169/3/6 5151/3/6 5170/3/6
f 5170/3/6 5151/3/6 5171/3/6
f 5164/3/6 5165/3/6 5172/3/6
f 5172/3/6 5165/3/6 5173/3/6
f 5157/3/6 5158/3/6 5174/3/6
f 5131/3/6 5139/3/6 5174/3/6
f 5080/3/6 5131/3/6 5174/3/6
f 5139/3/6 5157/3/6 5174/3/6
f 5174/3/6 5158/3/6 5175/3/6
f 5158/1/6 5166/1/6 5176/1/6
f 5175/3/6 5158/3/6 5176/3/6
f 5176/1/6 5166/1/6 5177/1/6
f 5177/1/6 5166/1/6 5178/1/6
f 5166/3/6 5167/3/6 5179/3/6
f 5178/1/6 5166/1/6 5179/1/6
f 5167/3/6 5168/3/6 5179/3/6
f 5169/3/6 5170/3/6 5180/3/6
f 5180/3/6 5170/3/6 5181/3/6
f 5179/3/6 5168/3/6 5182/3/6
f 5178/3/6 5179/3/6 5182/3/6
f 5171/3/6 5151/3/6 5185/3/6
f 5176/3/6 5177/3/6 5187/3/6
f 5175/3/6 5176/3/6 5187/3/6
f 5177/1/6 5178/1/6 5188/1/6
f 5187/3/6 5177/3/6 5188/3/6
f 5188/1/6 5178/1/6 5189/1/6
f 5186/3/6 5187/3/6 5191/3/6
f 5187/3/6 5188/3/6 5191/3/6
f 5188/3/6 5189/3/6 5191/3/6
f 5080/3/6 5174/3/6 5192/3/6
f 5190/3/6 5191/3/6 5193/3/6
f 5189/1/6 5178/1/6 5194/1/6
f 5183/3/6 5184/3/6 5195/3/6
f 5194/1/6 5178/1/6 5195/1/6
f 5182/3/6 5183/3/6 5195/3/6
f 5184/3/6 5185/3/6 5195/3/6
f 5178/3/6 5182/3/6 5195/3/6
f 5195/3/6 5185/3/6 5196/3/6
f 5185/3/6 5151/3/6 5197/3/6
f 5196/3/6 5185/3/6 5197/3/6
f 5189/1/6 5194/1/6 5198/1/6
f 5192/3/6 5193/3/6 5198/3/6
f 5193/3/6 5191/3/6 5198/3/6
f 5191/3/6 5189/3/6 5198/3/6
f 5194/3/6 5195/3/6 5199/3/6
f 5198/1/6 5194/1/6 5199/1/6
f 5195/3/6 5196/3/6 5199/3/6
f 5199/3/6 5196/3/6 5200/3/6
f 5200/3/6 5196/3/6 5201/3/6
f 5201/3/6 5196/3/6 5203/3/6
f 5065/3/6 5080/3/6 5204/3/6
f 5192/3/6 5198/3/6 5204/3/6
f 5037/3/6 5049/3/6 5204/3/6
f 5049/3/6 5065/3/6 5204/3/6
f 5199/3/6 5200/3/6 5204/3/6
f 5198/3/6 5199/3/6 5204/3/6
f 5080/3/6 5192/3/6 5204/3/6
f 5204/3/6 5200/3/6 5205/3/6
f 5202/3/6 5203/3/6 5206/3/6
f 5203/3/6 5196/3/6 5207/3/6
f 5206/3/6 5203/3/6 5207/3/6
f 5208/1/6 5209/1/6 5210/1/6
f 5210/1/6 5209/1/6 5211/1/6
f 5212/1/6 5213/1/6 5214/1/6
f 5214/1/6 5213/1/6 5215/1/6
f 5216/12/6 5217/12/6 5219/12/6
f 5217/5/6 5218/5/6 5219/5/6
f 5219/5/6 5218/5/6 5220/5/6
f 5220/5/6 5218/5/6 5221/5/6
f 5219/12/6 5220/12/6 5224/12/6
f 5216/12/6 5219/12/6 5224/12/6
f 5224/12/6 5220/12/6 5225/12/6
f 5222/12/6 5223/12/6 5226/12/6
f 5226/12/6 5223/12/6 5227/12/6
f 5227/12/6 5223/12/6 5228/12/6
f 5228/12/6 5223/12/6 5229/12/6
f 5230/12/6 5231/12/6 5232/12/6
f 5232/12/6 5231/12/6 5233/12/6
f 5234/4/6 5235/4/6 5236/4/6
f 5236/4/6 5235/4/6 5237/4/6
f 5236/12/6 5237/12/6 5239/12/6
f 5237/12/6 5238/12/6 5239/12/6
f 5239/12/6 5238/12/6 5240/12/6
f 5245/12/6 5246/12/6 5247/12/6
f 5247/12/6 5246/12/6 5248/12/6
f 5241/12/6 5242/12/6 5249/12/6
f 5249/12/6 5242/12/6 5250/12/6
f 5243/12/6 5244/12/6 5251/12/6
f 5251/12/6 5244/12/6 5252/12/6
f 5248/12/6 5246/12/6 5253/12/6
f 5247/7/6 5248/7/6 5253/7/6
f 5253/12/6 5246/12/6 5254/12/6
f 5245/12/6 5247/12/6 5255/12/6
f 5247/7/6 5253/7/6 5255/7/6
f 5255/7/6 5253/7/6 5256/7/6
f 5256/7/6 5253/7/6 5257/7/6
f 5245/12/6 5255/12/6 5258/12/6
f 5255/12/6 5256/12/6 5258/12/6
f 5258/12/6 5256/12/6 5259/12/6
f 5260/12/6 5261/12/6 5262/12/6
f 5262/12/6 5261/12/6 5263/12/6
f 5260/12/6 5262/12/6 5264/12/6
f 5264/12/6 5262/12/6 5265/12/6
f 5266/8/6 5267/8/6 5268/8/6
f 5268/8/6 5267/8/6 5269/8/6
f 5270/8/6 5271/8/6 5272/8/6
f 5272/8/6 5273/8/6 5274/8/6
f 5274/8/6 5273/8/6 5275/8/6
f 5270/8/6 5272/8/6 5277/8/6
f 5272/8/6 5274/8/6 5277/8/6
f 5277/8/6 5274/8/6 5278/8/6
f 5276/8/6 5277/8/6 5278/8/6
f 5278/8/6 5274/8/6 5279/8/6
f 5276/8/6 5278/8/6 5281/8/6
f 5281/8/6 5278/8/6 5282/8/6
f 5280/8/6 5281/8/6 5282/8/6
f 5280/8/6 5282/8/6 5284/8/6
f 5282/8/6 5283/8/6 5284/8/6
f 5284/8/6 5283/8/6 5285/8/6
f 5286/1/6 5287/1/6 5288/1/6
f 5288/1/6 5287/1/6 5289/1/6
f 5290/1/6 5291/1/6 5293/1/6
f 5292/1/6 5293/1/6 5294/1/6
f 5293/1/6 5291/1/6 5295/1/6
f 5294/1/6 5293/1/6 5295/1/6
f 5295/1/6 5291/1/6 5296/1/6
f 5296/1/6 5291/1/6 5297/1/6
f 5298/1/6 5299/1/6 5300/1/6
f 5300/1/6 5299/1/6 5301/1/6
f 5302/1/6 5303/1/6 5304/1/6
f 5304/1/6 5303/1/6 5305/1/6
f 5306/1/6 5307/1/6 5308/1/6
f 5308/1/6 5307/1/6 5309/1/6
f 5310/1/6 5311/1/6 5312/1/6
f 5312/1/6 5311/1/6 5313/1/6
f 5314/1/6 5315/1/6 5316/1/6
f 5316/1/6 5315/1/6 5317/1/6
f 5318/1/6 5319/1/6 5320/1/6
f 5320/1/6 5319/1/6 5321/1/6
f 5322/1/6 5323/1/6 5324/1/6
f 5324/1/6 5323/1/6 5325/1/6
f 5326/1/6 5327/1/6 5328/1/6
f 5328/1/6 5327/1/6 5329/1/6
f 5329/1/6 5327/1/6 5330/1/6
f 5331/1/6 5332/1/6 5333/1/6
f 5333/1/6 5332/1/6 5334/1/6
f 5335/1/6 5336/1/6 5337/1/6
f 5337/1/6 5336/1/6 5338/1/6
f 5339/1/6 5340/1/6 5341/1/6
f 5341/1/6 5340/1/6 5342/1/6
f 5343/1/6 5344/1/6 5345/1/6
f 5345/1/6 5344/1/6 5346/1/6
f 5346/1/6 5344/1/6 5347/1/6
f 5348/1/6 5349/1/6 5350/1/6
f 5350/1/6 5349/1/6 5351/1/6
f 5351/1/6 5349/1/6 5352/1/6
f 5353/1/6 5354/1/6 5355/1/6
f 5355/1/6 5354/1/6 5356/1/6
f 5357/1/6 5358/1/6 5359/1/6
f 5359/1/6 5358/1/6 5360/1/6
f 5360/1/6 5358/1/6 5361/1/6
f 5362/1/6 5363/1/6 5366/1/6
f 5366/1/6 5363/1/6 5367/1/6
f 5364/1/6 5365/1/6 5368/1/6
f 5368/1/6 5365/1/6 5369/1/6
f 5369/1/6 5365/1/6 5370/1/6
f 5371/1/6 5372/1/6 5373/1/6
f 5373/1/6 5372/1/6 5374/1/6
f 5375/1/6 5376/1/6 5378/1/6
f 5377/1/6 5378/1/6 5379/1/6
f 5379/1/6 5378/1/6 5380/1/6
f 5378/1/6 5376/1/6 5381/1/6
f 5380/1/6 5378/1/6 5381/1/6
f 5381/1/6 5382/1/6 5383/1/6
f 5380/1/6 5381/1/6 5383/1/6
f 5383/1/6 5382/1/6 5384/1/6
f 5384/1/6 5382/1/6 5385/1/6
f 5386/1/6 5387/1/6 5388/1/6
f 5386/1/6 5388/1/6 5392/1/6
f 5388/1/6 5389/1/6 5392/1/6
f 5392/1/6 5389/1/6 5393/1/6
f 5390/1/6 5391/1/6 5394/1/6
f 5394/1/6 5391/1/6 5395/1/6
f 5393/1/6 5389/1/6 5396/1/6
f 5392/3/6 5393/3/6 5396/3/6
f 5396/1/6 5389/1/6 5397/1/6
f 5392/3/6 5396/3/6 5398/3/6
f 5398/3/6 5396/3/6 5399/3/6
f 5400/1/6 5401/1/6 5402/1/6
f 5402/1/6 5401/1/6 5403/1/6
f 5403/1/6 5401/1/6 5404/1/6
f 5404/1/6 5401/1/6 5405/1/6
f 5403/1/6 5404/1/6 5407/1/6
f 5408/1/6 5409/1/6 5410/1/6
f 5410/1/6 5409/1/6 5411/1/6
f 5406/1/6 5407/1/6 5412/1/6
f 5407/1/6 5404/1/6 5413/1/6
f 5412/1/6 5407/1/6 5413/1/6
f 5414/1/6 5415/1/6 5416/1/6
f 5416/1/6 5415/1/6 5417/1/6
f 5417/1/6 5415/1/6 5418/1/6
f 5417/3/6 5418/3/6 5420/3/6
f 5418/3/6 5419/3/6 5420/3/6
f 5420/3/6 5419/3/6 5421/3/6
f 5422/3/6 5423/3/6 5424/3/6
f 5424/3/6 5423/3/6 5425/3/6
f 5426/1/6 5427/1/6 5430/1/6
f 5430/1/6 5427/1/6 5431/1/6
f 5428/1/6 5429/1/6 5432/1/6
f 5428/1/6 5432/1/6 5434/1/6
f 5432/1/6 5433/1/6 5434/1/6
f 5434/1/6 5433/1/6 5435/1/6
f 5436/3/6 5437/3/6 5438/3/6
f 5438/3/6 5437/3/6 5439/3/6
f 5439/3/6 5437/3/6 5441/3/6
f 5440/3/6 5441/3/6 5444/3/6
f 5441/3/6 5437/3/6 5445/3/6
f 5444/3/6 5441/3/6 5445/3/6
f 5442/3/6 5443/3/6 5446/3/6
f 5446/3/6 5443/3/6 5447/3/6
f 5448/1/6 5449/1/6 5450/1/6
f 5450/1/6 5449/1/6 5451/1/6
f 5448/1/6 5450/1/6 5452/1/6
f 5450/3/6 5451/3/6 5453/3/6
f 5452/1/6 5450/1/6 5453/1/6
f 5452/3/6 5453/3/6 5454/3/6
f 5453/3/6 5451/3/6 5455/3/6
f 5454/3/6 5453/3/6 5455/3/6
f 5454/1/6 5455/1/6 5456/1/6
f 5456/1/6 5455/1/6 5457/1/6
f 5457/1/6 5455/1/6 5458/1/6
f 5459/3/6 5460/3/6 5461/3/6
f 5459/3/6 5461/3/6 5463/3/6
f 5461/1/6 5462/1/6 5464/1/6
f 5463/3/6 5461/3/6 5464/3/6
f 5464/1/6 5462/1/6 5465/1/6
f 5466/1/6 5467/1/6 5470/1/6
f 5468/1/6 5469/1/6 5472/1/6
f 5472/1/6 5469/1/6 5473/1/6
f 5470/1/6 5471/1/6 5474/1/6
f 5466/1/6 5470/1/6 5474/1/6
f 5474/1/6 5471/1/6 5475/1/6
f 5475/1/6 5471/1/6 5476/1/6
f 5473/1/6 5469/1/6 5478/1/6
f 5478/1/6 5479/1/6 5480/1/6
f 5480/1/6 5481/1/6 5482/1/6
f 5476/1/6 5477/1/6 5484/1/6
f 5475/1/6 5476/1/6 5484/1/6
f 5484/1/6 5477/1/6 5485/1/6
f 5482/1/6 5483/1/6 5488/1/6
f 5473/1/6 5478/1/6 5488/1/6
f 5480/1/6 5482/1/6 5488/1/6
f 5478/1/6 5480/1/6 5488/1/6
f 5488/1/6 5483/1/6 5489/1/6
f 5489/1/6 5483/1/6 5490/1/6
f 5486/1/6 5487/1/6 5491/1/6
f 5491/1/6 5487/1/6 5492/1/6
f 5495/1/6 5496/1/6 5497/1/6
f 5497/1/6 5496/1/6 5498/1/6
f 5493/1/6 5494/1/6 5499/1/6
f 5499/1/6 5494/1/6 5500/1/6
f 5502/1/6 5503/1/6 5507/1/6
f 5507/1/6 5503/1/6 5508/1/6
f 5505/3/6 5506/3/6 5511/3/6
f 5504/1/6 5505/1/6 5511/1/6
f 5511/3/6 5506/3/6 5512/3/6
f 5512/3/6 5506/3/6 5513/3/6
f 5513/3/6 5506/3/6 5514/3/6
f 5507/3/6 5508/3/6 5515/3/6
f 5509/1/6 5510/1/6 5516/1/6
f 5516/1/6 5510/1/6 5517/1/6
f 5517/1/6 5510/1/6 5518/1/6
f 5504/1/6 5511/1/6 5519/1/6
f 5511/1/6 5512/1/6 5519/1/6
f 5519/1/6 5512/1/6 5520/1/6
f 5512/3/6 5513/3/6 5521/3/6
f 5520/1/6 5512/1/6 5521/1/6
f 5521/3/6 5513/3/6 5522/3/6
f 5514/3/6 5506/3/6 5523/3/6
f 5523/3/6 5506/3/6 5524/3/6
f 5501/3/6 5502/3/6 5525/3/6
f 5502/1/6 5507/1/6 5525/1/6
f 5525/1/6 5507/1/6 5526/1/6
f 5507/3/6 5515/3/6 5527/3/6
f 5526/1/6 5507/1/6 5527/1/6
f 5516/1/6 5517/1/6 5528/1/6
f 5527/3/6 5515/3/6 5528/3/6
f 5515/1/6 5516/1/6 5528/1/6
f 5528/1/6 5517/1/6 5529/1/6
f 5521/3/6 5522/3/6 5530/3/6
f 5520/3/6 5521/3/6 5530/3/6
f 5517/9/6 5518/9/6 5533/9/6
f 5519/1/6 5520/1/6 5534/1/6
f 5533/9/6 5518/9/6 5534/9/6
f 5518/1/6 5519/1/6 5534/1/6
f 5534/1/6 5520/1/6 5535/1/6
f 5531/3/6 5532/3/6 5536/3/6
f 5535/1/6 5520/1/6 5536/1/6
f 5530/3/6 5531/3/6 5536/3/6
f 5520/3/6 5530/3/6 5536/3/6
f 5525/3/6 5526/3/6 5537/3/6
f 5501/3/6 5525/3/6 5537/3/6
f 5526/1/6 5527/1/6 5538/1/6
f 5537/3/6 5526/3/6 5538/3/6
f 5527/1/6 5528/1/6 5538/1/6
f 5534/1/6 5535/1/6 5539/1/6
f 5517/9/6 5533/9/6 5539/9/6
f 5533/1/6 5534/1/6 5539/1/6
f 5539/1/6 5535/1/6 5540/1/6
f 5535/3/6 5536/3/6 5541/3/6
f 5540/1/6 5535/1/6 5541/1/6
f 5529/1/6 5517/1/6 5542/1/6
f 5539/9/6 5540/9/6 5542/9/6
f 5517/9/6 5539/9/6 5542/9/6
f 5540/3/6 5541/3/6 5543/3/6
f 5542/9/6 5540/9/6 5543/9/6
f 5501/3/6 5537/3/6 5544/3/6
f 5544/3/6 5537/3/6 5545/3/6
f 5537/1/6 5538/1/6 5546/1/6
f 5545/3/6 5537/3/6 5546/3/6
f 5546/1/6 5538/1/6 5547/1/6
f 5545/3/6 5546/3/6 5548/3/6
f 5546/3/6 5547/3/6 5548/3/6
f 5547/1/6 5538/1/6 5549/1/6
f 5548/3/6 5547/3/6 5549/3/6
f 5538/1/6 5528/1/6 5550/1/6
f 5549/1/6 5538/1/6 5550/1/6
f 5550/1/6 5528/1/6 5551/1/6
f 5528/9/6 5529/9/6 5552/9/6
f 5551/1/6 5528/1/6 5552/1/6
f 5529/1/6 5542/1/6 5553/1/6
f 5552/9/6 5529/9/6 5553/9/6
f 5542/1/6 5543/1/6 5553/1/6
f 5553/1/6 5543/1/6 5554/1/6
f 5543/3/6 5541/3/6 5555/3/6
f 5554/1/6 5543/1/6 5555/1/6
f 5501/3/6 5544/3/6 5556/3/6
f 5548/1/6 5549/1/6 5558/1/6
f 5545/3/6 5548/3/6 5558/3/6
f 5549/1/6 5550/1/6 5558/1/6
f 5550/3/6 5551/3/6 5559/3/6
f 5558/1/6 5550/1/6 5559/1/6
f 5554/3/6 5555/3/6 5560/3/6
f 5555/3/6 5541/3/6 5560/3/6
f 5541/3/6 5536/3/6 5561/3/6
f 5560/3/6 5541/3/6 5561/3/6
f 5556/3/6 5557/3/6 5562/3/6
f 5553/1/6 5554/1/6 5564/1/6
f 5551/1/6 5552/1/6 5564/1/6
f 5559/3/6 5551/3/6 5564/3/6
f 5558/3/6 5559/3/6 5564/3/6
f 5552/1/6 5553/1/6 5564/1/6
f 5564/1/6 5554/1/6 5565/1/6
f 5554/3/6 5560/3/6 5566/3/6
f 5565/1/6 5554/1/6 5566/1/6
f 5560/1/6 5561/1/6 5567/1/6
f 5566/3/6 5560/3/6 5567/3/6
f 5562/3/6 5563/3/6 5568/3/6
f 5561/3/6 5536/3/6 5570/3/6
f 5567/1/6 5561/1/6 5570/1/6
f 5565/1/6 5566/1/6 5570/1/6
f 5566/1/6 5567/1/6 5570/1/6
f 5536/3/6 5532/3/6 5571/3/6
f 5570/3/6 5536/3/6 5571/3/6
f 5571/3/6 5532/3/6 5572/3/6
f 5572/3/6 5532/3/6 5573/3/6
f 5568/3/6 5569/3/6 5574/3/6
f 5564/3/6 5565/3/6 5575/3/6
f 5545/3/6 5558/3/6 5575/3/6
f 5558/3/6 5564/3/6 5575/3/6
f 5571/3/6 5572/3/6 5576/3/6
f 5574/3/6 5575/3/6 5578/3/6
f 5575/3/6 5565/3/6 5578/3/6
f 5565/1/6 5570/1/6 5579/1/6
f 5578/3/6 5565/3/6 5579/3/6
f 5570/1/6 5571/1/6 5579/1/6
f 5579/1/6 5571/1/6 5580/1/6
f 5580/1/6 5571/1/6 5581/1/6
f 5581/1/6 5571/1/6 5582/1/6
f 5576/3/6 5577/3/6 5583/3/6
f 5582/1/6 5571/1/6 5583/1/6
f 5571/3/6 5576/3/6 5583/3/6
f 5583/3/6 5577/3/6 5584/3/6
f 5574/3/6 5578/3/6 5586/3/6
f 5578/1/6 5579/1/6 5587/1/6
f 5586/3/6 5578/3/6 5587/3/6
f 5579/1/6 5580/1/6 5587/1/6
f 5587/1/6 5580/1/6 5588/1/6
f 5588/1/6 5580/1/6 5589/1/6
f 5584/3/6 5585/3/6 5590/3/6
f 5583/3/6 5584/3/6 5590/3/6
f 5582/3/6 5583/3/6 5590/3/6
f 5573/3/6 5532/3/6 5591/3/6
f 5574/3/6 5586/3/6 5592/3/6
f 5587/1/6 5588/1/6 5593/1/6
f 5592/3/6 5586/3/6 5593/3/6
f 5586/1/6 5587/1/6 5593/1/6
f 5593/1/6 5588/1/6 5594/1/6
f 5588/9/6 5589/9/6 5595/9/6
f 5594/1/6 5588/1/6 5595/1/6
f 5589/1/6 5580/1/6 5596/1/6
f 5595/9/6 5589/9/6 5596/9/6
f 5580/9/6 5581/9/6 5597/9/6
f 5596/1/6 5580/1/6 5597/1/6
f 5581/1/6 5582/1/6 5598/1/6
f 5597/9/6 5581/9/6 5598/9/6
f 5582/3/6 5590/3/6 5599/3/6
f 5598/1/6 5582/1/6 5599/1/6
f 5590/3/6 5591/3/6 5599/3/6
f 5592/1/6 5593/1/6 5600/1/6
f 5593/1/6 5594/1/6 5600/1/6
f 5574/3/6 5592/3/6 5600/3/6
f 5600/1/6 5594/1/6 5601/1/6
f 5594/9/6 5595/9/6 5602/9/6
f 5601/1/6 5594/1/6 5602/1/6
f 5597/9/6 5598/9/6 5602/9/6
f 5596/9/6 5597/9/6 5602/9/6
f 5595/9/6 5596/9/6 5602/9/6
f 5602/9/6 5598/9/6 5603/9/6
f 5603/9/6 5598/9/6 5606/9/6
f 5601/1/6 5602/1/6 5606/1/6
f 5602/1/6 5603/1/6 5606/1/6
f 5606/9/6 5598/9/6 5607/9/6
f 5600/3/6 5601/3/6 5608/3/6
f 5601/1/6 5606/1/6 5608/1/6
f 5606/1/6 5607/1/6 5608/1/6
f 5608/1/6 5607/1/6 5609/1/6
f 5607/9/6 5598/9/6 5610/9/6
f 5609/1/6 5607/1/6 5610/1/6
f 5598/3/6 5599/3/6 5611/3/6
f 5610/9/6 5598/9/6 5611/9/6
f 5611/3/6 5599/3/6 5612/3/6
f 5608/3/6 5609/3/6 5613/3/6
f 5609/1/6 5610/1/6 5613/1/6
f 5611/1/6 5612/1/6 5613/1/6
f 5610/1/6 5611/1/6 5613/1/6
f 5613/1/6 5612/1/6 5614/1/6
f 5612/3/6 5599/3/6 5615/3/6
f 5614/1/6 5612/1/6 5615/1/6
f 5615/3/6 5599/3/6 5616/3/6
f 5604/3/6 5605/3/6 5617/3/6
f 5614/1/6 5615/1/6 5619/1/6
f 5615/1/6 5616/1/6 5619/1/6
f 5619/1/6 5616/1/6 5620/1/6
f 5617/3/6 5618/3/6 5621/3/6
f 5604/3/6 5617/3/6 5621/3/6
f 5621/3/6 5618/3/6 5622/3/6
f 5622/3/6 5618/3/6 5623/3/6
f 5623/3/6 5618/3/6 5624/3/6
f 5624/3/6 5618/3/6 5625/3/6
f 5625/3/6 5618/3/6 5626/3/6
f 5616/3/6 5599/3/6 5627/3/6
f 5620/1/6 5616/1/6 5627/1/6
f 5599/3/6 5591/3/6 5628/3/6
f 5627/3/6 5599/3/6 5628/3/6
f 5628/3/6 5591/3/6 5629/3/6
f 5629/3/6 5591/3/6 5630/3/6
f 5630/3/6 5591/3/6 5631/3/6
f 5591/3/6 5532/3/6 5632/3/6
f 5631/3/6 5591/3/6 5632/3/6
f 5632/3/6 5532/3/6 5633/3/6
f 5604/3/6 5621/3/6 5634/3/6
f 5634/3/6 5621/3/6 5635/3/6
f 5621/1/6 5622/1/6 5636/1/6
f 5635/3/6 5621/3/6 5636/3/6
f 5622/3/6 5623/3/6 5637/3/6
f 5636/1/6 5622/1/6 5637/1/6
f 5637/3/6 5623/3/6 5638/3/6
f 5638/3/6 5623/3/6 5639/3/6
f 5623/1/6 5624/1/6 5640/1/6
f 5639/3/6 5623/3/6 5640/3/6
f 5624/3/6 5625/3/6 5641/3/6
f 5640/1/6 5624/1/6 5641/1/6
f 5625/1/6 5626/1/6 5642/1/6
f 5641/3/6 5625/3/6 5642/3/6
f 5626/3/6 5618/3/6 5643/3/6
f 5642/1/6 5626/1/6 5643/1/6
f 5643/3/6 5618/3/6 5644/3/6
f 5613/3/6 5614/3/6 5645/3/6
f 5614/1/6 5619/1/6 5645/1/6
f 5645/1/6 5619/1/6 5646/1/6
f 5619/9/6 5620/9/6 5647/9/6
f 5646/1/6 5619/1/6 5647/1/6
f 5647/9/6 5620/9/6 5648/9/6
f 5637/1/6 5638/1/6 5651/1/6
f 5638/3/6 5639/3/6 5651/3/6
f 5636/1/6 5637/1/6 5651/1/6
f 5641/1/6 5642/1/6 5652/1/6
f 5651/3/6 5639/3/6 5652/3/6
f 5640/1/6 5641/1/6 5652/1/6
f 5643/1/6 5644/1/6 5652/1/6
f 5642/1/6 5643/1/6 5652/1/6
f 5639/1/6 5640/1/6 5652/1/6
f 5636/1/6 5651/1/6 5653/1/6
f 5651/1/6 5652/1/6 5653/1/6
f 5653/1/6 5652/1/6 5654/1/6
f 5652/1/6 5644/1/6 5655/1/6
f 5654/1/6 5652/1/6 5655/1/6
f 5655/1/6 5644/1/6 5656/1/6
f 5656/1/6 5644/1/6 5657/1/6
f 5657/1/6 5644/1/6 5658/1/6
f 5654/1/6 5655/1/6 5659/1/6
f 5659/1/6 5655/1/6 5660/1/6
f 5660/1/6 5655/1/6 5661/1/6
f 5655/9/6 5656/9/6 5662/9/6
f 5661/1/6 5655/1/6 5662/1/6
f 5656/1/6 5657/1/6 5663/1/6
f 5662/9/6 5656/9/6 5663/9/6
f 5657/9/6 5658/9/6 5664/9/6
f 5663/1/6 5657/1/6 5664/1/6
f 5646/1/6 5647/1/6 5665/1/6
f 5648/9/6 5620/9/6 5665/9/6
f 5647/1/6 5648/1/6 5665/1/6
f 5620/1/6 5627/1/6 5666/1/6
f 5665/9/6 5620/9/6 5666/9/6
f 5636/1/6 5653/1/6 5667/1/6
f 5667/1/6 5653/1/6 5668/1/6
f 5659/9/6 5660/9/6 5669/9/6
f 5654/1/6 5659/1/6 5669/1/6
f 5660/1/6 5661/1/6 5670/1/6
f 5669/9/6 5660/9/6 5670/9/6
f 5646/1/6 5665/1/6 5671/1/6
f 5645/3/6 5646/3/6 5671/3/6
f 5665/1/6 5666/1/6 5671/1/6
f 5671/1/6 5666/1/6 5672/1/6
f 5667/9/6 5668/9/6 5673/9/6
f 5636/1/6 5667/1/6 5673/1/6
f 5668/1/6 5653/1/6 5674/1/6
f 5673/9/6 5668/9/6 5674/9/6
f 5653/9/6 5654/9/6 5675/9/6
f 5669/1/6 5670/1/6 5676/1/6
f 5675/9/6 5654/9/6 5676/9/6
f 5654/1/6 5669/1/6 5676/1/6
f 5670/1/6 5661/1/6 5677/1/6
f 5676/1/6 5670/1/6 5677/1/6
f 5663/9/6 5664/9/6 5677/9/6
f 5661/9/6 5662/9/6 5677/9/6
f 5662/9/6 5663/9/6 5677/9/6
f 5677/9/6 5664/9/6 5678/9/6
f 5678/9/6 5664/9/6 5679/9/6
f 5664/9/6 5658/9/6 5680/9/6
f 5679/9/6 5664/9/6 5680/9/6
f 5674/1/6 5653/1/6 5681/1/6
f 5653/9/6 5675/9/6 5681/9/6
f 5673/1/6 5674/1/6 5681/1/6
f 5675/1/6 5676/1/6 5682/1/6
f 5681/9/6 5675/9/6 5682/9/6
f 5677/1/6 5678/1/6 5682/1/6
f 5676/1/6 5677/1/6 5682/1/6
f 5680/9/6 5658/9/6 5683/9/6
f 5679/1/6 5680/1/6 5683/1/6
f 5683/9/6 5658/9/6 5684/9/6
f 5672/1/6 5666/1/6 5685/1/6
f 5671/3/6 5672/3/6 5685/3/6
f 5685/1/6 5666/1/6 5686/1/6
f 5682/1/6 5678/1/6 5687/1/6
f 5681/1/6 5682/1/6 5687/1/6
f 5678/9/6 5679/9/6 5688/9/6
f 5687/1/6 5678/1/6 5688/1/6
f 5683/1/6 5684/1/6 5689/1/6
f 5686/1/6 5666/1/6 5692/1/6
f 5685/3/6 5686/3/6 5692/3/6
f 5666/1/6 5627/1/6 5693/1/6
f 5692/1/6 5666/1/6 5693/1/6
f 5693/1/6 5627/1/6 5694/1/6
f 5694/1/6 5627/1/6 5695/1/6
f 5628/3/6 5629/3/6 5696/3/6
f 5696/3/6 5629/3/6 5697/3/6
f 5630/3/6 5631/3/6 5698/3/6
f 5698/3/6 5631/3/6 5699/3/6
f 5649/3/6 5650/3/6 5703/3/6
f 5703/3/6 5650/3/6 5704/3/6
f 5634/3/6 5635/3/6 5705/3/6
f 5705/3/6 5635/3/6 5706/3/6
f 5673/1/6 5681/1/6 5707/1/6
f 5681/1/6 5687/1/6 5707/1/6
f 5636/1/6 5673/1/6 5707/1/6
f 5687/9/6 5688/9/6 5708/9/6
f 5688/9/6 5679/9/6 5708/9/6
f 5683/1/6 5689/1/6 5709/1/6
f 5708/9/6 5679/9/6 5709/9/6
f 5689/1/6 5690/1/6 5709/1/6
f 5679/1/6 5683/1/6 5709/1/6
f 5709/1/6 5690/1/6 5710/1/6
f 5692/3/6 5693/3/6 5711/3/6
f 5693/1/6 5694/1/6 5711/1/6
f 5711/1/6 5694/1/6 5712/1/6
f 5706/3/6 5707/3/6 5713/3/6
f 5705/3/6 5706/3/6 5713/3/6
f 5704/3/6 5705/3/6 5713/3/6
f 5703/3/6 5704/3/6 5713/3/6
f 5702/3/6 5703/3/6 5713/3/6
f 5707/1/6 5687/1/6 5713/1/6
f 5713/1/6 5687/1/6 5714/1/6
f 5714/1/6 5687/1/6 5715/1/6
f 5687/9/6 5708/9/6 5716/9/6
f 5715/1/6 5687/1/6 5716/1/6
f 5708/3/6 5709/3/6 5717/3/6
f 5716/9/6 5708/9/6 5717/9/6
f 5709/3/6 5710/3/6 5717/3/6
f 5710/1/6 5690/1/6 5718/1/6
f 5717/3/6 5710/3/6 5718/3/6
f 5690/3/6 5691/3/6 5719/3/6
f 5718/1/6 5690/1/6 5719/1/6
f 5712/1/6 5694/1/6 5720/1/6
f 5711/3/6 5712/3/6 5720/3/6
f 5696/3/6 5697/3/6 5721/3/6
f 5720/1/6 5694/1/6 5721/1/6
f 5700/3/6 5701/3/6 5721/3/6
f 5694/3/6 5695/3/6 5721/3/6
f 5698/3/6 5699/3/6 5721/3/6
f 5697/3/6 5698/3/6 5721/3/6
f 5699/3/6 5700/3/6 5721/3/6
f 5695/3/6 5696/3/6 5721/3/6
f 5702/3/6 5713/3/6 5722/3/6
f 5713/3/6 5714/3/6 5722/3/6
f 5722/3/6 5714/3/6 5723/3/6
f 5702/3/6 5722/3/6 5724/3/6
f 5724/3/6 5722/3/6 5725/3/6
f 5725/3/6 5722/3/6 5726/3/6
f 5722/1/6 5723/1/6 5727/1/6
f 5726/3/6 5722/3/6 5727/3/6
f 5723/3/6 5714/3/6 5728/3/6
f 5727/1/6 5723/1/6 5728/1/6
f 5728/3/6 5714/3/6 5729/3/6
f 5729/3/6 5714/3/6 5730/3/6
f 5714/1/6 5715/1/6 5731/1/6
f 5730/3/6 5714/3/6 5731/3/6
f 5731/1/6 5715/1/6 5732/1/6
f 5715/9/6 5716/9/6 5733/9/6
f 5732/1/6 5715/1/6 5733/1/6
f 5716/1/6 5717/1/6 5734/1/6
f 5733/9/6 5716/9/6 5734/9/6
f 5717/3/6 5718/3/6 5735/3/6
f 5734/1/6 5717/1/6 5735/1/6
f 5718/3/6 5719/3/6 5735/3/6
f 5721/3/6 5701/3/6 5736/3/6
f 5720/3/6 5721/3/6 5736/3/6
f 5736/3/6 5701/3/6 5737/3/6
f 5729/3/6 5730/3/6 5738/3/6
f 5726/1/6 5727/1/6 5738/1/6
f 5728/1/6 5729/1/6 5738/1/6
f 5727/1/6 5728/1/6 5738/1/6
f 5730/1/6 5731/1/6 5739/1/6
f 5738/3/6 5730/3/6 5739/3/6
f 5731/1/6 5732/1/6 5739/1/6
f 5732/9/6 5733/9/6 5740/9/6
f 5739/1/6 5732/1/6 5740/1/6
f 5733/1/6 5734/1/6 5741/1/6
f 5740/9/6 5733/9/6 5741/9/6
f 5734/9/6 5735/9/6 5742/9/6
f 5741/1/6 5734/1/6 5742/1/6
f 5568/3/6 5574/3/6 5743/3/6
f 5574/3/6 5600/3/6 5743/3/6
f 5562/3/6 5568/3/6 5743/3/6
f 5501/3/6 5556/3/6 5743/3/6
f 5556/3/6 5562/3/6 5743/3/6
f 5711/3/6 5720/3/6 5743/3/6
f 5600/3/6 5608/3/6 5743/3/6
f 5608/3/6 5613/3/6 5743/3/6
f 5692/3/6 5711/3/6 5743/3/6
f 5671/3/6 5685/3/6 5743/3/6
f 5685/3/6 5692/3/6 5743/3/6
f 5613/3/6 5645/3/6 5743/3/6
f 5720/3/6 5736/3/6 5743/3/6
f 5645/3/6 5671/3/6 5743/3/6
f 5743/3/6 5736/3/6 5744/3/6
f 5744/3/6 5736/3/6 5745/3/6
f 5745/3/6 5736/3/6 5746/3/6
f 5746/3/6 5736/3/6 5747/3/6
f 5747/3/6 5736/3/6 5748/3/6
f 5737/3/6 5701/3/6 5749/3/6
f 5749/3/6 5701/3/6 5750/3/6
f 5702/3/6 5724/3/6 5751/3/6
f 5751/3/6 5724/3/6 5752/3/6
f 5725/3/6 5726/3/6 5753/3/6
f 5738/9/6 5739/9/6 5754/9/6
f 5726/1/6 5738/1/6 5754/1/6
f 5754/9/6 5739/9/6 5755/9/6
f 5739/1/6 5740/1/6 5756/1/6
f 5755/9/6 5739/9/6 5756/9/6
f 5740/1/6 5741/1/6 5756/1/6
f 5756/1/6 5741/1/6 5757/1/6
f 5741/9/6 5742/9/6 5758/9/6
f 5757/1/6 5741/1/6 5758/1/6
f 5742/9/6 5735/9/6 5759/9/6
f 5758/9/6 5742/9/6 5759/9/6
f 5735/3/6 5719/3/6 5759/3/6
f 5748/3/6 5736/3/6 5760/3/6
f 5750/3/6 5701/3/6 5762/3/6
f 5762/3/6 5701/3/6 5763/3/6
f 5753/3/6 5726/3/6 5764/3/6
f 5754/1/6 5755/1/6 5765/1/6
f 5726/1/6 5754/1/6 5765/1/6
f 5756/9/6 5757/9/6 5766/9/6
f 5765/1/6 5755/1/6 5766/1/6
f 5755/9/6 5756/9/6 5766/9/6
f 5766/9/6 5757/9/6 5767/9/6
f 5757/1/6 5758/1/6 5768/1/6
f 5767/9/6 5757/9/6 5768/9/6
f 5760/3/6 5761/3/6 5770/3/6
f 5748/3/6 5760/3/6 5770/3/6
f 5702/3/6 5751/3/6 5771/3/6
f 5764/3/6 5726/3/6 5772/3/6
f 5766/9/6 5767/9/6 5773/9/6
f 5765/9/6 5766/9/6 5773/9/6
f 5767/1/6 5768/1/6 5774/1/6
f 5773/9/6 5767/9/6 5774/9/6
f 5769/3/6 5770/3/6 5775/3/6
f 5770/3/6 5761/3/6 5776/3/6
f 5775/3/6 5770/3/6 5776/3/6
f 5776/3/6 5761/3/6 5777/3/6
f 5771/3/6 5772/3/6 5778/3/6
f 5726/1/6 5765/1/6 5778/1/6
f 5772/3/6 5726/3/6 5778/3/6
f 5778/1/6 5765/1/6 5779/1/6
f 5765/9/6 5773/9/6 5780/9/6
f 5779/1/6 5765/1/6 5780/1/6
f 5773/1/6 5774/1/6 5781/1/6
f 5780/9/6 5773/9/6 5781/9/6
f 5744/3/6 5745/3/6 5782/3/6
f 5775/3/6 5776/3/6 5783/3/6
f 5781/1/6 5774/1/6 5784/1/6
f 5768/1/6 5758/1/6 5784/1/6
f 5774/1/6 5768/1/6 5784/1/6
f 5780/1/6 5781/1/6 5784/1/6
f 5779/1/6 5780/1/6 5784/1/6
f 5758/3/6 5759/3/6 5785/3/6
f 5784/1/6 5758/1/6 5785/1/6
f 5779/1/6 5784/1/6 5786/1/6
f 5786/1/6 5784/1/6 5787/1/6
f 5779/1/6 5786/1/6 5788/1/6
f 5786/9/6 5787/9/6 5789/9/6
f 5788/1/6 5786/1/6 5789/1/6
f 5787/1/6 5784/1/6 5790/1/6
f 5789/9/6 5787/9/6 5790/9/6
f 5784/3/6 5785/3/6 5791/3/6
f 5790/1/6 5784/1/6 5791/1/6
f 5782/3/6 5783/3/6 5792/3/6
f 5744/3/6 5782/3/6 5792/3/6
f 5783/3/6 5776/3/6 5793/3/6
f 5792/3/6 5783/3/6 5793/3/6
f 5778/3/6 5779/3/6 5794/3/6
f 5779/1/6 5788/1/6 5794/1/6
f 5794/1/6 5788/1/6 5795/1/6
f 5791/3/6 5785/3/6 5796/3/6
f 5790/3/6 5791/3/6 5796/3/6
f 5785/3/6 5759/3/6 5796/3/6
f 5759/3/6 5719/3/6 5797/3/6
f 5796/3/6 5759/3/6 5797/3/6
f 5794/3/6 5795/3/6 5798/3/6
f 5778/3/6 5794/3/6 5798/3/6
f 5795/1/6 5788/1/6 5799/1/6
f 5798/3/6 5795/3/6 5799/3/6
f 5778/3/6 5798/3/6 5800/3/6
f 5771/3/6 5778/3/6 5800/3/6
f 5798/1/6 5799/1/6 5801/1/6
f 5800/3/6 5798/3/6 5801/3/6
f 5771/3/6 5800/3/6 5802/3/6
f 5800/1/6 5801/1/6 5802/1/6
f 5801/1/6 5799/1/6 5803/1/6
f 5802/1/6 5801/1/6 5803/1/6
f 5799/1/6 5788/1/6 5804/1/6
f 5803/1/6 5799/1/6 5804/1/6
f 5788/9/6 5789/9/6 5804/9/6
f 5789/9/6 5790/9/6 5804/9/6
f 5804/9/6 5790/9/6 5805/9/6
f 5790/3/6 5796/3/6 5806/3/6
f 5805/9/6 5790/9/6 5808/9/6
f 5803/1/6 5804/1/6 5808/1/6
f 5804/1/6 5805/1/6 5808/1/6
f 5806/3/6 5807/3/6 5809/3/6
f 5808/9/6 5790/9/6 5809/9/6
f 5790/3/6 5806/3/6 5809/3/6
f 5809/3/6 5807/3/6 5810/3/6
f 5797/3/6 5719/3/6 5811/3/6
f 5811/3/6 5719/3/6 5812/3/6
f 5812/3/6 5719/3/6 5813/3/6
f 5802/3/6 5803/3/6 5814/3/6
f 5771/3/6 5802/3/6 5814/3/6
f 5803/1/6 5808/1/6 5815/1/6
f 5814/3/6 5803/3/6 5815/3/6
f 5814/1/6 5815/1/6 5816/1/6
f 5815/1/6 5808/1/6 5816/1/6
f 5809/3/6 5810/3/6 5817/3/6
f 5816/1/6 5808/1/6 5817/1/6
f 5811/3/6 5812/3/6 5817/3/6
f 5810/3/6 5811/3/6 5817/3/6
f 5808/3/6 5809/3/6 5817/3/6
f 5817/3/6 5812/3/6 5818/3/6
f 5771/3/6 5814/3/6 5820/3/6
f 5814/1/6 5816/1/6 5821/1/6
f 5820/3/6 5814/3/6 5821/3/6
f 5821/1/6 5816/1/6 5822/1/6
f 5822/1/6 5816/1/6 5823/1/6
f 5818/3/6 5819/3/6 5824/3/6
f 5816/3/6 5817/3/6 5824/3/6
f 5817/3/6 5818/3/6 5824/3/6
f 5813/3/6 5719/3/6 5826/3/6
f 5822/9/6 5823/9/6 5827/9/6
f 5821/1/6 5822/1/6 5827/1/6
f 5820/1/6 5821/1/6 5827/1/6
f 5823/1/6 5816/1/6 5828/1/6
f 5827/9/6 5823/9/6 5828/9/6
f 5828/1/6 5816/1/6 5829/1/6
f 5824/3/6 5825/3/6 5830/3/6
f 5829/1/6 5816/1/6 5830/1/6
f 5825/3/6 5826/3/6 5830/3/6
f 5816/3/6 5824/3/6 5830/3/6
f 5702/3/6 5771/3/6 5831/3/6
f 5771/3/6 5820/3/6 5831/3/6
f 5820/1/6 5827/1/6 5832/1/6
f 5831/3/6 5820/3/6 5832/3/6
f 5828/1/6 5829/1/6 5832/1/6
f 5827/1/6 5828/1/6 5832/1/6
f 5832/1/6 5829/1/6 5833/1/6
f 5833/1/6 5829/1/6 5834/1/6
f 5702/3/6 5831/3/6 5835/3/6
f 5831/1/6 5832/1/6 5835/1/6
f 5832/1/6 5833/1/6 5835/1/6
f 5835/1/6 5833/1/6 5836/1/6
f 5833/9/6 5834/9/6 5837/9/6
f 5836/1/6 5833/1/6 5837/1/6
f 5834/1/6 5829/1/6 5838/1/6
f 5837/9/6 5834/9/6 5838/9/6
f 5829/3/6 5830/3/6 5839/3/6
f 5838/1/6 5829/1/6 5839/1/6
f 5836/1/6 5837/1/6 5840/1/6
f 5837/1/6 5838/1/6 5840/1/6
f 5835/3/6 5836/3/6 5840/3/6
f 5840/1/6 5838/1/6 5841/1/6
f 5841/1/6 5838/1/6 5842/1/6
f 5838/3/6 5839/3/6 5843/3/6
f 5842/1/6 5838/1/6 5843/1/6
f 5841/1/6 5842/1/6 5844/1/6
f 5840/3/6 5841/3/6 5844/3/6
f 5844/1/6 5842/1/6 5845/1/6
f 5845/1/6 5842/1/6 5846/1/6
f 5842/3/6 5843/3/6 5847/3/6
f 5846/1/6 5842/1/6 5847/1/6
f 5845/1/6 5846/1/6 5848/1/6
f 5844/3/6 5845/3/6 5848/3/6
f 5848/1/6 5846/1/6 5849/1/6
f 5849/1/6 5846/1/6 5850/1/6
f 5846/3/6 5847/3/6 5851/3/6
f 5850/1/6 5846/1/6 5851/1/6
f 5849/1/6 5850/1/6 5852/1/6
f 5848/3/6 5849/3/6 5852/3/6
f 5850/3/6 5851/3/6 5853/3/6
f 5852/1/6 5850/1/6 5853/1/6
f 5839/3/6 5830/3/6 5854/3/6
f 5853/3/6 5851/3/6 5854/3/6
f 5852/3/6 5853/3/6 5854/3/6
f 5830/3/6 5826/3/6 5854/3/6
f 5843/3/6 5839/3/6 5854/3/6
f 5851/3/6 5847/3/6 5854/3/6
f 5847/3/6 5843/3/6 5854/3/6
f 5719/3/6 5691/3/6 5855/3/6
f 5854/3/6 5826/3/6 5855/3/6
f 5826/3/6 5719/3/6 5855/3/6
f 5852/3/6 5854/3/6 5856/3/6
f 5856/3/6 5854/3/6 5857/3/6
f 5848/3/6 5852/3/6 5858/3/6
f 5844/3/6 5848/3/6 5858/3/6
f 5852/3/6 5856/3/6 5858/3/6
f 5702/3/6 5835/3/6 5858/3/6
f 5835/3/6 5840/3/6 5858/3/6
f 5840/3/6 5844/3/6 5858/3/6
f 5858/3/6 5856/3/6 5859/3/6
f 5859/3/6 5856/3/6 5860/3/6
f 5857/3/6 5854/3/6 5863/3/6
f 5860/3/6 5856/3/6 5865/3/6
f 5865/3/6 5856/3/6 5866/3/6
f 5861/3/6 5862/3/6 5867/3/6
f 5862/3/6 5863/3/6 5867/3/6
f 5702/3/6 5858/3/6 5868/3/6
f 5865/3/6 5866/3/6 5869/3/6
f 5866/3/6 5867/3/6 5869/3/6
f 5864/3/6 5865/3/6 5869/3/6
f 5702/3/6 5868/3/6 5870/3/6
f 5868/3/6 5869/3/6 5870/3/6
f 5870/3/6 5869/3/6 5871/3/6
f 5869/3/6 5867/3/6 5872/3/6
f 5871/3/6 5869/3/6 5872/3/6
f 5867/3/6 5863/3/6 5873/3/6
f 5872/3/6 5867/3/6 5873/3/6
f 5871/3/6 5872/3/6 5874/3/6
f 5874/3/6 5872/3/6 5875/3/6
f 5875/3/6 5872/3/6 5876/3/6
f 5876/3/6 5877/3/6 5878/3/6
f 5875/3/6 5876/3/6 5878/3/6
f 5878/3/6 5877/3/6 5879/3/6
f 5873/3/6 5863/3/6 5880/3/6
f 5863/3/6 5854/3/6 5881/3/6
f 5880/3/6 5863/3/6 5881/3/6
f 5881/3/6 5854/3/6 5882/3/6
f 5882/3/6 5854/3/6 5883/3/6
f 5883/3/6 5854/3/6 5884/3/6
f 5884/3/6 5854/3/6 5885/3/6
f 5879/3/6 5877/3/6 5886/3/6
f 5886/3/6 5877/3/6 5887/3/6
f 5887/3/6 5877/3/6 5888/3/6
f 5888/3/6 5877/3/6 5889/3/6
f 5889/3/6 5877/3/6 5890/3/6
f 5887/3/6 5888/3/6 5892/3/6
f 5892/3/6 5888/3/6 5893/3/6
f 5890/3/6 5891/3/6 5894/3/6
f 5889/3/6 5890/3/6 5894/3/6
f 5894/3/6 5891/3/6 5895/3/6
f 5896/3/6 5897/3/6 5898/3/6
f 5898/3/6 5897/3/6 5899/3/6
f 5899/3/6 5897/3/6 5900/3/6
f 5899/3/6 5900/3/6 5904/3/6
f 5900/3/6 5901/3/6 5904/3/6
f 5896/3/6 5898/3/6 5905/3/6
f 5903/3/6 5904/3/6 5906/3/6
f 5902/3/6 5903/3/6 5906/3/6
f 5904/3/6 5901/3/6 5909/3/6
f 5906/3/6 5904/3/6 5909/3/6
f 5905/3/6 5906/3/6 5909/3/6
f 5907/3/6 5908/3/6 5910/3/6
f 5905/3/6 5909/3/6 5911/3/6
f 5909/3/6 5910/3/6 5911/3/6
f 5911/3/6 5910/3/6 5912/3/6
f 5896/3/6 5905/3/6 5913/3/6
f 5905/3/6 5911/3/6 5913/3/6
f 5911/9/6 5912/9/6 5914/9/6
f 5913/3/6 5911/3/6 5914/3/6
f 5912/3/6 5910/3/6 5915/3/6
f 5914/9/6 5912/9/6 5915/9/6
f 5915/3/6 5910/3/6 5916/3/6
f 5896/3/6 5913/3/6 5917/3/6
f 5913/9/6 5914/9/6 5918/9/6
f 5917/3/6 5913/3/6 5918/3/6
f 5914/9/6 5915/9/6 5918/9/6
f 5915/9/6 5916/9/6 5918/9/6
f 5916/3/6 5910/3/6 5919/3/6
f 5910/3/6 5908/3/6 5920/3/6
f 5919/3/6 5910/3/6 5920/3/6
f 5920/3/6 5908/3/6 5921/3/6
f 5896/3/6 5917/3/6 5922/3/6
f 5917/9/6 5918/9/6 5922/9/6
f 5918/9/6 5916/9/6 5923/9/6
f 5922/9/6 5918/9/6 5923/9/6
f 5916/3/6 5919/3/6 5924/3/6
f 5924/3/6 5919/3/6 5925/3/6
f 5923/9/6 5916/9/6 5926/9/6
f 5922/3/6 5923/3/6 5926/3/6
f 5916/3/6 5924/3/6 5927/3/6
f 5926/9/6 5916/9/6 5927/9/6
f 5927/3/6 5924/3/6 5928/3/6
f 5921/3/6 5908/3/6 5930/3/6
f 5930/3/6 5908/3/6 5931/3/6
f 5928/3/6 5929/3/6 5932/3/6
f 5927/3/6 5928/3/6 5932/3/6
f 5926/3/6 5927/3/6 5932/3/6
f 5896/3/6 5922/3/6 5934/3/6
f 5932/3/6 5933/3/6 5934/3/6
f 5926/3/6 5932/3/6 5934/3/6
f 5922/3/6 5926/3/6 5934/3/6
f 5934/3/6 5933/3/6 5935/3/6
f 5935/3/6 5933/3/6 5936/3/6
f 5936/3/6 5933/3/6 5937/3/6
f 5937/3/6 5933/3/6 5938/3/6
f 5938/3/6 5933/3/6 5939/3/6
f 5935/3/6 5936/3/6 5940/3/6
f 5937/3/6 5938/3/6 5941/3/6
f 5941/3/6 5938/3/6 5942/3/6
f 5940/3/6 5936/3/6 5944/3/6
f 5936/9/6 5937/9/6 5945/9/6
f 5944/3/6 5936/3/6 5945/3/6
f 5945/9/6 5937/9/6 5946/9/6
f 5946/9/6 5937/9/6 5947/9/6
f 5937/3/6 5941/3/6 5948/3/6
f 5947/9/6 5937/9/6 5948/9/6
f 5942/3/6 5938/3/6 5950/3/6
f 5896/3/6 5934/3/6 5951/3/6
f 5943/3/6 5944/3/6 5953/3/6
f 5944/3/6 5945/3/6 5953/3/6
f 5945/3/6 5946/3/6 5953/3/6
f 5946/9/6 5947/9/6 5954/9/6
f 5953/3/6 5946/3/6 5954/3/6
f 5947/3/6 5948/3/6 5955/3/6
f 5954/9/6 5947/9/6 5955/9/6
f 5948/3/6 5941/3/6 5956/3/6
f 5955/3/6 5948/3/6 5956/3/6
f 5949/3/6 5950/3/6 5957/3/6
f 5955/3/6 5956/3/6 5958/3/6
f 5956/3/6 5957/3/6 5958/3/6
f 5954/3/6 5955/3/6 5958/3/6
f 5951/3/6 5952/3/6 5958/3/6
f 5952/3/6 5953/3/6 5958/3/6
f 5953/3/6 5954/3/6 5958/3/6
f 5957/3/6 5950/3/6 5959/3/6
f 5958/3/6 5957/3/6 5959/3/6
f 5950/3/6 5938/3/6 5959/3/6
f 5951/3/6 5958/3/6 5960/3/6
f 5896/3/6 5951/3/6 5960/3/6
f 5960/3/6 5958/3/6 5961/3/6
f 5962/12/6 5963/12/6 5964/12/6
f 5964/12/6 5963/12/6 5965/12/6
f 5964/7/6 5965/7/6 5967/7/6
f 5965/12/6 5966/12/6 5968/12/6
f 5967/7/6 5965/7/6 5968/7/6
f 5968/12/6 5966/12/6 5969/12/6
f 5970/12/6 5971/12/6 5972/12/6
f 5972/12/6 5971/12/6 5973/12/6
f 5970/12/6 5972/12/6 5974/12/6
f 5972/6/6 5973/6/6 5975/6/6
f 5974/12/6 5972/12/6 5975/12/6
f 5975/6/6 5973/6/6 5976/6/6
f 5976/6/6 5973/6/6 5977/6/6
f 5977/6/6 5973/6/6 5978/6/6
f 5978/6/6 5973/6/6 5979/6/6
f 5973/12/6 5971/12/6 5980/12/6
f 5979/6/6 5973/6/6 5980/6/6
f 5979/12/6 5980/12/6 5983/12/6
f 5980/12/6 5971/12/6 5984/12/6
f 5983/12/6 5980/12/6 5984/12/6
f 5981/12/6 5982/12/6 5985/12/6
f 5985/12/6 5982/12/6 5986/12/6
f 5986/12/6 5982/12/6 5987/12/6
f 5986/7/6 5987/7/6 5988/7/6
f 5987/12/6 5982/12/6 5989/12/6
f 5988/7/6 5987/7/6 5989/7/6
f 5989/12/6 5982/12/6 5990/12/6
f 5990/12/6 5982/12/6 5991/12/6
f 5992/10/6 5993/10/6 6010/10/6
f 6010/10/6 5993/10/6 6011/10/6
f 5994/10/6 5995/10/6 6012/10/6
f 6012/10/6 5995/10/6 6013/10/6
f 5996/10/6 5997/10/6 6014/10/6
f 6014/10/6 5997/10/6 6015/10/6
f 5998/10/6 5999/10/6 6016/10/6
f 6016/10/6 5999/10/6 6017/10/6
f 6000/10/6 6001/10/6 6018/10/6
f 6018/10/6 6001/10/6 6019/10/6
f 6002/10/6 6003/10/6 6020/10/6
f 6020/10/6 6003/10/6 6021/10/6
f 6004/10/6 6005/10/6 6022/10/6
f 6022/10/6 6005/10/6 6023/10/6
f 6006/10/6 6007/10/6 6024/10/6
f 6024/10/6 6007/10/6 6025/10/6
f 6008/10/6 6009/10/6 6026/10/6
f 6026/10/6 6009/10/6 6027/10/6
f 6028/12/6 6029/12/6 6035/12/6
f 6035/12/6 6029/12/6 6036/12/6
f 6034/12/6 6035/12/6 6037/12/6
f 6035/7/6 6036/7/6 6037/7/6
f 6037/7/6 6036/7/6 6038/7/6
f 6032/12/6 6033/12/6 6039/12/6
f 6031/5/6 6032/5/6 6039/5/6
f 6039/12/6 6033/12/6 6040/12/6
f 6037/12/6 6038/12/6 6041/12/6
f 6034/12/6 6037/12/6 6041/12/6
f 6041/12/6 6038/12/6 6042/12/6
f 6030/12/6 6031/12/6 6043/12/6
f 6031/5/6 6039/5/6 6043/5/6
f 6043/5/6 6039/5/6 6044/5/6
f 6030/12/6 6043/12/6 6045/12/6
f 6043/12/6 6044/12/6 6045/12/6
f 6045/12/6 6044/12/6 6046/12/6
f 6047/12/6 6048/12/6 6049/12/6
f 6049/12/6 6048/12/6 6050/12/6
f 6047/12/6 6049/12/6 6051/12/6
f 6049/5/6 6050/5/6 6052/5/6
f 6051/12/6 6049/12/6 6052/12/6
f 6050/12/6 6048/12/6 6053/12/6
f 6052/5/6 6050/5/6 6053/5/6
f 6052/12/6 6053/12/6 6054/12/6
f 6053/12/6 6048/12/6 6055/12/6
f 6054/12/6 6053/12/6 6055/12/6
f 6056/12/6 6057/12/6 6058/12/6
f 6058/12/6 6057/12/6 6059/12/6
f 6056/12/6 6058/12/6 6060/12/6
f 6058/6/6 6059/6/6 6061/6/6
f 6060/12/6 6058/12/6 6061/12/6
f 6061/6/6 6059/6/6 6062/6/6
f 6059/12/6 6057/12/6 6063/12/6
f 6062/6/6 6059/6/6 6063/6/6
f 6063/12/6 6057/12/6 6064/12/6
f 6065/12/6 6066/12/6 6067/12/6
f 6067/12/6 6066/12/6 6068/12/6
f 6069/12/6 6070/12/6 6071/12/6
f 6071/12/6 6070/12/6 6072/12/6
f 6065/12/6 6067/12/6 6073/12/6
f 6067/7/6 6068/7/6 6073/7/6
f 6068/12/6 6066/12/6 6074/12/6
f 6073/7/6 6068/7/6 6074/7/6
f 6074/12/6 6066/12/6 6075/12/6
f 6071/7/6 6072/7/6 6076/7/6
f 6069/12/6 6071/12/6 6076/12/6
f 6076/7/6 6072/7/6 6077/7/6
f 6077/7/6 6072/7/6 6078/7/6
f 6065/12/6 6073/12/6 6079/12/6
f 6079/12/6 6073/12/6 6080/12/6
f 6069/12/6 6076/12/6 6081/12/6
f 6076/12/6 6077/12/6 6081/12/6
f 6081/12/6 6077/12/6 6082/12/6
f 6083/12/6 6084/12/6 6085/12/6
f 6085/12/6 6084/12/6 6086/12/6
f 6083/12/6 6085/12/6 6087/12/6
f 6085/6/6 6086/6/6 6087/6/6
f 6086/12/6 6084/12/6 6088/12/6
f 6087/6/6 6086/6/6 6088/6/6
f 6088/12/6 6084/12/6 6089/12/6
f 6083/12/6 6087/12/6 6090/12/6
f 6090/12/6 6087/12/6 6091/12/6
f 6092/7/6 6093/7/6 6096/7/6
f 6095/7/6 6096/7/6 6097/7/6
f 6097/7/6 6096/7/6 6098/7/6
f 6093/12/6 6094/12/6 6099/12/6
f 6098/7/6 6096/7/6 6099/7/6
f 6096/7/6 6093/7/6 6099/7/6
f 6098/12/6 6099/12/6 6100/12/6
f 6099/12/6 6094/12/6 6101/12/6
f 6100/12/6 6099/12/6 6101/12/6
f 6102/12/6 6103/12/6 6104/12/6
f 6104/12/6 6103/12/6 6105/12/6
f 6104/5/6 6105/5/6 6108/5/6
f 6108/5/6 6105/5/6 6109/5/6
f 6106/12/6 6107/12/6 6110/12/6
f 6110/12/6 6107/12/6 6111/12/6
f 6102/12/6 6104/12/6 6112/12/6
f 6104/5/6 6108/5/6 6113/5/6
f 6112/12/6 6104/12/6 6113/12/6
f 6113/5/6 6108/5/6 6114/5/6
f 6106/12/6 6110/12/6 6115/12/6
f 6115/12/6 6110/12/6 6116/12/6
f 6117/1/6 6118/1/6 6120/1/6
f 6118/10/6 6119/10/6 6121/10/6
f 6120/1/6 6118/1/6 6121/1/6
f 6121/10/6 6119/10/6 6122/10/6
f 6122/10/6 6119/10/6 6123/10/6
f 6124/10/6 6125/10/6 6126/10/6
f 6126/10/6 6125/10/6 6127/10/6
f 6128/10/6 6129/10/6 6130/10/6
f 6130/10/6 6129/10/6 6131/10/6
f 6132/1/6 6133/1/6 6135/1/6
f 6133/10/6 6134/10/6 6136/10/6
f 6135/1/6 6133/1/6 6136/1/6
f 6136/10/6 6134/10/6 6137/10/6
f 6137/10/6 6134/10/6 6138/10/6
f 6139/1/6 6140/1/6 6142/1/6
f 6140/10/6 6141/10/6 6143/10/6
f 6142/1/6 6140/1/6 6143/1/6
f 6143/10/6 6141/10/6 6144/10/6
f 6144/10/6 6141/10/6 6145/10/6
f 6146/1/6 6147/1/6 6149/1/6
f 6147/10/6 6148/10/6 6150/10/6
f 6149/1/6 6147/1/6 6150/1/6
f 6150/10/6 6148/10/6 6151/10/6
f 6151/10/6 6148/10/6 6152/10/6
f 6153/1/6 6154/1/6 6155/1/6
f 6155/1/6 6154/1/6 6156/1/6
f 6157/1/6 6158/1/6 6159/1/6
f 6159/1/6 6158/1/6 6160/1/6
f 6161/1/6 6162/1/6 6163/1/6
f 6163/1/6 6162/1/6 6164/1/6
f 6165/1/6 6166/1/6 6169/1/6
f 6169/1/6 6166/1/6 6170/1/6
f 6167/1/6 6168/1/6 6171/1/6
f 6171/1/6 6168/1/6 6172/1/6
f 6173/1/6 6174/1/6 6175/1/6
f 6175/1/6 6174/1/6 6176/1/6
f 6177/1/6 6178/1/6 6180/1/6
f 6178/10/6 6179/10/6 6181/10/6
f 6180/1/6 6178/1/6 6181/1/6
f 6181/10/6 6179/10/6 6182/10/6
f 6182/10/6 6179/10/6 6183/10/6
f 6184/1/6 6185/1/6 6186/1/6
f 6186/1/6 6185/1/6 6187/1/6
f 6188/1/6 6189/1/6 6190/1/6
f 6190/1/6 6189/1/6 6191/1/6
f 6192/1/6 6193/1/6 6194/1/6
f 6194/1/6 6193/1/6 6195/1/6
f 6196/1/6 6197/1/6 6199/1/6
f 6197/10/6 6198/10/6 6200/10/6
f 6199/1/6 6197/1/6 6200/1/6
f 6200/10/6 6198/10/6 6201/10/6
f 6201/10/6 6198/10/6 6202/10/6
f 6203/1/6 6204/1/6 6205/1/6
f 6205/1/6 6204/1/6 6206/1/6
f 6207/1/6 6208/1/6 6209/1/6
f 6209/1/6 6208/1/6 6210/1/6
f 6211/1/6 6212/1/6 6213/1/6
f 6213/1/6 6212/1/6 6214/1/6
f 6214/1/6 6212/1/6 6215/1/6
f 6216/1/6 6217/1/6 6218/1/6
f 6218/1/6 6217/1/6 6219/1/6
f 6216/1/6 6218/1/6 6220/1/6
f 6220/1/6 6218/1/6 6221/1/6
f 6222/1/6 6223/1/6 6224/1/6
f 6224/1/6 6223/1/6 6225/1/6
f 6226/1/6 6227/1/6 6228/1/6
f 6228/1/6 6227/1/6 6229/1/6
f 6230/1/6 6231/1/6 6234/1/6
f 6234/1/6 6231/1/6 6235/1/6
f 6232/1/6 6233/1/6 6237/1/6
f 6237/1/6 6233/1/6 6238/1/6
f 6236/1/6 6237/1/6 6238/1/6
f 6236/1/6 6238/1/6 6239/1/6
f 6239/1/6 6238/1/6 6240/1/6
f 6236/1/6 6239/1/6 6241/1/6
f 6239/3/6 6240/3/6 6241/3/6
f 6241/3/6 6240/3/6 6242/3/6
f 6236/1/6 6241/1/6 6243/1/6
f 6241/1/6 6242/1/6 6243/1/6
f 6243/1/6 6242/1/6 6244/1/6
f 6245/1/6 6246/1/6 6247/1/6
f 6247/1/6 6246/1/6 6248/1/6
f 6249/1/6 6250/1/6 6251/1/6
f 6249/1/6 6251/1/6 6254/1/6
f 6252/1/6 6253/1/6 6254/1/6
f 6251/1/6 6252/1/6 6254/1/6
f 6254/1/6 6253/1/6 6255/1/6
f 6249/1/6 6254/1/6 6256/1/6
f 6256/1/6 6254/1/6 6257/1/6
f 6256/3/6 6257/3/6 6258/3/6
f 6257/1/6 6254/1/6 6258/1/6
f 6258/1/6 6254/1/6 6259/1/6
f 6256/3/6 6258/3/6 6260/3/6
f 6258/3/6 6259/3/6 6260/3/6
f 6259/1/6 6254/1/6 6261/1/6
f 6260/3/6 6259/3/6 6261/3/6
f 6261/1/6 6254/1/6 6262/1/6
f 6263/1/6 6264/1/6 6268/1/6
f 6264/10/6 6265/10/6 6269/10/6
f 6268/1/6 6264/1/6 6269/1/6
f 6265/10/6 6266/10/6 6269/10/6
f 6266/3/6 6267/3/6 6270/3/6
f 6269/10/6 6266/10/6 6270/10/6
f 6270/3/6 6267/3/6 6271/3/6
f 6272/3/6 6273/3/6 6274/3/6
f 6274/3/6 6273/3/6 6275/3/6
f 6276/3/6 6277/3/6 6280/3/6
f 6278/1/6 6279/1/6 6281/1/6
f 6280/3/6 6277/3/6 6281/3/6
f 6277/1/6 6278/1/6 6281/1/6
f 6281/1/6 6279/1/6 6282/1/6
f 6282/1/6 6279/1/6 6283/1/6
f 6276/3/6 6280/3/6 6284/3/6
f 6280/1/6 6281/1/6 6285/1/6
f 6284/3/6 6280/3/6 6285/3/6
f 6281/1/6 6282/1/6 6285/1/6
f 6284/1/6 6285/1/6 6286/1/6
f 6285/1/6 6282/1/6 6287/1/6
f 6286/1/6 6285/1/6 6287/1/6
f 6288/1/6 6289/1/6 6290/1/6
f 6290/1/6 6289/1/6 6291/1/6
f 6290/1/6 6291/1/6 6293/1/6
f 6291/1/6 6292/1/6 6293/1/6
f 6293/1/6 6292/1/6 6294/1/6
f 6293/3/6 6294/3/6 6295/3/6
f 6294/1/6 6292/1/6 6296/1/6
f 6295/3/6 6294/3/6 6296/3/6
f 6296/1/6 6292/1/6 6297/1/6
f 6297/1/6 6292/1/6 6298/1/6
f 6295/1/6 6296/1/6 6300/1/6
f 6296/1/6 6297/1/6 6300/1/6
f 6300/1/6 6297/1/6 6301/1/6
f 6298/3/6 6299/3/6 6302/3/6
f 6301/1/6 6297/1/6 6302/1/6
f 6297/3/6 6298/3/6 6302/3/6
f 6302/3/6 6299/3/6 6303/3/6
f 6304/1/6 6305/1/6 6306/1/6
f 6304/1/6 6306/1/6 6308/1/6
f 6306/1/6 6307/1/6 6308/1/6
f 6308/1/6 6307/1/6 6309/1/6
f 6310/1/6 6311/1/6 6312/1/6
f 6312/1/6 6311/1/6 6313/1/6
f 6313/1/6 6311/1/6 6314/1/6
f 6314/1/6 6311/1/6 6315/1/6
f 6315/1/6 6311/1/6 6316/1/6
f 6316/1/6 6311/1/6 6317/1/6
f 6318/1/6 6319/1/6 6321/1/6
f 6319/3/6 6320/3/6 6322/3/6
f 6321/1/6 6319/1/6 6322/1/6
f 6318/1/6 6321/1/6 6325/1/6
f 6325/1/6 6321/1/6 6326/1/6
f 6321/3/6 6322/3/6 6327/3/6
f 6326/1/6 6321/1/6 6327/1/6
f 6322/3/6 6320/3/6 6328/3/6
f 6327/3/6 6322/3/6 6328/3/6
f 6328/3/6 6320/3/6 6329/3/6
f 6323/1/6 6324/1/6 6330/1/6
f 6318/1/6 6325/1/6 6332/1/6
f 6332/1/6 6325/1/6 6333/1/6
f 6326/3/6 6327/3/6 6334/3/6
f 6327/3/6 6328/3/6 6334/3/6
f 6328/1/6 6329/1/6 6335/1/6
f 6334/3/6 6328/3/6 6335/3/6
f 6330/1/6 6331/1/6 6336/1/6
f 6326/3/6 6334/3/6 6338/3/6
f 6334/1/6 6335/1/6 6339/1/6
f 6338/3/6 6334/3/6 6339/3/6
f 6336/1/6 6337/1/6 6340/1/6
f 6340/1/6 6337/1/6 6341/1/6
f 6326/3/6 6338/3/6 6342/3/6
f 6338/1/6 6339/1/6 6343/1/6
f 6342/3/6 6338/3/6 6343/3/6
f 6330/1/6 6336/1/6 6344/1/6
f 6323/1/6 6330/1/6 6344/1/6
f 6336/1/6 6340/1/6 6344/1/6
f 6344/1/6 6340/1/6 6345/1/6
f 6343/1/6 6339/1/6 6346/1/6
f 6342/1/6 6343/1/6 6346/1/6
f 6339/1/6 6335/1/6 6347/1/6
f 6346/1/6 6339/1/6 6347/1/6
f 6335/1/6 6329/1/6 6347/1/6
f 6342/1/6 6346/1/6 6348/1/6
f 6348/1/6 6346/1/6 6349/1/6
f 6350/1/6 6351/1/6 6354/1/6
f 6351/10/6 6352/10/6 6355/10/6
f 6354/1/6 6351/1/6 6355/1/6
f 6352/3/6 6353/3/6 6356/3/6
f 6355/10/6 6352/10/6 6356/10/6
f 6356/3/6 6353/3/6 6357/3/6
f 6358/3/6 6359/3/6 6360/3/6
f 6360/3/6 6359/3/6 6361/3/6
f 6361/3/6 6359/3/6 6363/3/6
f 6363/3/6 6359/3/6 6364/3/6
f 6364/3/6 6359/3/6 6365/3/6
f 6365/3/6 6359/3/6 6367/3/6
f 6367/3/6 6359/3/6 6368/3/6
f 6366/3/6 6367/3/6 6371/3/6
f 6368/3/6 6369/3/6 6371/3/6
f 6367/3/6 6368/3/6 6371/3/6
f 6362/3/6 6363/3/6 6373/3/6
f 6363/3/6 6364/3/6 6373/3/6
f 6373/3/6 6364/3/6 6374/3/6
f 6370/3/6 6371/3/6 6375/3/6
f 6373/3/6 6374/3/6 6377/3/6
f 6374/3/6 6375/3/6 6377/3/6
f 6372/3/6 6373/3/6 6377/3/6
f 6377/3/6 6375/3/6 6378/3/6
f 6378/3/6 6375/3/6 6379/3/6
f 6376/3/6 6377/3/6 6380/3/6
f 6377/3/6 6378/3/6 6380/3/6
f 6380/3/6 6378/3/6 6381/3/6
f 6376/3/6 6380/3/6 6382/3/6
f 6382/3/6 6380/3/6 6383/3/6
f 6376/3/6 6382/3/6 6385/3/6
f 6375/3/6 6371/3/6 6386/3/6
f 6371/3/6 6369/3/6 6386/3/6
f 6379/3/6 6375/3/6 6386/3/6
f 6384/3/6 6385/3/6 6388/3/6
f 6385/3/6 6382/3/6 6388/3/6
f 6386/3/6 6387/3/6 6389/3/6
f 6379/3/6 6386/3/6 6389/3/6
f 6389/3/6 6387/3/6 6390/3/6
f 6388/3/6 6389/3/6 6390/3/6
f 6390/3/6 6387/3/6 6391/3/6
f 6388/3/6 6390/3/6 6392/3/6
f 6388/3/6 6392/3/6 6393/3/6
f 6391/3/6 6387/3/6 6395/3/6
f 6388/3/6 6393/3/6 6396/3/6
f 6394/3/6 6395/3/6 6397/3/6
f 6388/3/6 6396/3/6 6398/3/6
f 6396/3/6 6397/3/6 6398/3/6
f 6398/3/6 6397/3/6 6399/3/6
f 6399/3/6 6397/3/6 6400/3/6
f 6397/3/6 6395/3/6 6401/3/6
f 6400/3/6 6397/3/6 6401/3/6
f 6395/3/6 6387/3/6 6401/3/6
f 6399/3/6 6400/3/6 6403/3/6
f 6403/3/6 6400/3/6 6404/3/6
f 6388/3/6 6398/3/6 6406/3/6
f 6404/3/6 6405/3/6 6407/3/6
f 6402/3/6 6403/3/6 6407/3/6
f 6403/3/6 6404/3/6 6407/3/6
f 6407/3/6 6405/3/6 6408/3/6
f 6406/3/6 6407/3/6 6410/3/6
f 6408/3/6 6409/3/6 6410/3/6
f 6407/3/6 6408/3/6 6410/3/6
f 6406/3/6 6410/3/6 6412/3/6
f 6410/3/6 6411/3/6 6412/3/6
f 6412/3/6 6411/3/6 6413/3/6
f 6406/3/6 6412/3/6 6414/3/6
f 6414/3/6 6412/3/6 6415/3/6
f 6384/3/6 6388/3/6 6416/3/6
f 6388/3/6 6406/3/6 6416/3/6
f 6406/3/6 6414/3/6 6416/3/6
f 6416/3/6 6414/3/6 6417/3/6
f 6413/3/6 6411/3/6 6418/3/6
f 6417/3/6 6414/3/6 6419/3/6
f 6418/3/6 6411/3/6 6421/3/6
f 6421/3/6 6411/3/6 6422/3/6
f 6422/3/6 6411/3/6 6423/3/6
f 6423/3/6 6411/3/6 6424/3/6
f 6424/3/6 6411/3/6 6425/3/6
f 6384/3/6 6416/3/6 6426/3/6
f 6426/3/6 6416/3/6 6427/3/6
f 6425/3/6 6411/3/6 6428/3/6
f 6428/3/6 6411/3/6 6429/3/6
f 6419/3/6 6420/3/6 6430/3/6
f 6417/3/6 6419/3/6 6430/3/6
f 6420/3/6 6421/3/6 6430/3/6
f 6421/3/6 6422/3/6 6430/3/6
f 6430/3/6 6422/3/6 6431/3/6
f 6417/3/6 6430/3/6 6433/3/6
f 6432/3/6 6433/3/6 6434/3/6
f 6433/3/6 6430/3/6 6435/3/6
f 6434/3/6 6433/3/6 6435/3/6
f 6435/3/6 6430/3/6 6436/3/6
f 6436/3/6 6430/3/6 6437/3/6
f 6437/3/6 6430/3/6 6438/3/6
f 6439/12/6 6440/12/6 6441/12/6
f 6441/12/6 6440/12/6 6442/12/6
f 6441/6/6 6442/6/6 6443/6/6
f 6442/12/6 6440/12/6 6443/12/6
f 6443/12/6 6440/12/6 6444/12/6
f 6439/12/6 6441/12/6 6445/12/6
f 6441/6/6 6443/6/6 6445/6/6
f 6445/6/6 6443/6/6 6446/6/6
f 6439/12/6 6445/12/6 6447/12/6
f 6447/12/6 6445/12/6 6448/12/6
f 6449/12/6 6450/12/6 6452/12/6
f 6451/4/6 6452/4/6 6454/4/6
f 6454/4/6 6452/4/6 6455/4/6
f 6453/12/6 6454/12/6 6455/12/6
f 6452/12/6 6450/12/6 6456/12/6
f 6455/4/6 6452/4/6 6456/4/6
f 6453/12/6 6455/12/6 6457/12/6
f 6455/12/6 6456/12/6 6457/12/6
f 6456/12/6 6450/12/6 6458/12/6
f 6457/12/6 6456/12/6 6458/12/6
f 6459/12/6 6460/12/6 6461/12/6
f 6461/12/6 6460/12/6 6462/12/6
f 6461/5/6 6462/5/6 6463/5/6
f 6462/12/6 6460/12/6 6464/12/6
f 6463/5/6 6462/5/6 6464/5/6
f 6463/12/6 6464/12/6 6465/12/6
f 6464/12/6 6460/12/6 6465/12/6
f 6465/12/6 6460/12/6 6466/12/6
f 6463/12/6 6465/12/6 6467/12/6
f 6467/12/6 6465/12/6 6468/12/6
f 6469/12/6 6470/12/6 6471/12/6
f 6471/12/6 6470/12/6 6472/12/6
f 6469/12/6 6471/12/6 6473/12/6
f 6471/4/6 6472/4/6 6473/4/6
f 6472/12/6 6470/12/6 6474/12/6
f 6473/4/6 6472/4/6 6474/4/6
f 6474/12/6 6470/12/6 6475/12/6
f 6469/12/6 6473/12/6 6476/12/6
f 6473/12/6 6474/12/6 6476/12/6
f 6476/12/6 6474/12/6 6477/12/6
f 6478/12/6 6479/12/6 6481/12/6
f 6481/12/6 6479/12/6 6482/12/6
f 6480/12/6 6481/12/6 6482/12/6
f 6482/12/6 6479/12/6 6483/12/6
f 6480/12/6 6482/12/6 6484/12/6
f 6482/7/6 6483/7/6 6485/7/6
f 6484/12/6 6482/12/6 6485/12/6
f 6485/7/6 6483/7/6 6486/7/6
f 6487/1/6 6488/1/6 6490/1/6
f 6488/10/6 6489/10/6 6491/10/6
f 6490/1/6 6488/1/6 6491/1/6
f 6491/10/6 6489/10/6 6492/10/6
f 6490/10/6 6491/10/6 6493/10/6
f 6493/10/6 6491/10/6 6494/10/6
f 6492/10/6 6489/10/6 6495/10/6
f 6495/10/6 6489/10/6 6496/10/6
