# MagicaVoxel @ Ephtracy

# group
o 

# material
mtllib Playa-Alterna-6.mtl
usemtl palette

# normals
vn -1 0 0
vn 1 0 0
vn 0 0 1
vn 0 0 -1
vn 0 -1 0
vn 0 1 0

# texcoords
vt 0.0683594 0.5
vt 0.0996094 0.5
vt 0.130859 0.5
vt 0.208984 0.5
vt 0.310547 0.5

# verts
v -7 0 7
v -7 0 -7
v -7 1.3 7
v -7 1.3 -7
v -7 1.9 1.2
v -7 1.9 0.8
v -7 2.6 0.8
v -7 2.6 -0.9
v -7 5 7
v -7 5 3.5
v -7 5 -0.9
v -7 5 -1.2
v -7 5 -1.4
v -7 5 -2.4
v -7 5 -2.6
v -7 5 -2.7
v -7 5.1 -0.9
v -7 5.1 -1.2
v -7 5.1 -1.4
v -7 5.1 -2.4
v -7 5.1 -2.6
v -7 5.1 -2.7
v -7 5.2 -4.7
v -7 5.2 -6.4
v -7 5.2 -6.5
v -7 5.2 -7
v -7 5.3 -4.7
v -7 5.3 -6.4
v -7 5.3 -6.5
v -7 5.3 -7
v -7 6.1 -2.7
v -7 6.1 -2.9
v -7 6.1 -3
v -7 6.1 -3.6
v -7 6.1 -4.2
v -7 6.1 -4.7
v -7 6.2 3.5
v -7 6.2 3
v -7 6.2 2.6
v -7 6.2 1.7
v -7 6.2 1.5
v -7 6.2 1.2
v -7 6.2 -2.7
v -7 6.2 -2.9
v -7 6.2 -3
v -7 6.2 -3.6
v -7 6.2 -4.2
v -7 6.2 -4.7
v -7 6.3 3.5
v -7 6.3 3
v -7 6.3 2.6
v -7 6.3 1.7
v -7 6.3 1.5
v -7 6.3 1.2
v -6.8 1.9 1.2
v -6.8 1.9 0.8
v -6.8 2.6 0.8
v -6.8 2.6 -0.5
v -6.8 4.1 1.2
v -6.8 4.1 -0.5
v -6.7 6.2 -3.2
v -6.7 6.2 -3.5
v -6.7 6.2 -4.3
v -6.7 6.3 -3.2
v -6.7 6.3 -3.3
v -6.7 6.5 -3.2
v -6.7 6.5 -3.3
v -6.7 7.2 -3.2
v -6.7 7.2 -4.3
v -6.5 2.6 -0.5
v -6.5 2.6 -0.9
v -6.5 4.1 0
v -6.5 4.1 -0.5
v -6.5 5 0
v -6.5 5 -0.9
v -6.5 5.1 0
v -6.5 5.1 -0.9
v -6.4 4.2 6.6
v -6.4 4.2 6.5
v -6.4 4.4 6.6
v -6.4 4.4 6.5
v -6.3 3.4 7
v -6.3 3.4 6.6
v -6.3 3.5 7
v -6.3 3.5 6.6
v -6.3 6.3 2.9
v -6.3 6.3 1.6
v -6.3 7.3 2.9
v -6.3 7.3 1.6
v -5.7 4.6 -1.4
v -5.7 4.6 -1.7
v -5.7 4.9 -2.3
v -5.7 4.9 -2.4
v -5.7 5 -1.4
v -5.7 5 -1.7
v -5.7 5 -2.3
v -5.7 5 -2.4
v -5.7 5.1 -1.4
v -5.7 5.1 -1.7
v -5.7 5.1 -2.3
v -5.7 5.1 -2.4
v -5.5 6 1.5
v -5.5 6 1.4
v -5.5 6.2 1.5
v -5.5 6.2 1.4
v -5.5 6.3 1.5
v -5.5 6.3 1.4
v -5.3 3.6 0.6
v -5.3 3.6 0.0999999
v -5.3 3.9 0.5
v -5.3 3.9 0.0999999
v -5.3 4.1 0.6
v -5.3 4.1 0.5
v -5.3 5.5 -2.7
v -5.3 5.5 -2.8
v -5.3 5.9 -2.7
v -5.3 5.9 -2.8
v -5.2 5.9 3.5
v -5.2 5.9 3.4
v -5.2 5.9 3.3
v -5.2 5.9 3.2
v -5.2 5.9 -2.7
v -5.2 5.9 -2.8
v -5.2 6.2 3.4
v -5.2 6.2 3.3
v -5.2 6.2 3.2
v -5.2 6.2 -2.7
v -5.2 6.2 -2.8
v -5.2 6.3 3.5
v -5.2 6.3 3.4
v -4.2 2.2 3.5
v -4.2 2.2 3.3
v -4.2 2.4 3.5
v -4.2 2.4 3.3
v -4.2 2.5 3.5
v -4.2 2.5 3.3
v -4.2 4.4 -4.7
v -4.2 4.4 -5.1
v -4.2 4.5 -4.7
v -4.2 4.5 -5.1
v -4.1 3.2 4
v -4.1 3.2 3.7
v -4.1 3.3 3.7
v -4.1 3.3 3.6
v -4.1 3.4 4
v -4.1 3.4 3.6
v -4.1 3.4 3.5
v -4.1 3.5 3.6
v -4.1 3.5 3.5
v -3.3 4.4 -5
v -3.3 4.4 -5.3
v -3.3 4.5 -5
v -3.3 4.5 -5.3
v -3 4.5 -5.2
v -3 4.5 -5.3
v -3 4.5 -6.3
v -3 4.5 -6.4
v -3 4.5 -6.9
v -3 4.5 -7
v -3 5.6 -5.2
v -3 5.6 -6
v -3 5.6 -6.2
v -3 5.6 -7
v -3 5.7 -5.2
v -3 5.7 -6
v -3 5.7 -6.2
v -3 5.7 -7
v -1.9 1.9 6.1
v -1.9 1.9 5.8
v -1.9 2 6.1
v -1.9 2 5.8
v -1.9 2.1 6.1
v -1.9 2.1 5.8
v -1.7 1.8 6.1
v -1.7 1.8 5.7
v -1.7 2 6.1
v -1.7 2 5.7
v -1.7 2.1 6.1
v -1.7 2.1 5.7
v -1.6 1.8 6.2
v -1.6 1.8 6.1
v -1.6 2 6.1
v -1.6 2.1 6.2
v -1.6 2.1 6.1
v -1.6 4.7 -5.2
v -1.6 4.7 -5.6
v -1.6 5.6 -5.2
v -1.6 5.6 -5.6
v -1.6 5.7 -5.2
v -1.6 5.7 -5.6
v -1.3 5.6 -5.3
v -1.3 5.6 -5.5
v -1.3 5.6 -5.6
v -1.3 5.7 -5.3
v -1.3 5.7 -5.5
v -1.3 5.7 -5.6
v -0.7 2.2 -4.9
v -0.7 2.2 -5.2
v -0.7 4 -5.2
v -0.7 4.2 -4.9
v -0.7 4.2 -5.1
v -0.7 4.2 -5.2
v -0.7 4.3 -4.9
v -0.7 4.3 -5.1
v -0.7 4.3 -5.2
v 1 3.2 -4.9
v 1 3.2 -5.7
v 1 3.7 -4.9
v 1 3.7 -5.3
v 1 4.1 -5.3
v 1 4.1 -5.6
v 1 4.1 -5.7
v 1 4.2 -5.6
v 1 4.2 -5.7
v 1.1 3.7 -4.9
v 1.1 3.7 -5.3
v 1.1 4.1 -4.9
v 1.1 4.1 -5.3
v 1.2 4.1 -4.9
v 1.2 4.1 -5.6
v 1.2 4.2 -4.9
v 1.2 4.2 -5.6
v 1.2 4.3 -4.9
v 1.2 4.3 -5.6
v 1.3 0.4 3.6
v 1.3 0.4 2.9
v 1.3 0.7 3.6
v 1.3 0.7 2.9
v 1.3 0.8 3.6
v 1.3 1.7 3.6
v 1.3 1.7 2.9
v 1.4 0.1 3.6
v 1.4 0.1 2.9
v 1.4 0.3 2.9
v 1.4 0.4 3.6
v 1.4 0.4 2.9
v 1.4 2.2 -3.8
v 1.4 2.2 -4.9
v 1.4 4.2 -3.8
v 1.4 4.2 -4.8
v 1.4 4.2 -4.9
v 1.4 4.3 -3.8
v 1.4 4.3 -4.8
v 1.4 4.3 -4.9
v 2.6 4 -4
v 2.6 4 -4.1
v 2.6 4.2 -4
v 2.6 4.2 -4.1
v 2.6 4.3 -4
v 2.6 4.3 -4.1
v 4.5 2.1 -2.1
v 4.5 2.1 -2.9
v 4.5 2.2 -2.9
v 4.5 2.7 -2.1
v 4.5 2.7 -2.9
v 4.7 2.2 -2.9
v 4.7 2.2 -3
v 4.7 2.7 -2.9
v 4.7 2.7 -3
v 5 2.1 -1.6
v 5 2.1 -1.7
v 5 2.7 -1.6
v 5 2.7 -1.7
v 5.1 2.1 -1.4
v 5.1 2.1 -1.6
v 5.1 2.7 -1.4
v 5.1 2.7 -1.6
v 5.3 2.1 -1.7
v 5.3 2.1 -2.6
v 5.3 2.7 -1.7
v 5.3 2.7 -2.6
v 5.9 2.1 0.2
v 5.9 2.1 -1.4
v 5.9 2.3 0.2
v 5.9 2.3 -1.4
v 5.9 2.3 -3.8
v 5.9 2.3 -4
v 5.9 2.4 -3.8
v 5.9 2.4 -4
v 6.1 2.3 0
v 6.1 2.3 -1.4
v 6.1 2.5 0
v 6.1 2.5 -1.4
v 6.5 2 -2.9
v 6.5 2 -3.1
v 6.5 2.1 -2.9
v 6.5 2.1 -3.1
v 6.5 2.2 -2.9
v 6.5 2.2 -3.1
v 6.7 2.6 -3.8
v 6.7 2.6 -4.3
v 6.7 2.7 -3.8
v 6.7 2.7 -4.3
v -6.8 4.4 7
v -6.8 4.4 6.4
v -6.8 5 7
v -6.8 5 6.4
v -6.7 3.9 7
v -6.7 3.9 6.8
v -6.7 4.2 6.8
v -6.7 4.2 6.5
v -6.7 4.4 7
v -6.7 4.4 6.5
v -6.7 4.5 -4.7
v -6.7 4.5 -6
v -6.7 5.2 -4.7
v -6.7 5.2 -6
v -6.7 5.3 -4.7
v -6.7 5.3 -6
v -6.6 3.4 7
v -6.6 3.4 6.6
v -6.6 3.9 7
v -6.6 3.9 6.8
v -6.6 4.2 6.8
v -6.6 4.2 6.6
v -6.3 3.5 6.6
v -6.3 3.5 5
v -6.3 3.5 4.9
v -6.3 3.5 3.5
v -6.3 4.4 6.6
v -6.3 4.4 6.4
v -6.3 5 6.4
v -6.3 5 3.5
v -6.1 4.6 -1.4
v -6.1 4.6 -1.9
v -6.1 5 -1.4
v -6.1 5 -1.9
v -6.1 5.1 -1.4
v -6.1 5.1 -1.9
v -6.1 6.2 3.4
v -6.1 6.2 3
v -6.1 6.3 3.4
v -6.1 6.3 3
v -6 4.9 -2.2
v -6 4.9 -2.4
v -6 5 -2.2
v -6 5 -2.4
v -6 5.1 -2.2
v -6 5.1 -2.4
v -5.9 6 1.5
v -5.9 6 1.2
v -5.9 6.2 1.5
v -5.9 6.2 1.2
v -5.9 6.3 1.5
v -5.9 6.3 1.2
v -5.9 6.7 -3.2
v -5.9 6.7 -3.4
v -5.9 7.1 -3.2
v -5.9 7.1 -3.4
v -5.8 4.5 -6
v -5.8 4.5 -6.1
v -5.8 4.5 -6.3
v -5.8 4.6 -6
v -5.8 4.6 -6.1
v -5.8 4.7 -0.3
v -5.8 4.7 -1
v -5.8 5 -0.3
v -5.8 5 -1
v -5.8 5.1 -0.3
v -5.8 5.1 -1
v -5.8 5.2 -6
v -5.8 5.2 -6.3
v -5.8 5.3 -6
v -5.8 5.3 -6.3
v -5.7 4.2 -1.7
v -5.7 4.2 -2.3
v -5.7 4.6 -1.7
v -5.7 4.6 -1.9
v -5.7 4.9 -2.2
v -5.7 4.9 -2.3
v -5.7 5 -1.9
v -5.7 5 -2.2
v -5.7 5.1 -1.9
v -5.7 5.1 -2.2
v -5.7 5.9 1.4
v -5.7 5.9 1.2
v -5.7 5.9 -2.7
v -5.7 5.9 -3
v -5.7 6 1.4
v -5.7 6 1.2
v -5.7 6.1 -2.7
v -5.7 6.1 -3
v -5.7 6.2 -2.7
v -5.7 6.2 -3
v -5.6 4.3 -0.1
v -5.6 4.3 -0.2
v -5.6 5 -0.1
v -5.6 5 -0.2
v -5.6 5.1 -0.1
v -5.6 5.1 -0.2
v -5.6 6.6 -3.2
v -5.6 6.6 -3.7
v -5.6 6.7 -3.2
v -5.6 6.7 -3.4
v -5.6 7.1 -3.2
v -5.6 7.1 -3.4
v -5.6 7.2 -3.2
v -5.6 7.2 -3.7
v -5.5 2.9 -0.5
v -5.5 2.9 -2.7
v -5.5 3.9 0.5
v -5.5 3.9 0.0999999
v -5.5 4.1 0.5
v -5.5 4.1 0.0999999
v -5.5 4.1 0
v -5.5 4.1 -0.5
v -5.5 4.2 -1.7
v -5.5 4.2 -2.3
v -5.5 4.3 -0.1
v -5.5 4.3 -0.2
v -5.5 4.7 -0.3
v -5.5 4.7 -1
v -5.5 5 0
v -5.5 5 -0.1
v -5.5 5 -0.2
v -5.5 5 -0.3
v -5.5 5 -1
v -5.5 5 -1.7
v -5.5 5 -2.3
v -5.5 5 -2.7
v -5.5 5.1 0
v -5.5 5.1 -0.1
v -5.5 5.1 -0.2
v -5.5 5.1 -0.3
v -5.5 5.1 -1
v -5.5 5.1 -1.7
v -5.5 5.1 -2.3
v -5.5 5.1 -2.7
v -5.5 5.5 -2.7
v -5.5 5.5 -2.8
v -5.5 5.7 3.5
v -5.5 5.7 3.4
v -5.5 5.8 3.2
v -5.5 5.8 3
v -5.5 5.9 -2.7
v -5.5 5.9 -2.8
v -5.5 6.2 3.5
v -5.5 6.2 3.4
v -5.5 6.2 3.2
v -5.5 6.2 3
v -5.5 6.3 3.5
v -5.5 6.3 3.4
v -5.5 6.5 -3.5
v -5.5 6.5 -3.9
v -5.5 6.6 -3.5
v -5.5 6.6 -3.7
v -5.5 7.2 -3.7
v -5.5 7.2 -3.9
v -5.4 3.6 0.6
v -5.4 3.6 -0.3
v -5.4 3.9 0.5
v -5.4 3.9 0.0999999
v -5.4 4.1 0.6
v -5.4 4.1 0.5
v -5.4 4.1 0.0999999
v -5.4 4.1 -0.3
v -5.4 5.7 3.3
v -5.4 5.7 3.2
v -5.4 5.8 3.2
v -5.4 6.2 3.3
v -5.4 6.2 3.2
v -5.2 2.5 1.2
v -5.2 2.5 0.8
v -5.2 2.6 0.8
v -5.2 2.9 0.8
v -5.2 2.9 -0.5
v -5.2 3.6 0.0999999
v -5.2 3.6 -0.3
v -5.2 3.9 0.5
v -5.2 3.9 0.0999999
v -5.2 4.1 1.2
v -5.2 4.1 0.5
v -5.2 4.1 -0.3
v -5.2 4.1 -0.5
v -5.2 4.4 -4.6
v -5.2 4.4 -4.7
v -5.2 4.4 -5.1
v -5.2 4.5 -4.7
v -5.2 4.5 -5.1
v -5.2 4.6 -4.6
v -5.2 4.6 -4.7
v -5.2 5.2 3.5
v -5.2 5.2 3.1
v -5.2 5.7 3.5
v -5.2 5.7 3.4
v -5.2 5.7 3.3
v -5.2 5.7 3.2
v -5.2 5.7 -2.8
v -5.2 5.7 -3
v -5.2 5.8 3.2
v -5.2 5.8 3.1
v -5.2 5.8 1.4
v -5.2 5.8 1.2
v -5.2 5.9 3.4
v -5.2 5.9 3.3
v -5.2 5.9 1.4
v -5.2 5.9 1.2
v -5.2 5.9 -2.8
v -5.2 5.9 -3
v -5.1 2.2 3.5
v -5.1 2.2 3.3
v -5.1 2.4 3.3
v -5.1 2.5 3.3
v -5.1 2.5 2.9
v -5.1 2.5 1.6
v -5.1 2.5 1.2
v -5.1 2.9 -2.7
v -5.1 2.9 -3.2
v -5.1 2.9 -4.3
v -5.1 2.9 -4.7
v -5.1 3.4 3.5
v -5.1 3.5 3.5
v -5.1 4.4 -4.6
v -5.1 4.4 -4.7
v -5.1 4.6 -4.6
v -5.1 4.6 -4.7
v -5.1 5.2 3.5
v -5.1 5.2 3.1
v -5.1 5.7 -2.8
v -5.1 5.7 -3
v -5.1 5.8 3.1
v -5.1 5.8 3
v -5.1 5.8 1.4
v -5.1 5.8 1.2
v -5.1 5.9 3.5
v -5.1 5.9 3.2
v -5.1 6.1 -3
v -5.1 6.1 -3.2
v -5.1 6.1 -4.3
v -5.1 6.1 -4.7
v -5.1 6.2 3.4
v -5.1 6.2 3.2
v -5.1 6.2 3
v -5.1 6.2 2.9
v -5.1 6.2 1.6
v -5.1 6.2 1.4
v -5.1 6.2 -2.7
v -5.1 6.2 -2.8
v -5.1 6.2 -3
v -5.1 6.2 -3.2
v -5.1 6.2 -4.3
v -5.1 6.2 -4.7
v -5.1 6.3 3.5
v -5.1 6.3 3.4
v -5.1 6.3 3
v -5.1 6.3 2.9
v -5.1 6.3 1.6
v -5.1 6.3 1.4
v -5.1 7.2 2.8
v -5.1 7.2 2.2
v -5.1 7.3 2.8
v -5.1 7.3 2.2
v -4.9 2.9 -3.2
v -4.9 2.9 -4.3
v -4.9 6.5 -3.5
v -4.9 6.5 -3.9
v -4.9 6.6 -3.2
v -4.9 6.6 -3.5
v -4.9 7.2 -3.9
v -4.9 7.2 -4.3
v -4.8 2.5 0.8
v -4.8 2.5 -2.3
v -4.8 2.5 -2.4
v -4.8 2.5 -3
v -4.8 2.5 -3.2
v -4.8 2.5 -4.2
v -4.8 2.5 -4.3
v -4.8 2.5 -4.7
v -4.8 2.6 0.8
v -4.8 2.6 -4.7
v -4.8 2.9 0.8
v -4.8 2.9 -4.7
v -4.8 3.3 7
v -4.8 3.3 6.8
v -4.8 3.4 7
v -4.8 3.4 6.8
v -4.8 3.5 7
v -4.8 3.5 6.8
v -4.8 6.5 2.9
v -4.8 6.5 2.8
v -4.8 7.2 2.8
v -4.8 7.3 2.9
v -4.8 7.3 2.8
v -4.6 3 6.9
v -4.6 3 6.2
v -4.6 3.3 6.9
v -4.6 3.3 6.8
v -4.6 3.4 6.8
v -4.6 3.4 6.4
v -4.6 3.4 6.2
v -4.6 3.5 6.8
v -4.6 3.5 6.4
v -4.6 3.5 6.2
v -4.5 2.5 7
v -4.5 2.5 6.7
v -4.5 3 6.9
v -4.5 3 6.7
v -4.5 3.3 7
v -4.5 3.3 6.9
v -4.5 4.5 -6.3
v -4.5 4.5 -6.4
v -4.5 4.5 -7
v -4.5 4.6 -6.3
v -4.5 4.6 -6.4
v -4.5 4.8 -6.3
v -4.5 4.8 -6.4
v -4.5 5.2 -6.3
v -4.5 5.2 -7
v -4.5 5.3 -6.3
v -4.5 5.3 -7
v -4.4 3 3.7
v -4.4 3 3.5
v -4.4 3.1 3.6
v -4.4 3.1 3.5
v -4.4 3.2 3.6
v -4.4 3.2 3.5
v -4.4 3.3 3.7
v -4.4 3.3 3.6
v -4.4 3.4 3.6
v -4.4 3.4 3.5
v -4.4 6.6 2.8
v -4.4 6.6 2.5
v -4.4 7.1 2.5
v -4.4 7.1 2.1
v -4.4 7.2 2.8
v -4.4 7.2 2.2
v -4.4 7.3 2.2
v -4.4 7.3 2.1
v -4.3 3.2 4
v -4.3 3.2 3.7
v -4.3 3.3 3.8
v -4.3 3.3 3.7
v -4.3 3.3 3.6
v -4.3 3.4 4
v -4.3 3.4 3.8
v -4.3 3.4 3.6
v -4.3 3.4 3.5
v -4.3 3.5 4
v -4.3 3.5 3.5
v -4.3 6.9 1.8
v -4.3 6.9 1.6
v -4.3 7.3 1.8
v -4.3 7.3 1.6
v -4.2 2.5 2.9
v -4.2 2.5 2.8
v -4.2 2.5 2.5
v -4.2 2.5 2.4
v -4.2 2.5 1.6
v -4.2 2.6 2.7
v -4.2 2.6 2.5
v -4.2 2.7 2.8
v -4.2 2.7 2.7
v -4.2 3.4 4.2
v -4.2 3.4 4
v -4.2 3.5 4.2
v -4.2 3.5 4
v -4.2 6.5 2.9
v -4.2 6.5 2.8
v -4.2 6.6 2.8
v -4.2 6.6 2.5
v -4.2 6.9 1.8
v -4.2 6.9 1.6
v -4.2 7.1 2.5
v -4.2 7.1 2.1
v -4.2 7.3 2.1
v -4.2 7.3 1.8
v -4 3.3 3.9
v -4 3.3 3.7
v -4 3.3 3.6
v -4 3.4 3.9
v -4 3.4 3.6
v -4 3.4 3.5
v -4 3.5 3.6
v -4 3.5 3.5
v -4 4.4 -4.8
v -4 4.4 -5
v -4 4.5 -4.8
v -4 4.5 -5
v -3.9 2.1 7
v -3.9 2.1 6
v -3.9 2.1 5.9
v -3.9 2.1 5.8
v -3.9 2.1 5.5
v -3.9 2.2 6
v -3.9 2.2 5.9
v -3.9 2.4 5.5
v -3.9 2.5 7
v -3.9 2.5 6.7
v -3.9 2.5 5.5
v -3.9 2.5 4.8
v -3.9 2.5 4.5
v -3.9 2.5 4.4
v -3.9 2.5 3.5
v -3.9 2.6 4.8
v -3.9 2.6 4.5
v -3.9 3 6.7
v -3.9 3 6.2
v -3.9 3 3.7
v -3.9 3 3.5
v -3.9 3.3 4.4
v -3.9 3.3 4.3
v -3.9 3.3 3.9
v -3.9 3.3 3.7
v -3.9 3.4 6.2
v -3.9 3.4 4.6
v -3.9 3.4 4.4
v -3.9 3.4 4.3
v -3.9 3.4 4.2
v -3.9 3.4 3.9
v -3.9 3.5 6.2
v -3.9 3.5 4.6
v -3.9 3.5 4.4
v -3.9 3.5 4.2
v -3.8 4.3 -4.7
v -3.8 4.3 -4.8
v -3.8 4.4 -4.7
v -3.8 4.4 -4.8
v -3.8 4.5 -4.7
v -3.8 4.5 -4.8
v -3.6 4.4 -5
v -3.6 4.4 -5.3
v -3.6 4.5 -5
v -3.6 4.5 -5.3
v -3.5 2.2 4
v -3.5 2.2 -4.7
v -3.5 2.4 4
v -3.5 2.4 2.7
v -3.5 2.4 2.2
v -3.5 2.4 2
v -3.5 2.4 1.4
v -3.5 2.4 1.3
v -3.5 2.4 0.9
v -3.5 2.4 -1.4
v -3.5 2.4 -2
v -3.5 2.4 -2.1
v -3.5 2.4 -2.2
v -3.5 2.4 -2.3
v -3.5 2.4 -2.8
v -3.5 2.4 -3.8
v -3.5 2.4 -3.9
v -3.5 2.4 -4
v -3.5 2.4 -4.2
v -3.5 2.4 -4.7
v -3.5 2.5 4
v -3.5 2.5 2.7
v -3.5 2.5 2.2
v -3.5 2.5 2
v -3.5 2.5 1.4
v -3.5 2.5 1.3
v -3.5 2.5 0.9
v -3.5 2.5 -1.4
v -3.5 2.5 -2
v -3.5 2.5 -2.1
v -3.5 2.5 -2.2
v -3.5 2.5 -2.3
v -3.5 2.5 -2.8
v -3.5 2.5 -3.8
v -3.5 2.5 -3.9
v -3.5 2.5 -4
v -3.5 2.5 -4.2
v -3.5 2.5 -4.7
v -3.3 2.3 5.4
v -3.3 2.3 5
v -3.3 2.4 5.4
v -3.3 2.4 5
v -3.3 2.5 5.4
v -3.3 2.5 5
v -3.3 4 -4.7
v -3.3 4 -5
v -3.3 4.3 -4.7
v -3.3 4.3 -4.8
v -3.3 4.4 -4.8
v -3.3 4.4 -5
v -3.2 2.3 5.5
v -3.2 2.3 5.4
v -3.2 2.4 5.5
v -3.2 2.4 5.4
v -3.2 2.5 5.5
v -3.2 2.5 5.4
v -3 2.1 5.5
v -3 2.1 5.4
v -3 2.1 4
v -3 2.2 4
v -3 2.2 -4.7
v -3 2.2 -5.2
v -3 2.3 5.5
v -3 2.3 5.4
v -3 2.3 5
v -3 2.4 5
v -3 2.4 4
v -3 2.5 5
v -3 2.5 4
v -3 4 -4.7
v -3 4 -5
v -3 4.4 -5
v -3 4.4 -5.2
v -3 4.5 -5
v -3 4.5 -5.2
v -2.6 4.7 -5.2
v -2.6 4.7 -5.6
v -2.6 5.6 -5.2
v -2.6 5.6 -5.6
v -2.6 5.7 -5.2
v -2.6 5.7 -5.6
v -2.5 2.1 4
v -2.5 2.1 -1.4
v -2.5 2.2 4
v -2.5 2.2 -1.4
v -2 1.9 6.2
v -2 1.9 5.8
v -2 2 6.2
v -2 2 5.8
v -2 2.1 6.2
v -2 2.1 5.8
v -1.9 1.8 6.2
v -1.9 1.8 6.1
v -1.9 1.9 6.2
v -1.9 1.9 6.1
v -1.8 1.8 6.1
v -1.8 1.8 5.7
v -1.8 2 6.1
v -1.8 2 5.7
v -1.8 2.1 6.1
v -1.8 2.1 5.7
v -1.5 5.6 -5.3
v -1.5 5.6 -5.6
v -1.5 5.7 -5.3
v -1.5 5.7 -5.6
v -1.1 5.2 -5.2
v -1.1 5.2 -5.5
v -1.1 5.6 -5.2
v -1.1 5.6 -5.5
v -1.1 5.7 -5.2
v -1.1 5.7 -5.5
v -1 5.3 -5.5
v -1 5.3 -5.9
v -1 5.6 -5.5
v -1 5.6 -5.9
v -1 5.7 -5.5
v -1 5.7 -5.9
v -0.7 4.3 -5.2
v -0.7 4.3 -5.3
v -0.7 4.3 -5.4
v -0.7 4.3 -5.9
v -0.7 4.3 -6
v -0.7 4.3 -6.9
v -0.7 4.3 -7
v -0.7 4.5 -5.2
v -0.7 4.5 -5.3
v -0.7 4.5 -5.8
v -0.7 4.5 -5.9
v -0.7 4.6 -5.9
v -0.7 4.6 -6
v -0.7 4.7 -5.7
v -0.7 4.7 -5.8
v -0.7 4.9 -5.8
v -0.7 4.9 -5.9
v -0.7 5.1 -5.6
v -0.7 5.1 -5.7
v -0.7 5.1 -5.8
v -0.7 5.2 -5.2
v -0.7 5.2 -5.5
v -0.7 5.2 -5.6
v -0.7 5.3 -5.5
v -0.7 5.3 -5.7
v -0.7 5.3 -5.9
v -0.7 5.6 -5.9
v -0.7 5.6 -6
v -0.7 5.6 -6.3
v -0.7 5.6 -6.6
v -0.7 5.6 -7
v -0.7 5.7 -5.9
v -0.7 5.7 -6
v -0.7 5.7 -6.3
v -0.7 5.7 -6.6
v -0.7 5.7 -7
v 0 3.7 -4.9
v 0 3.7 -5.3
v 0 4.2 -4.9
v 0 4.2 -5.3
v 0 4.3 -4.9
v 0 4.3 -5.3
v 0.3 4.1 -5.3
v 0.3 4.1 -5.6
v 0.3 4.2 -5.3
v 0.3 4.2 -5.6
v 0.3 4.3 -5.3
v 0.3 4.3 -5.6
v 0.7 3.2 -4.9
v 0.7 3.2 -5.7
v 0.7 3.4 -4.9
v 0.7 3.4 -5
v 0.7 3.5 -4.9
v 0.7 3.5 -5
v 0.7 3.7 -4.9
v 0.7 3.7 -5.3
v 0.7 4.1 -5.3
v 0.7 4.1 -5.6
v 0.7 4.2 -5.6
v 0.7 4.2 -5.7
v 1.2 0.1 3.6
v 1.2 0.1 2.9
v 1.2 0.3 2.9
v 1.2 0.8 3.6
v 1.2 1.7 3.6
v 1.2 1.7 2.9
v 1.7 4 -3.8
v 1.7 4 -4.1
v 1.7 4.2 -3.8
v 1.7 4.2 -4.1
v 1.7 4.3 -3.8
v 1.7 4.3 -4.1
v 1.9 2.1 -1.4
v 1.9 2.1 -2.9
v 1.9 2.2 -1.4
v 1.9 2.2 -2.9
v 2.5 3.8 -3.8
v 2.5 3.8 -4
v 2.5 4 -3.8
v 2.5 4 -4
v 2.7 3.8 -4
v 2.7 3.8 -7
v 2.7 4.2 -4
v 2.7 4.2 -5.7
v 2.7 4.2 -5.9
v 2.7 4.2 -6.4
v 2.7 4.2 -6.5
v 2.7 4.2 -7
v 2.7 4.3 -4
v 2.7 4.3 -5.7
v 2.7 4.3 -5.9
v 2.7 4.3 -6.4
v 2.7 4.3 -6.5
v 2.7 4.3 -7
v 4 3.3 -3.8
v 4 3.3 -4
v 4 3.6 -4
v 4 3.6 -4.3
v 4 3.8 -3.8
v 4 3.8 -4.3
v 4.1 2.7 -4.5
v 4.1 2.7 -4.6
v 4.1 3.4 -4
v 4.1 3.4 -4.4
v 4.1 3.6 -4
v 4.1 3.6 -4.3
v 4.1 3.8 -4.3
v 4.1 3.8 -4.4
v 4.1 3.8 -4.5
v 4.1 3.8 -4.6
v 4.6 2.7 -3.8
v 4.6 2.7 -4.2
v 4.6 2.7 -4.4
v 4.6 2.7 -4.5
v 4.6 2.7 -4.6
v 4.6 2.7 -6.2
v 4.6 2.7 -6.4
v 4.6 2.7 -7
v 4.6 3.2 -6.1
v 4.6 3.2 -6.2
v 4.6 3.3 -3.8
v 4.6 3.3 -4
v 4.6 3.4 -4
v 4.6 3.4 -4.4
v 4.6 3.5 -6
v 4.6 3.5 -6.1
v 4.6 3.5 -6.2
v 4.6 3.8 -4.4
v 4.6 3.8 -4.5
v 4.6 3.8 -4.6
v 4.6 3.8 -6
v 4.6 3.8 -6.1
v 4.6 3.8 -7
v 5 2.1 -2.1
v 5 2.1 -2.6
v 5 2.7 -2.1
v 5 2.7 -2.6
v 5.2 2.2 -2.9
v 5.2 2.2 -3
v 5.2 2.7 -2.9
v 5.2 2.7 -3
v 5.6 2.3 -3.8
v 5.6 2.3 -4
v 5.6 2.6 -3.8
v 5.6 2.6 -4
v 5.6 2.7 -3.8
v 5.6 2.7 -4
v 5.8 2 -2.9
v 5.8 2 -3.1
v 5.8 2.1 -2.9
v 5.8 2.1 -3.1
v 5.8 2.2 -2.9
v 5.8 2.2 -3.1
v 5.8 2.4 -4
v 5.8 2.4 -4.3
v 5.8 2.6 -4
v 5.8 2.6 -4.3
v 5.8 2.7 -4
v 5.8 2.7 -4.3
v 6.4 2.1 0.2
v 6.4 2.1 0
v 6.4 2.3 0.2
v 6.4 2.3 0
v 6.5 2.1 0
v 6.5 2.1 -2.9
v 6.5 2.2 -2.9
v 6.5 2.5 0
v 6.5 2.5 -1.4
v 6.5 2.7 -1.4
v 6.5 2.7 -2.9
v 6.7 2.1 -3.8
v 6.7 2.1 -7
v 6.7 2.2 -3.8
v 6.7 2.4 -3.8
v 6.7 2.4 -4.3
v 6.7 2.6 -4.3
v 6.7 2.6 -4.5
v 6.7 2.6 -6.1
v 6.7 2.6 -6.5
v 6.7 2.6 -7
v 6.9 2.1 -2.9
v 6.9 2.1 -3.3
v 6.9 2.1 -3.4
v 6.9 2.1 -3.5
v 6.9 2.1 -3.8
v 6.9 2.2 -2.9
v 6.9 2.2 -3.3
v 6.9 2.2 -3.4
v 6.9 2.2 -3.8
v 6.9 2.6 -3.8
v 6.9 2.6 -6.1
v 6.9 2.6 -6.4
v 6.9 2.6 -7
v 6.9 2.7 -3.8
v 6.9 2.7 -6.1
v 6.9 2.7 -6.4
v 6.9 2.7 -7
v 7 0 7
v 7 0 -7
v 7 0.1 1.1
v 7 0.1 0
v 7 0.2 7
v 7 0.2 1.1
v 7 1.3 0
v 7 1.3 -7
v 7 1.9 0
v 7 1.9 -7
v 7 2 -3.3
v 7 2 -3.5
v 7 2.1 7
v 7 2.1 -3.3
v 7 2.1 -3.5
v 7 2.1 -7
v -7 0 7
v -7 1.3 7
v -7 5 7
v -6.8 4.4 7
v -6.8 5 7
v -6.7 3.9 7
v -6.7 4.4 7
v -6.6 3.4 7
v -6.6 3.9 7
v -6.3 3.4 7
v -6.3 3.5 7
v -5.7 3 7
v -5.7 3.1 7
v -5.6 3 7
v -5.6 3.1 7
v -5.6 3.3 7
v -5.5 3.3 7
v -5.5 3.4 7
v -5.4 3.1 7
v -5.4 3.2 7
v -5.3 3.2 7
v -5.3 3.3 7
v -5.3 3.4 7
v -5.3 3.5 7
v -5.2 3.3 7
v -5.2 3.4 7
v -5.2 3.5 7
v -4.8 3.3 7
v -4.8 3.4 7
v -4.8 3.5 7
v -4.5 2.5 7
v -4.5 3.3 7
v -3.9 2 7
v -3.9 2.1 7
v -3.9 2.5 7
v -3.4 1.4 7
v -3.4 2 7
v -2.8 1.7 7
v -2.8 2 7
v -2.8 2.1 7
v -2.7 1.7 7
v -2.7 2 7
v -2.7 2.1 7
v -2.6 1.7 7
v -2.6 2 7
v -2.6 2.1 7
v -1.4 1.4 7
v -1.4 1.7 7
v -1.4 1.8 7
v -0.5 1.7 7
v -0.5 1.8 7
v -0.4 1.5 7
v -0.4 1.7 7
v -0.2 1.3 7
v -0.2 1.5 7
v -0.2 1.7 7
v -0.2 1.8 7
v 1.2 0.2 7
v 1.2 1.7 7
v 7 0 7
v 7 0.2 7
v 7 2.1 7
v -6.7 3.9 6.8
v -6.7 4.2 6.8
v -6.6 3.9 6.8
v -6.6 4.2 6.8
v -4.8 3.3 6.8
v -4.8 3.4 6.8
v -4.8 3.5 6.8
v -4.6 3.3 6.8
v -4.6 3.4 6.8
v -4.6 3.5 6.8
v -4.5 2.5 6.7
v -4.5 3 6.7
v -3.9 2.5 6.7
v -3.9 3 6.7
v -6.6 3.4 6.6
v -6.6 4.2 6.6
v -6.4 4.2 6.6
v -6.4 4.4 6.6
v -6.3 3.4 6.6
v -6.3 3.5 6.6
v -6.3 4.4 6.6
v -6.7 4.2 6.5
v -6.7 4.4 6.5
v -6.4 4.2 6.5
v -6.4 4.4 6.5
v -6.8 4.4 6.4
v -6.8 5 6.4
v -6.3 4.4 6.4
v -6.3 5 6.4
v -4.6 3 6.2
v -4.6 3.4 6.2
v -4.6 3.5 6.2
v -3.9 3 6.2
v -3.9 3.4 6.2
v -3.9 3.5 6.2
v -1.9 1.8 6.1
v -1.9 1.9 6.1
v -1.9 2 6.1
v -1.9 2.1 6.1
v -1.8 1.8 6.1
v -1.8 2 6.1
v -1.8 2.1 6.1
v -1.7 1.8 6.1
v -1.7 2 6.1
v -1.7 2.1 6.1
v -1.6 1.8 6.1
v -1.6 2 6.1
v -1.6 2.1 6.1
v -2 1.9 5.8
v -2 2 5.8
v -2 2.1 5.8
v -1.9 1.9 5.8
v -1.9 2 5.8
v -1.9 2.1 5.8
v -1.8 1.8 5.7
v -1.8 2 5.7
v -1.8 2.1 5.7
v -1.7 1.8 5.7
v -1.7 2 5.7
v -1.7 2.1 5.7
v -3.9 2.1 5.5
v -3.9 2.4 5.5
v -3.9 2.5 5.5
v -3.8 2.1 5.5
v -3.6 2.1 5.5
v -3.6 2.2 5.5
v -3.4 2.1 5.5
v -3.4 2.2 5.5
v -3.4 2.3 5.5
v -3.3 2.1 5.5
v -3.3 2.2 5.5
v -3.3 2.3 5.5
v -3.2 2.3 5.5
v -3.2 2.4 5.5
v -3.2 2.5 5.5
v -3.1 2.2 5.5
v -3.1 2.3 5.5
v -3 2.1 5.5
v -3 2.3 5.5
v -3.3 2.3 5
v -3.3 2.4 5
v -3.3 2.5 5
v -3 2.3 5
v -3 2.4 5
v -3 2.5 5
v -3 2.1 4
v -3 2.2 4
v -2.5 2.1 4
v -2.5 2.2 4
v -4.1 3.4 3.6
v -4.1 3.5 3.6
v -4 3.4 3.6
v -4 3.5 3.6
v -7 5 3.5
v -7 6.2 3.5
v -7 6.3 3.5
v -6.3 3.5 3.5
v -6.3 5 3.5
v -6.1 3.5 3.5
v -6.1 3.6 3.5
v -6 3.5 3.5
v -5.9 3.5 3.5
v -5.9 3.6 3.5
v -5.9 3.7 3.5
v -5.8 3.5 3.5
v -5.8 3.6 3.5
v -5.8 3.7 3.5
v -5.8 3.8 3.5
v -5.7 3.6 3.5
v -5.7 3.7 3.5
v -5.6 3.7 3.5
v -5.6 3.8 3.5
v -5.5 5.7 3.5
v -5.5 6.2 3.5
v -5.5 6.3 3.5
v -5.2 5.2 3.5
v -5.2 5.7 3.5
v -5.2 5.9 3.5
v -5.2 6.3 3.5
v -5.1 3.5 3.5
v -5.1 5.2 3.5
v -5.1 5.9 3.5
v -5.1 6.3 3.5
v -5.5 5.7 3.4
v -5.5 6.2 3.4
v -5.2 5.7 3.4
v -5.2 5.9 3.4
v -5.2 6.2 3.4
v -5.1 2.2 3.3
v -5.1 2.4 3.3
v -5.1 2.5 3.3
v -4.2 2.2 3.3
v -4.2 2.4 3.3
v -4.2 2.5 3.3
v -5.4 5.7 3.2
v -5.4 5.8 3.2
v -5.2 5.7 3.2
v -5.2 5.8 3.2
v -5.2 5.2 3.1
v -5.2 5.8 3.1
v -5.1 5.2 3.1
v -5.1 5.8 3.1
v -6.1 6.2 3
v -6.1 6.3 3
v -5.5 5.8 3
v -5.5 6.2 3
v -5.1 5.8 3
v -5.1 6.2 3
v -5.1 6.3 3
v -6.3 6.3 2.9
v -6.3 7.3 2.9
v -5.1 2.5 2.9
v -5.1 6.2 2.9
v -5.1 6.3 2.9
v -4.9 2.5 2.9
v -4.9 2.6 2.9
v -4.8 2.5 2.9
v -4.8 6.5 2.9
v -4.8 7.3 2.9
v -4.7 2.5 2.9
v -4.7 2.6 2.9
v -4.6 2.5 2.9
v -4.5 2.5 2.9
v -4.4 2.5 2.9
v -4.2 2.5 2.9
v -4.2 6.5 2.9
v 1.2 0.1 2.9
v 1.2 0.3 2.9
v 1.2 1.7 2.9
v 1.3 0.4 2.9
v 1.3 0.7 2.9
v 1.3 1.7 2.9
v 1.4 0.1 2.9
v 1.4 0.3 2.9
v 1.4 0.4 2.9
v -4.8 6.5 2.8
v -4.8 7.2 2.8
v -4.4 6.6 2.8
v -4.4 7.2 2.8
v -4.2 6.5 2.8
v -4.2 6.6 2.8
v -4.4 6.6 2.5
v -4.4 7.1 2.5
v -4.2 6.6 2.5
v -4.2 7.1 2.5
v -5.1 7.2 2.2
v -5.1 7.3 2.2
v -4.4 7.2 2.2
v -4.4 7.3 2.2
v -4.4 7.1 2.1
v -4.4 7.3 2.1
v -4.2 7.1 2.1
v -4.2 7.3 2.1
v -7 1.9 0.8
v -7 2.6 0.8
v -6.9 1.9 0.8
v -6.9 2.6 0.8
v -6.8 1.9 0.8
v -6.8 2.6 0.8
v -5.2 2.5 0.8
v -5.2 2.6 0.8
v -5.2 2.9 0.8
v -4.8 2.5 0.8
v -4.8 2.6 0.8
v -4.8 2.9 0.8
v 5.9 2.1 0.2
v 5.9 2.3 0.2
v 6.4 2.1 0.2
v 6.4 2.3 0.2
v -5.5 3.9 0.0999999
v -5.5 4.1 0.0999999
v -5.4 3.9 0.0999999
v -5.4 4.1 0.0999999
v -6.5 4.1 0
v -6.5 5 0
v -6.5 5.1 0
v -6.3 5 0
v -6.3 5.1 0
v -6.2 5 0
v -6.2 5.1 0
v -5.5 4.1 0
v -5.5 5 0
v -5.5 5.1 0
v 6.1 2.3 0
v 6.1 2.5 0
v 6.4 2.1 0
v 6.4 2.3 0
v 6.5 2.1 0
v 6.5 2.5 0
v -5.6 4.3 -0.2
v -5.6 5 -0.2
v -5.6 5.1 -0.2
v -5.5 4.3 -0.2
v -5.5 5 -0.2
v -5.5 5.1 -0.2
v -5.4 3.6 -0.3
v -5.4 4.1 -0.3
v -5.2 3.6 -0.3
v -5.2 4.1 -0.3
v -7 2.6 -0.9
v -7 5 -0.9
v -7 5.1 -0.9
v -6.9 2.6 -0.9
v -6.5 2.6 -0.9
v -6.5 5 -0.9
v -6.5 5.1 -0.9
v -5.8 4.7 -1
v -5.8 5 -1
v -5.8 5.1 -1
v -5.7 5 -1
v -5.7 5.1 -1
v -5.5 4.7 -1
v -5.5 5 -1
v -5.5 5.1 -1
v -2.5 2.1 -1.4
v -2.5 2.2 -1.4
v 1.9 2.1 -1.4
v 1.9 2.2 -1.4
v 5.1 2.1 -1.4
v 5.1 2.7 -1.4
v 5.9 2.1 -1.4
v 5.9 2.3 -1.4
v 6.1 2.3 -1.4
v 6.1 2.5 -1.4
v 6.5 2.5 -1.4
v 6.5 2.7 -1.4
v 5 2.1 -1.6
v 5 2.7 -1.6
v 5.1 2.1 -1.6
v 5.1 2.7 -1.6
v -6.1 4.6 -1.9
v -6.1 5 -1.9
v -6.1 5.1 -1.9
v -5.7 4.6 -1.9
v -5.7 5 -1.9
v -5.7 5.1 -1.9
v 4.5 2.1 -2.1
v 4.5 2.7 -2.1
v 5 2.1 -2.1
v 5 2.7 -2.1
v -5.7 4.2 -2.3
v -5.7 4.9 -2.3
v -5.7 5 -2.3
v -5.7 5.1 -2.3
v -5.5 4.2 -2.3
v -5.5 5 -2.3
v -5.5 5.1 -2.3
v -6 4.9 -2.4
v -6 5 -2.4
v -6 5.1 -2.4
v -5.7 4.9 -2.4
v -5.7 5 -2.4
v -5.7 5.1 -2.4
v 5 2.1 -2.6
v 5 2.7 -2.6
v 5.3 2.1 -2.6
v 5.3 2.7 -2.6
v -7 5.1 -2.7
v -7 6.1 -2.7
v -7 6.2 -2.7
v -6.3 5.1 -2.7
v -6.2 5.1 -2.7
v -6 6.1 -2.7
v -6 6.2 -2.7
v -5.9 6.1 -2.7
v -5.9 6.2 -2.7
v -5.7 5.9 -2.7
v -5.7 6.1 -2.7
v -5.7 6.2 -2.7
v -5.5 2.9 -2.7
v -5.5 5 -2.7
v -5.5 5.1 -2.7
v -5.5 5.5 -2.7
v -5.5 5.9 -2.7
v -5.3 5.5 -2.7
v -5.3 5.9 -2.7
v -5.2 5.9 -2.7
v -5.2 6.2 -2.7
v -5.1 2.9 -2.7
v -5.1 6.2 -2.7
v -5.5 5.5 -2.8
v -5.5 5.9 -2.8
v -5.3 5.5 -2.8
v -5.3 5.9 -2.8
v 1.9 2.1 -2.9
v 1.9 2.2 -2.9
v 4.5 2.1 -2.9
v 4.5 2.2 -2.9
v 6.5 2.1 -2.9
v 6.5 2.2 -2.9
v 6.9 2.1 -2.9
v 6.9 2.2 -2.9
v -5.7 5.9 -3
v -5.7 6.1 -3
v -5.7 6.2 -3
v -5.2 5.7 -3
v -5.2 5.9 -3
v -5.1 5.7 -3
v -5.1 6.1 -3
v -5.1 6.2 -3
v 5.8 2 -3.1
v 5.8 2.1 -3.1
v 5.8 2.2 -3.1
v 5.9 2.1 -3.1
v 5.9 2.2 -3.1
v 6.5 2 -3.1
v 6.5 2.1 -3.1
v 6.5 2.2 -3.1
v -6.7 6.2 -3.2
v -6.7 6.3 -3.2
v -6.7 6.5 -3.2
v -6.7 7.2 -3.2
v -6.6 6.2 -3.2
v -6.6 6.3 -3.2
v -6.6 6.5 -3.2
v -6.5 6.2 -3.2
v -6.3 6.2 -3.2
v -5.9 6.7 -3.2
v -5.9 7.1 -3.2
v -5.6 6.6 -3.2
v -5.6 6.7 -3.2
v -5.6 7.1 -3.2
v -5.6 7.2 -3.2
v -5.1 2.9 -3.2
v -5.1 6.1 -3.2
v -5.1 6.2 -3.2
v -4.9 2.9 -3.2
v -4.9 6.6 -3.2
v -5.9 6.7 -3.4
v -5.9 7.1 -3.4
v -5.6 6.7 -3.4
v -5.6 7.1 -3.4
v -5.6 6.6 -3.7
v -5.6 7.2 -3.7
v -5.5 6.6 -3.7
v -5.5 7.2 -3.7
v 1.4 2.2 -3.8
v 1.4 4.2 -3.8
v 1.4 4.3 -3.8
v 1.7 4 -3.8
v 1.7 4.2 -3.8
v 1.7 4.3 -3.8
v 2.5 3.8 -3.8
v 2.5 4 -3.8
v 4 3.3 -3.8
v 4 3.8 -3.8
v 4.6 2.6 -3.8
v 4.6 2.7 -3.8
v 4.6 3.3 -3.8
v 4.7 2.2 -3.8
v 5 2.6 -3.8
v 5 2.7 -3.8
v 5.2 2.6 -3.8
v 5.2 2.7 -3.8
v 5.6 2.2 -3.8
v 5.6 2.3 -3.8
v 5.6 2.6 -3.8
v 5.6 2.7 -3.8
v 5.7 2.2 -3.8
v 5.9 2.3 -3.8
v 5.9 2.4 -3.8
v 6.3 2.2 -3.8
v 6.5 2.2 -3.8
v 6.7 2.2 -3.8
v 6.7 2.4 -3.8
v 6.7 2.6 -3.8
v 6.7 2.7 -3.8
v 6.9 2.6 -3.8
v 6.9 2.7 -3.8
v -5.5 6.5 -3.9
v -5.5 7.2 -3.9
v -4.9 6.5 -3.9
v -4.9 7.2 -3.9
v 2.5 3.8 -4
v 2.5 4 -4
v 2.6 4 -4
v 2.6 4.2 -4
v 2.6 4.3 -4
v 2.7 3.8 -4
v 2.7 4.2 -4
v 2.7 4.3 -4
v 4 3.3 -4
v 4 3.6 -4
v 4.1 3.4 -4
v 4.1 3.6 -4
v 4.6 3.3 -4
v 4.6 3.4 -4
v 5.6 2.3 -4
v 5.6 2.6 -4
v 5.6 2.7 -4
v 5.8 2.4 -4
v 5.8 2.6 -4
v 5.8 2.7 -4
v 5.9 2.3 -4
v 5.9 2.4 -4
v 1.7 4 -4.1
v 1.7 4.2 -4.1
v 1.7 4.3 -4.1
v 2 4 -4.1
v 2.1 4 -4.1
v 2.3 4.2 -4.1
v 2.3 4.3 -4.1
v 2.6 4 -4.1
v 2.6 4.2 -4.1
v 2.6 4.3 -4.1
v 4 3.6 -4.3
v 4 3.8 -4.3
v 4.1 3.6 -4.3
v 4.1 3.8 -4.3
v 5.8 2.4 -4.3
v 5.8 2.6 -4.3
v 5.8 2.7 -4.3
v 6.7 2.4 -4.3
v 6.7 2.6 -4.3
v 6.7 2.7 -4.3
v 4.1 3.4 -4.4
v 4.1 3.8 -4.4
v 4.6 3.4 -4.4
v 4.6 3.8 -4.4
v 4.1 2.7 -4.6
v 4.1 3.8 -4.6
v 4.6 2.7 -4.6
v 4.6 3.8 -4.6
v -5.1 2.9 -4.7
v -5.1 4.4 -4.7
v -4.8 2.5 -4.7
v -4.8 2.6 -4.7
v -4.8 2.9 -4.7
v -4.2 4.4 -4.7
v -4.2 4.5 -4.7
v -4 4.4 -4.7
v -4 4.5 -4.7
v -3.9 4.4 -4.7
v -3.9 4.5 -4.7
v -3.8 4.3 -4.7
v -3.8 4.4 -4.7
v -3.8 4.5 -4.7
v -3.5 2.2 -4.7
v -3.5 2.4 -4.7
v -3.5 2.5 -4.7
v -3.3 4 -4.7
v -3.3 4.3 -4.7
v -3 2.2 -4.7
v -3 4 -4.7
v -3.8 4.3 -4.8
v -3.8 4.4 -4.8
v -3.3 4.3 -4.8
v -3.3 4.4 -4.8
v -0.7 2.2 -4.9
v -0.7 4.2 -4.9
v -0.7 4.3 -4.9
v 0 3.7 -4.9
v 0 4.2 -4.9
v 0 4.3 -4.9
v 0.2 2.8 -4.9
v 0.2 2.9 -4.9
v 0.3 2.8 -4.9
v 0.3 2.9 -4.9
v 0.3 3.1 -4.9
v 0.4 2.9 -4.9
v 0.4 3.1 -4.9
v 0.4 3.2 -4.9
v 0.5 3.1 -4.9
v 0.5 3.2 -4.9
v 0.5 3.4 -4.9
v 0.6 3.2 -4.9
v 0.6 3.4 -4.9
v 0.6 3.5 -4.9
v 0.7 3.2 -4.9
v 0.7 3.4 -4.9
v 0.7 3.5 -4.9
v 0.7 3.7 -4.9
v 1 3.2 -4.9
v 1 3.7 -4.9
v 1.1 3.7 -4.9
v 1.1 4.1 -4.9
v 1.2 4.1 -4.9
v 1.2 4.2 -4.9
v 1.2 4.3 -4.9
v 1.4 2.2 -4.9
v 1.4 4.2 -4.9
v 1.4 4.3 -4.9
v -4 4.4 -5
v -4 4.5 -5
v -3.6 4.4 -5
v -3.6 4.5 -5
v -3.3 4 -5
v -3.3 4.4 -5
v -3.3 4.5 -5
v -3.1 4.4 -5
v -3.1 4.5 -5
v -3 4 -5
v -3 4.4 -5
v -3 4.5 -5
v -5.2 4.4 -5.1
v -5.2 4.5 -5.1
v -4.2 4.4 -5.1
v -4.2 4.5 -5.1
v -3 2.2 -5.2
v -3 4.4 -5.2
v -3 4.5 -5.2
v -3 5.6 -5.2
v -3 5.7 -5.2
v -2.6 4.7 -5.2
v -2.6 5.6 -5.2
v -2.6 5.7 -5.2
v -1.6 4.7 -5.2
v -1.6 5.6 -5.2
v -1.6 5.7 -5.2
v -1.1 5.2 -5.2
v -1.1 5.6 -5.2
v -1.1 5.7 -5.2
v -0.8 4 -5.2
v -0.8 4.5 -5.2
v -0.7 2.2 -5.2
v -0.7 4 -5.2
v -0.7 4.2 -5.2
v -0.7 4.3 -5.2
v -0.7 4.5 -5.2
v -0.7 5.2 -5.2
v -3.6 4.4 -5.3
v -3.6 4.5 -5.3
v -3.3 4.4 -5.3
v -3.3 4.5 -5.3
v 0 3.7 -5.3
v 0 4.2 -5.3
v 0 4.3 -5.3
v 0.3 4.1 -5.3
v 0.3 4.2 -5.3
v 0.3 4.3 -5.3
v 0.7 3.7 -5.3
v 0.7 4.1 -5.3
v 1 3.7 -5.3
v 1 4.1 -5.3
v 1.1 3.7 -5.3
v 1.1 4.1 -5.3
v -1.1 5.2 -5.5
v -1.1 5.6 -5.5
v -1.1 5.7 -5.5
v -1 5.3 -5.5
v -1 5.6 -5.5
v -1 5.7 -5.5
v -0.8 5.2 -5.5
v -0.8 5.3 -5.5
v -0.7 5.2 -5.5
v -0.7 5.3 -5.5
v -2.6 4.7 -5.6
v -2.6 5.6 -5.6
v -2.6 5.7 -5.6
v -2.4 5.6 -5.6
v -2.4 5.7 -5.6
v -2.3 5.6 -5.6
v -2.3 5.7 -5.6
v -1.6 4.7 -5.6
v -1.6 5.6 -5.6
v -1.6 5.7 -5.6
v -1.5 5.6 -5.6
v -1.5 5.7 -5.6
v -1.4 5.6 -5.6
v -1.4 5.7 -5.6
v -1.3 5.6 -5.6
v -1.3 5.7 -5.6
v 0.3 4.1 -5.6
v 0.3 4.2 -5.6
v 0.3 4.3 -5.6
v 0.7 4.1 -5.6
v 0.7 4.2 -5.6
v 0.7 4.3 -5.6
v 1 4.1 -5.6
v 1 4.2 -5.6
v 1.1 4.1 -5.6
v 1.1 4.2 -5.6
v 1.2 4.1 -5.6
v 1.2 4.2 -5.6
v 1.2 4.3 -5.6
v 0.7 3.2 -5.7
v 0.7 4.2 -5.7
v 1 3.2 -5.7
v 1 4.1 -5.7
v 1 4.2 -5.7
v -1 5.3 -5.9
v -1 5.6 -5.9
v -1 5.7 -5.9
v -0.8 5.6 -5.9
v -0.8 5.7 -5.9
v -0.7 5.3 -5.9
v -0.7 5.6 -5.9
v -0.7 5.7 -5.9
v -6.7 4.5 -6
v -6.7 5.2 -6
v -6.7 5.3 -6
v -6.4 5.2 -6
v -6.4 5.3 -6
v -6.3 4.5 -6
v -6.3 5.2 -6
v -6.3 5.3 -6
v -5.9 4.5 -6
v -5.9 4.6 -6
v -5.8 4.5 -6
v -5.8 4.6 -6
v -5.8 5.2 -6
v -5.8 5.3 -6
v -5.8 4.5 -6.3
v -5.8 5.2 -6.3
v -5.8 5.3 -6.3
v -5.5 5.2 -6.3
v -5.5 5.3 -6.3
v -5.3 4.5 -6.3
v -5.1 4.5 -6.3
v -5.1 4.6 -6.3
v -5 4.5 -6.3
v -4.9 4.5 -6.3
v -4.9 4.6 -6.3
v -4.9 4.7 -6.3
v -4.8 4.6 -6.3
v -4.8 4.7 -6.3
v -4.8 4.8 -6.3
v -4.7 4.6 -6.3
v -4.7 4.7 -6.3
v -4.7 4.8 -6.3
v -4.7 4.9 -6.3
v -4.6 4.8 -6.3
v -4.6 4.9 -6.3
v -4.5 4.5 -6.3
v -4.5 4.6 -6.3
v -4.5 4.8 -6.3
v -4.5 5.2 -6.3
v -4.5 5.3 -6.3
v -4.6 3 6.9
v -4.6 3.3 6.9
v -4.5 3 6.9
v -4.5 3.3 6.9
v -2 1.9 6.2
v -2 2 6.2
v -2 2.1 6.2
v -1.9 1.8 6.2
v -1.9 1.9 6.2
v -1.6 1.8 6.2
v -1.6 2.1 6.2
v -3.3 2.3 5.4
v -3.3 2.4 5.4
v -3.3 2.5 5.4
v -3.2 2.3 5.4
v -3.2 2.4 5.4
v -3.2 2.5 5.4
v -4.2 3.4 4.2
v -4.2 3.5 4.2
v -3.9 3.4 4.2
v -3.9 3.5 4.2
v -4.3 3.2 4
v -4.3 3.4 4
v -4.3 3.5 4
v -4.2 3.4 4
v -4.2 3.5 4
v -4.1 3.2 4
v -4.1 3.4 4
v -3.5 2.2 4
v -3.5 2.4 4
v -3.5 2.5 4
v -3.4 2.4 4
v -3.4 2.5 4
v -3 2.2 4
v -3 2.4 4
v -3 2.5 4
v -4 3.3 3.9
v -4 3.4 3.9
v -3.9 3.3 3.9
v -3.9 3.4 3.9
v -4.4 3 3.7
v -4.4 3.3 3.7
v -4.3 3.2 3.7
v -4.3 3.3 3.7
v -4.1 3.2 3.7
v -4.1 3.3 3.7
v -4 3.3 3.7
v -3.9 3 3.7
v -3.9 3.3 3.7
v -4.4 3.3 3.6
v -4.4 3.4 3.6
v -4.3 3.3 3.6
v -4.3 3.4 3.6
v -4.1 3.3 3.6
v -4.1 3.4 3.6
v -4 3.3 3.6
v -4 3.4 3.6
v 1.2 0.1 3.6
v 1.2 0.8 3.6
v 1.2 1.7 3.6
v 1.3 0.4 3.6
v 1.3 0.7 3.6
v 1.3 0.8 3.6
v 1.3 1.7 3.6
v 1.4 0.1 3.6
v 1.4 0.4 3.6
v -5.1 2.2 3.5
v -5.1 3.4 3.5
v -5.1 3.5 3.5
v -4.5 3.1 3.5
v -4.5 3.2 3.5
v -4.4 3 3.5
v -4.4 3.1 3.5
v -4.4 3.2 3.5
v -4.4 3.4 3.5
v -4.4 3.5 3.5
v -4.3 3.4 3.5
v -4.3 3.5 3.5
v -4.2 2.2 3.5
v -4.2 2.4 3.5
v -4.2 2.5 3.5
v -4.1 3.4 3.5
v -4.1 3.5 3.5
v -4 3.4 3.5
v -4 3.5 3.5
v -3.9 2.5 3.5
v -3.9 3 3.5
v -6.1 6.2 3.4
v -6.1 6.3 3.4
v -5.5 6.2 3.4
v -5.5 6.3 3.4
v -5.2 6.2 3.4
v -5.2 6.3 3.4
v -5.1 6.2 3.4
v -5.1 6.3 3.4
v -5.4 5.7 3.3
v -5.4 6.2 3.3
v -5.2 5.7 3.3
v -5.2 5.9 3.3
v -5.2 6.2 3.3
v -5.5 5.8 3.2
v -5.5 6.2 3.2
v -5.4 5.8 3.2
v -5.4 6.2 3.2
v -5.2 5.9 3.2
v -5.2 6.2 3.2
v -5.1 5.9 3.2
v -5.1 6.2 3.2
v -5.1 7.2 2.8
v -5.1 7.3 2.8
v -4.8 7.2 2.8
v -4.8 7.3 2.8
v -4.3 6.9 1.8
v -4.3 7.3 1.8
v -4.2 6.9 1.8
v -4.2 7.3 1.8
v -6.3 6.3 1.6
v -6.3 7.3 1.6
v -5.1 2.5 1.6
v -5.1 6.2 1.6
v -5.1 6.3 1.6
v -4.3 6.9 1.6
v -4.3 7.3 1.6
v -4.2 2.5 1.6
v -4.2 6.9 1.6
v -5.9 6 1.5
v -5.9 6.2 1.5
v -5.9 6.3 1.5
v -5.5 6 1.5
v -5.5 6.2 1.5
v -5.5 6.3 1.5
v -5.7 5.9 1.4
v -5.7 6 1.4
v -5.5 6 1.4
v -5.5 6.2 1.4
v -5.5 6.3 1.4
v -5.2 5.8 1.4
v -5.2 5.9 1.4
v -5.1 5.8 1.4
v -5.1 6.2 1.4
v -5.1 6.3 1.4
v -7 1.9 1.2
v -7 6.2 1.2
v -7 6.3 1.2
v -6.9 1.9 1.2
v -6.8 1.9 1.2
v -6.8 4.1 1.2
v -6.6 6.2 1.2
v -6.6 6.3 1.2
v -6.4 6.2 1.2
v -6.4 6.3 1.2
v -5.9 6 1.2
v -5.9 6.2 1.2
v -5.9 6.3 1.2
v -5.7 5.9 1.2
v -5.7 6 1.2
v -5.2 2.5 1.2
v -5.2 4.1 1.2
v -5.2 5.8 1.2
v -5.2 5.9 1.2
v -5.1 2.5 1.2
v -5.1 5.8 1.2
v -5.4 3.6 0.6
v -5.4 4.1 0.6
v -5.3 3.6 0.6
v -5.3 4.1 0.6
v -5.5 3.9 0.5
v -5.5 4.1 0.5
v -5.4 3.9 0.5
v -5.4 4.1 0.5
v -5.3 3.9 0.5
v -5.3 4.1 0.5
v -5.2 3.9 0.5
v -5.2 4.1 0.5
v -5.3 3.6 0.0999999
v -5.3 3.9 0.0999999
v -5.2 3.6 0.0999999
v -5.2 3.9 0.0999999
v -5.6 4.3 -0.1
v -5.6 5 -0.1
v -5.6 5.1 -0.1
v -5.5 4.3 -0.1
v -5.5 5 -0.1
v -5.5 5.1 -0.1
v -5.8 4.7 -0.3
v -5.8 5 -0.3
v -5.8 5.1 -0.3
v -5.5 4.7 -0.3
v -5.5 5 -0.3
v -5.5 5.1 -0.3
v -6.8 2.6 -0.5
v -6.8 4.1 -0.5
v -6.5 2.6 -0.5
v -6.5 4.1 -0.5
v -5.5 2.9 -0.5
v -5.5 4.1 -0.5
v -5.2 2.9 -0.5
v -5.2 4.1 -0.5
v -6.1 4.6 -1.4
v -6.1 5 -1.4
v -6.1 5.1 -1.4
v -5.7 4.6 -1.4
v -5.7 5 -1.4
v -5.7 5.1 -1.4
v -5.7 4.2 -1.7
v -5.7 4.6 -1.7
v -5.7 5 -1.7
v -5.7 5.1 -1.7
v -5.5 4.2 -1.7
v -5.5 5 -1.7
v -5.5 5.1 -1.7
v 5 2.1 -1.7
v 5 2.7 -1.7
v 5.3 2.1 -1.7
v 5.3 2.7 -1.7
v -6 4.9 -2.2
v -6 5 -2.2
v -6 5.1 -2.2
v -5.7 4.9 -2.2
v -5.7 5 -2.2
v -5.7 5.1 -2.2
v -5.2 5.7 -2.8
v -5.2 5.9 -2.8
v -5.2 6.2 -2.8
v -5.1 5.7 -2.8
v -5.1 6.2 -2.8
v 4.5 2.2 -2.9
v 4.5 2.7 -2.9
v 4.7 2.2 -2.9
v 4.7 2.7 -2.9
v 5.2 2.2 -2.9
v 5.2 2.7 -2.9
v 5.7 2.2 -2.9
v 5.8 2 -2.9
v 5.8 2.1 -2.9
v 5.8 2.2 -2.9
v 6 2.6 -2.9
v 6 2.7 -2.9
v 6.1 2.6 -2.9
v 6.1 2.7 -2.9
v 6.5 2 -2.9
v 6.5 2.1 -2.9
v 6.5 2.2 -2.9
v 6.5 2.7 -2.9
v 4.7 2.2 -3
v 4.7 2.7 -3
v 5.2 2.2 -3
v 5.2 2.7 -3
v -5.5 6.5 -3.5
v -5.5 6.6 -3.5
v -4.9 6.5 -3.5
v -4.9 6.6 -3.5
v 6.7 2.1 -3.8
v 6.7 2.2 -3.8
v 6.9 2.1 -3.8
v 6.9 2.2 -3.8
v -6.7 6.2 -4.3
v -6.7 7.2 -4.3
v -5.1 2.9 -4.3
v -5.1 6.1 -4.3
v -5.1 6.2 -4.3
v -4.9 2.9 -4.3
v -4.9 7.2 -4.3
v 4.1 2.7 -4.5
v 4.1 3.8 -4.5
v 4.6 2.7 -4.5
v 4.6 3.8 -4.5
v -5.2 4.4 -4.6
v -5.2 4.6 -4.6
v -5.1 4.4 -4.6
v -5.1 4.6 -4.6
v -7 5.3 -4.7
v -7 6.1 -4.7
v -7 6.2 -4.7
v -6.7 4.5 -4.7
v -6.7 5.2 -4.7
v -6.7 5.3 -4.7
v -5.2 4.5 -4.7
v -5.2 4.6 -4.7
v -5.1 4.6 -4.7
v -5.1 6.1 -4.7
v -5.1 6.2 -4.7
v -4 4.4 -4.8
v -4 4.5 -4.8
v -3.9 4.4 -4.8
v -3.9 4.5 -4.8
v -3.8 4.4 -4.8
v -3.8 4.5 -4.8
v -1.5 5.6 -5.3
v -1.5 5.7 -5.3
v -1.3 5.6 -5.3
v -1.3 5.7 -5.3
v -7 0 -7
v -7 1.3 -7
v -7 5.2 -7
v -7 5.3 -7
v -5.6 5.2 -7
v -5.6 5.3 -7
v -5.5 5.2 -7
v -5.5 5.3 -7
v -5.4 5.2 -7
v -5.4 5.3 -7
v -5 5.2 -7
v -5 5.3 -7
v -4.5 4.4 -7
v -4.5 4.5 -7
v -4.5 5.2 -7
v -4.5 5.3 -7
v -3.2 4.4 -7
v -3.2 4.5 -7
v -3 4.4 -7
v -3 4.5 -7
v -3 5.6 -7
v -3 5.7 -7
v -1.9 5.5 -7
v -1.9 5.6 -7
v -1.9 5.7 -7
v -1.8 5.3 -7
v -1.8 5.5 -7
v -1.8 5.6 -7
v -1.8 5.7 -7
v -1.7 5.1 -7
v -1.7 5.3 -7
v -1.7 5.5 -7
v -1.7 5.6 -7
v -1.7 5.7 -7
v -1.6 4.8 -7
v -1.6 5.1 -7
v -1.6 5.3 -7
v -1.5 4.6 -7
v -1.5 4.8 -7
v -1.5 5.1 -7
v -1.5 5.2 -7
v -1.5 5.6 -7
v -1.5 5.7 -7
v -1.4 4.4 -7
v -1.4 4.6 -7
v -1.4 4.8 -7
v -1.4 5 -7
v -1.4 5.2 -7
v -1.4 5.6 -7
v -1.3 4.2 -7
v -1.3 4.4 -7
v -1.3 4.6 -7
v -1.3 5 -7
v -1.3 5.2 -7
v -1.2 4.2 -7
v -1.2 4.4 -7
v -0.7 4.2 -7
v -0.7 4.3 -7
v -0.7 5.6 -7
v -0.7 5.7 -7
v -0.6 4.2 -7
v -0.6 4.3 -7
v 0.2 4.2 -7
v 0.2 4.3 -7
v 0.4 4.2 -7
v 0.4 4.3 -7
v 1.9 4.2 -7
v 1.9 4.3 -7
v 2 4.2 -7
v 2 4.3 -7
v 2.2 4.2 -7
v 2.2 4.3 -7
v 2.3 4.2 -7
v 2.3 4.3 -7
v 2.7 3.8 -7
v 2.7 4.2 -7
v 2.7 4.3 -7
v 4.6 2.6 -7
v 4.6 2.7 -7
v 4.6 3.8 -7
v 5.7 2.6 -7
v 5.7 2.7 -7
v 5.8 2.6 -7
v 5.8 2.7 -7
v 6.2 2.6 -7
v 6.2 2.7 -7
v 6.3 2.6 -7
v 6.3 2.7 -7
v 6.7 1.3 -7
v 6.7 1.9 -7
v 6.7 2.1 -7
v 6.7 2.6 -7
v 6.9 2.6 -7
v 6.9 2.7 -7
v 7 0 -7
v 7 1.3 -7
v 7 1.9 -7
v 7 2.1 -7
v -7 0 7
v 7 0 7
v 5.9 0 0.2
v 6.4 0 0.2
v 6 0 0
v 6.4 0 0
v 5.2 0 -0.4
v 5.9 0 -0.4
v 5.2 0 -1.4
v 6 0 -1.4
v -7 0 -7
v 7 0 -7
v 1.3 0.4 3.6
v 1.4 0.4 3.6
v 1.3 0.4 2.9
v 1.4 0.4 2.9
v 1.2 1.7 3.6
v 1.3 1.7 3.6
v 1.2 1.7 2.9
v 1.3 1.7 2.9
v 6.7 2.6 -3.8
v 6.9 2.6 -3.8
v 6.7 2.6 -4.3
v 6.8 2.6 -4.3
v 6.7 2.6 -4.5
v 6.8 2.6 -4.5
v 6.7 2.6 -6.1
v 6.9 2.6 -6.1
v 6.8 2.6 -6.4
v 6.9 2.6 -6.4
v 6.7 2.6 -6.5
v 6.8 2.6 -6.5
v 6.7 2.6 -7
v 6.9 2.6 -7
v -4.4 3.3 3.7
v -4.3 3.3 3.7
v -4.1 3.3 3.7
v -4 3.3 3.7
v -4.4 3.3 3.6
v -4.3 3.3 3.6
v -4.1 3.3 3.6
v -4 3.3 3.6
v -4.4 3.4 3.6
v -4.3 3.4 3.6
v -4.1 3.4 3.6
v -4 3.4 3.6
v -4.4 3.4 3.5
v -4.3 3.4 3.5
v -4.1 3.4 3.5
v -4 3.4 3.5
v 0.7 4.2 -5.6
v 1 4.2 -5.6
v 0.7 4.2 -5.7
v 1 4.2 -5.7
v -5.2 4.6 -4.6
v -5.1 4.6 -4.6
v -5.2 4.6 -4.7
v -5.1 4.6 -4.7
v -5.2 5.9 3.5
v -5.1 5.9 3.5
v -5.2 5.9 3.4
v -5.2 5.9 3.3
v -5.2 5.9 3.2
v -5.1 5.9 3.2
v -5.9 7.1 -3.2
v -5.6 7.1 -3.2
v -5.9 7.1 -3.4
v -5.6 7.1 -3.4
v 1.2 0.1 3.6
v 1.4 0.1 3.6
v 1.2 0.1 2.9
v 1.4 0.1 2.9
v -1.9 1.8 6.2
v -1.6 1.8 6.2
v -1.9 1.8 6.1
v -1.8 1.8 6.1
v -1.7 1.8 6.1
v -1.6 1.8 6.1
v -1.8 1.8 5.7
v -1.7 1.8 5.7
v -2 1.9 6.2
v -1.9 1.9 6.2
v -1.9 1.9 6.1
v -2 1.9 5.8
v -1.9 1.9 5.8
v -7 1.9 1.2
v -6.9 1.9 1.2
v -6.8 1.9 1.2
v -7 1.9 0.8
v -6.9 1.9 0.8
v -6.8 1.9 0.8
v 5.8 2 -2.9
v 6.5 2 -2.9
v 5.8 2 -3.1
v 6.5 2 -3.1
v -3.9 2.1 7
v -2.8 2.1 7
v -2.7 2.1 7
v -2.6 2.1 7
v 7 2.1 7
v -2.9 2.1 6.9
v -2.8 2.1 6.9
v -2.7 2.1 6.9
v -2.6 2.1 6.9
v -2.9 2.1 6.5
v -2.6 2.1 6.5
v -2.6 2.1 6.2
v -2.3 2.1 6.2
v -2.1 2.1 6.2
v -2 2.1 6.2
v -1.6 2.1 6.2
v -2.2 2.1 6.1
v -2.1 2.1 6.1
v -1.9 2.1 6.1
v -1.8 2.1 6.1
v -1.7 2.1 6.1
v -1.6 2.1 6.1
v -3.9 2.1 6
v -3.3 2.1 6
v -3.1 2.1 6
v -2.2 2.1 6
v -2.1 2.1 6
v -3.9 2.1 5.9
v -3.3 2.1 5.9
v -3.2 2.1 5.9
v -3.1 2.1 5.9
v -2.9 2.1 5.9
v -3.9 2.1 5.8
v -3.8 2.1 5.8
v -3.2 2.1 5.8
v -3.1 2.1 5.8
v -2.9 2.1 5.8
v -2.8 2.1 5.8
v -2.7 2.1 5.8
v -2.6 2.1 5.8
v -2.3 2.1 5.8
v -2.2 2.1 5.8
v -2 2.1 5.8
v -1.9 2.1 5.8
v -2.8 2.1 5.7
v -2.7 2.1 5.7
v -2.6 2.1 5.7
v -2.5 2.1 5.7
v -1.8 2.1 5.7
v -1.7 2.1 5.7
v -3.4 2.1 5.6
v -3.3 2.1 5.6
v -2.5 2.1 5.6
v -2.4 2.1 5.6
v -2.3 2.1 5.6
v -2.2 2.1 5.6
v -3.9 2.1 5.5
v -3.8 2.1 5.5
v -3.6 2.1 5.5
v -3.4 2.1 5.5
v -3.3 2.1 5.5
v -3 2.1 5.5
v -2.7 2.1 5.5
v -2.4 2.1 5.5
v -2.3 2.1 5.5
v -3 2.1 5.4
v -2.1 2.1 5.4
v -2 2.1 5.4
v -2.7 2.1 5.2
v -2.6 2.1 5.2
v -2 2.1 5.1
v -1.9 2.1 5.1
v -2.1 2.1 5
v -2 2.1 5
v -2.2 2.1 4.9
v -2.1 2.1 4.9
v -1.9 2.1 4.8
v -1.8 2.1 4.8
v -2.7 2.1 4.7
v -2.6 2.1 4.7
v -1.9 2.1 4.7
v -1.8 2.1 4.7
v -2.7 2.1 4.6
v -2.6 2.1 4.6
v -2.2 2.1 4.6
v -2.1 2.1 4.6
v -2 2.1 4.6
v -1.9 2.1 4.6
v -1.8 2.1 4.6
v -2.6 2.1 4.5
v -2.5 2.1 4.5
v -2.1 2.1 4.5
v -2 2.1 4.5
v -1.8 2.1 4.5
v -1.7 2.1 4.5
v -2.5 2.1 4.4
v -2.3 2.1 4.4
v -1.8 2.1 4.4
v -1.7 2.1 4.4
v -2.3 2.1 4.3
v -2.2 2.1 4.3
v -2 2.1 4.3
v -1.9 2.1 4.3
v -2.2 2.1 4.1
v -2 2.1 4.1
v -1.8 2.1 4.1
v -1.7 2.1 4.1
v -3 2.1 4
v -2.5 2.1 4
v -2 2.1 4
v -1.7 2.1 4
v -1.6 2.1 4
v 5.9 2.1 0.2
v 6.4 2.1 0.2
v 6.4 2.1 0
v 6.5 2.1 0
v -2.5 2.1 -1.4
v 1.9 2.1 -1.4
v 5.1 2.1 -1.4
v 5.9 2.1 -1.4
v 5 2.1 -1.6
v 5.1 2.1 -1.6
v 5 2.1 -1.7
v 5.3 2.1 -1.7
v 4.5 2.1 -2.1
v 5 2.1 -2.1
v 5 2.1 -2.6
v 5.3 2.1 -2.6
v 1.9 2.1 -2.9
v 4.5 2.1 -2.9
v 6.5 2.1 -2.9
v 6.9 2.1 -2.9
v 6.9 2.1 -3.3
v 7 2.1 -3.3
v 6.9 2.1 -3.4
v 6.9 2.1 -3.5
v 7 2.1 -3.5
v 6.7 2.1 -3.8
v 6.9 2.1 -3.8
v 6.7 2.1 -7
v 7 2.1 -7
v -3.5 2.2 4
v -3 2.2 4
v -2.5 2.2 4
v -5.1 2.2 3.5
v -4.2 2.2 3.5
v -5.1 2.2 3.3
v -4.2 2.2 3.3
v -2.5 2.2 -1.4
v 1.9 2.2 -1.4
v 1.9 2.2 -2.9
v 4.5 2.2 -2.9
v 4.7 2.2 -2.9
v 5.2 2.2 -2.9
v 5.7 2.2 -2.9
v 5.8 2.2 -2.9
v 6.5 2.2 -2.9
v 6.9 2.2 -2.9
v 4.7 2.2 -3
v 5.2 2.2 -3
v 5.5 2.2 -3
v 5.6 2.2 -3
v 5.8 2.2 -3.1
v 5.9 2.2 -3.1
v 6.5 2.2 -3.1
v 4.8 2.2 -3.2
v 5.1 2.2 -3.2
v 5.6 2.2 -3.2
v 5.7 2.2 -3.2
v 5.9 2.2 -3.2
v 6.2 2.2 -3.2
v 6.5 2.2 -3.2
v 6.6 2.2 -3.2
v 4.7 2.2 -3.3
v 4.8 2.2 -3.3
v 4.9 2.2 -3.3
v 5 2.2 -3.3
v 5.1 2.2 -3.3
v 5.5 2.2 -3.3
v 5.9 2.2 -3.3
v 6.1 2.2 -3.3
v 6.2 2.2 -3.3
v 6.4 2.2 -3.3
v 6.7 2.2 -3.3
v 6.9 2.2 -3.3
v 4.9 2.2 -3.4
v 5 2.2 -3.4
v 5.9 2.2 -3.4
v 6 2.2 -3.4
v 6.1 2.2 -3.4
v 6.2 2.2 -3.4
v 6.4 2.2 -3.4
v 6.5 2.2 -3.4
v 6.6 2.2 -3.4
v 6.7 2.2 -3.4
v 6.8 2.2 -3.4
v 6.9 2.2 -3.4
v 4.7 2.2 -3.5
v 5.2 2.2 -3.5
v 5.3 2.2 -3.5
v 5.4 2.2 -3.5
v 6.2 2.2 -3.5
v 6.3 2.2 -3.5
v 6.7 2.2 -3.5
v 6.8 2.2 -3.5
v 5.2 2.2 -3.6
v 5.3 2.2 -3.6
v 5.4 2.2 -3.6
v 5.5 2.2 -3.6
v 5.7 2.2 -3.6
v 6 2.2 -3.6
v 6.3 2.2 -3.6
v 6.6 2.2 -3.6
v 6.7 2.2 -3.6
v 5.5 2.2 -3.7
v 5.6 2.2 -3.7
v 6 2.2 -3.7
v 6.3 2.2 -3.7
v 6.5 2.2 -3.7
v 6.6 2.2 -3.7
v 1.4 2.2 -3.8
v 4.7 2.2 -3.8
v 5.6 2.2 -3.8
v 5.7 2.2 -3.8
v 6.3 2.2 -3.8
v 6.5 2.2 -3.8
v 6.7 2.2 -3.8
v 6.9 2.2 -3.8
v -3.5 2.2 -4.7
v -3 2.2 -4.7
v -0.7 2.2 -4.9
v 1.4 2.2 -4.9
v -3 2.2 -5.2
v -0.7 2.2 -5.2
v -3.2 2.3 5.5
v -3.1 2.3 5.5
v -3 2.3 5.5
v -3.3 2.3 5.4
v -3.2 2.3 5.4
v -3.1 2.3 5.4
v -3 2.3 5.4
v -3.3 2.3 5
v -3 2.3 5
v 5.9 2.3 0.2
v 6.4 2.3 0.2
v 6.1 2.3 0
v 6.4 2.3 0
v 5.9 2.3 -1.4
v 6.1 2.3 -1.4
v 5.6 2.3 -3.8
v 5.9 2.3 -3.8
v 5.6 2.3 -4
v 5.9 2.3 -4
v 5.9 2.4 -3.8
v 6.7 2.4 -3.8
v 5.8 2.4 -4
v 5.9 2.4 -4
v 5.8 2.4 -4.3
v 6.7 2.4 -4.3
v -4.5 2.5 7
v -3.9 2.5 7
v -4.5 2.5 6.7
v -3.9 2.5 6.7
v -3.9 2.5 5.5
v -3.2 2.5 5.5
v -3.7 2.5 5.4
v -3.5 2.5 5.4
v -3.3 2.5 5.4
v -3.2 2.5 5.4
v -3.6 2.5 5.3
v -3.5 2.5 5.3
v -3.8 2.5 5.1
v -3.7 2.5 5.1
v -3.3 2.5 5
v -3 2.5 5
v -3.9 2.5 4.8
v -3.8 2.5 4.8
v -3.6 2.5 4.8
v -3.5 2.5 4.8
v -3.9 2.5 4.5
v -3.9 2.5 4.4
v -3.8 2.5 4.4
v -3.5 2.5 4.4
v -3.4 2.5 4.4
v -3.8 2.5 4.2
v -3.7 2.5 4.2
v -3.7 2.5 4
v -3.5 2.5 4
v -3.4 2.5 4
v -3 2.5 4
v -4.2 2.5 3.5
v -3.9 2.5 3.5
v -5.1 2.5 3.3
v -4.2 2.5 3.3
v -4.6 2.5 3.2
v -4.1 2.5 3.2
v -4.7 2.5 3.1
v -4.6 2.5 3.1
v -4.5 2.5 3.1
v -4.1 2.5 3.1
v -4 2.5 3.1
v -4.9 2.5 3
v -4.8 2.5 3
v -4.7 2.5 3
v -4.6 2.5 3
v -4.5 2.5 3
v -4.4 2.5 3
v -4 2.5 3
v -3.9 2.5 3
v -5.1 2.5 2.9
v -4.9 2.5 2.9
v -4.8 2.5 2.9
v -4.7 2.5 2.9
v -4.6 2.5 2.9
v -4.5 2.5 2.9
v -4.4 2.5 2.9
v -4.2 2.5 2.9
v -3.9 2.5 2.9
v -3.8 2.5 2.9
v -3.7 2.5 2.9
v -3.6 2.5 2.9
v -4.2 2.5 2.8
v -3.8 2.5 2.8
v -3.7 2.5 2.8
v -3.6 2.5 2.7
v -3.5 2.5 2.7
v -4.2 2.5 2.5
v -4.2 2.5 2.4
v -4 2.5 2.4
v -3.7 2.5 2.4
v -3.6 2.5 2.4
v -3.9 2.5 2.3
v -3.8 2.5 2.3
v -3.9 2.5 2.2
v -3.8 2.5 2.2
v -3.7 2.5 2.2
v -3.6 2.5 2.2
v -3.5 2.5 2.2
v -3.6 2.5 2
v -3.5 2.5 2
v -4 2.5 1.9
v -3.9 2.5 1.9
v -3.8 2.5 1.9
v -3.7 2.5 1.9
v -5.1 2.5 1.6
v -4.2 2.5 1.6
v -3.8 2.5 1.6
v -3.7 2.5 1.6
v -3.6 2.5 1.6
v -4.1 2.5 1.5
v -4 2.5 1.5
v -3.7 2.5 1.5
v -3.6 2.5 1.5
v -4.4 2.5 1.4
v -4.1 2.5 1.4
v -3.9 2.5 1.4
v -3.8 2.5 1.4
v -3.6 2.5 1.4
v -3.5 2.5 1.4
v -3.9 2.5 1.3
v -3.8 2.5 1.3
v -3.6 2.5 1.3
v -3.5 2.5 1.3
v -5.2 2.5 1.2
v -5.1 2.5 1.2
v -4.4 2.5 1.2
v -4.1 2.5 1.2
v -4 2.5 1.2
v -3.9 2.5 1.2
v -4.1 2.5 1.1
v -4 2.5 1.1
v -3.6 2.5 0.9
v -3.5 2.5 0.9
v -5.2 2.5 0.8
v -4.8 2.5 0.8
v -4.1 2.5 0.8
v -4 2.5 0.8
v -3.7 2.5 0.8
v -3.6 2.5 0.8
v -4.2 2.5 0.7
v -4.1 2.5 0.7
v -3.7 2.5 0.7
v -3.6 2.5 0.7
v -3.8 2.5 0.6
v -3.7 2.5 0.6
v -4.4 2.5 0.5
v -4.2 2.5 0.5
v -4.5 2.5 0.4
v -4.4 2.5 0.4
v -3.9 2.5 0.4
v -3.8 2.5 0.4
v -3.7 2.5 0.4
v -3.6 2.5 0.4
v -4.2 2.5 0.3
v -4.1 2.5 0.3
v -4.2 2.5 0.2
v -4.1 2.5 0.2
v -4 2.5 0.2
v -4.3 2.5 0.0999999
v -4.1 2.5 0.0999999
v -3.9 2.5 0.0999999
v -3.8 2.5 0.0999999
v -3.7 2.5 0.0999999
v -4.6 2.5 0
v -4.5 2.5 0
v -3.9 2.5 0
v -3.8 2.5 0
v 6.1 2.5 0
v 6.5 2.5 0
v -4 2.5 -0.1
v -3.9 2.5 -0.1
v -4.6 2.5 -0.3
v -4.5 2.5 -0.3
v -4.3 2.5 -0.3
v -4.2 2.5 -0.3
v -4.5 2.5 -0.4
v -4.4 2.5 -0.4
v -4.2 2.5 -0.4
v -4 2.5 -0.4
v -4.5 2.5 -0.5
v -4.4 2.5 -0.5
v -4.2 2.5 -0.5
v -4 2.5 -0.5
v -3.9 2.5 -0.5
v -4.4 2.5 -0.6
v -4.3 2.5 -0.6
v -4.2 2.5 -0.7
v -4.1 2.5 -0.7
v -4.5 2.5 -0.8
v -4.4 2.5 -0.8
v -4.3 2.5 -0.8
v -4.4 2.5 -0.9
v -4.3 2.5 -0.9
v -4.2 2.5 -0.9
v -4.1 2.5 -0.9
v -4 2.5 -0.9
v -4.3 2.5 -1
v -4.2 2.5 -1
v -4.1 2.5 -1
v -4.2 2.5 -1.2
v -4.1 2.5 -1.2
v -4 2.5 -1.2
v -3.9 2.5 -1.2
v -3.8 2.5 -1.2
v -4.6 2.5 -1.3
v -4.4 2.5 -1.3
v -4.1 2.5 -1.3
v -4 2.5 -1.3
v -3.9 2.5 -1.3
v -3.8 2.5 -1.3
v -3.7 2.5 -1.3
v -4.6 2.5 -1.4
v -4.5 2.5 -1.4
v -4.4 2.5 -1.4
v -4.3 2.5 -1.4
v -4 2.5 -1.4
v -3.9 2.5 -1.4
v -3.7 2.5 -1.4
v -3.5 2.5 -1.4
v 6.1 2.5 -1.4
v 6.5 2.5 -1.4
v -4.5 2.5 -1.5
v -4.4 2.5 -1.5
v -4.3 2.5 -1.5
v -4.2 2.5 -1.5
v -3.8 2.5 -1.5
v -3.7 2.5 -1.5
v -4.2 2.5 -1.6
v -4.1 2.5 -1.6
v -4 2.5 -1.6
v -3.9 2.5 -1.6
v -3.8 2.5 -1.6
v -3.7 2.5 -1.6
v -4.4 2.5 -1.7
v -4.3 2.5 -1.7
v -4.1 2.5 -1.7
v -4 2.5 -1.7
v -3.9 2.5 -1.7
v -3.8 2.5 -1.7
v -4.3 2.5 -1.8
v -4.1 2.5 -1.8
v -3.7 2.5 -1.8
v -3.6 2.5 -1.8
v -4.2 2.5 -1.9
v -4.1 2.5 -1.9
v -3.7 2.5 -1.9
v -3.6 2.5 -1.9
v -3.6 2.5 -2
v -3.5 2.5 -2
v -4.3 2.5 -2.1
v -4.2 2.5 -2.1
v -4 2.5 -2.1
v -3.9 2.5 -2.1
v -3.6 2.5 -2.1
v -3.5 2.5 -2.1
v -4.2 2.5 -2.2
v -4.1 2.5 -2.2
v -3.8 2.5 -2.2
v -3.5 2.5 -2.2
v -4.8 2.5 -2.3
v -4.6 2.5 -2.3
v -4.5 2.5 -2.3
v -4.3 2.5 -2.3
v -4.2 2.5 -2.3
v -4.1 2.5 -2.3
v -4 2.5 -2.3
v -3.9 2.5 -2.3
v -3.8 2.5 -2.3
v -3.5 2.5 -2.3
v -4.8 2.5 -2.4
v -4.7 2.5 -2.4
v -4.6 2.5 -2.4
v -4.5 2.5 -2.4
v -4.1 2.5 -2.4
v -4 2.5 -2.4
v -3.8 2.5 -2.4
v -3.6 2.5 -2.4
v -4.2 2.5 -2.5
v -4.1 2.5 -2.5
v -4.3 2.5 -2.6
v -4.2 2.5 -2.6
v -4.4 2.5 -2.7
v -4.3 2.5 -2.7
v -4.5 2.5 -2.8
v -4.4 2.5 -2.8
v -3.7 2.5 -2.8
v -3.6 2.5 -2.8
v -3.5 2.5 -2.8
v -3.8 2.5 -2.9
v -3.7 2.5 -2.9
v -3.6 2.5 -2.9
v -4.8 2.5 -3
v -4.7 2.5 -3
v -4.2 2.5 -3
v -4.1 2.5 -3
v -4 2.5 -3
v -4.2 2.5 -3.1
v -4.1 2.5 -3.1
v -4 2.5 -3.1
v -3.9 2.5 -3.1
v -3.8 2.5 -3.1
v -3.7 2.5 -3.1
v -4.8 2.5 -3.2
v -4.7 2.5 -3.2
v -4 2.5 -3.2
v -3.9 2.5 -3.2
v -3.8 2.5 -3.2
v -4.2 2.5 -3.3
v -4.1 2.5 -3.3
v -4 2.5 -3.3
v -4.5 2.5 -3.4
v -4.4 2.5 -3.4
v -4.3 2.5 -3.4
v -4.2 2.5 -3.4
v -4.1 2.5 -3.4
v -4 2.5 -3.4
v -3.9 2.5 -3.4
v -4.6 2.5 -3.5
v -4.5 2.5 -3.5
v -4.3 2.5 -3.5
v -4.2 2.5 -3.5
v -4.1 2.5 -3.5
v -4 2.5 -3.5
v -4.4 2.5 -3.6
v -4.2 2.5 -3.6
v -4.7 2.5 -3.7
v -4.6 2.5 -3.7
v -4.5 2.5 -3.7
v -4.4 2.5 -3.7
v -4.6 2.5 -3.8
v -4.5 2.5 -3.8
v -4.4 2.5 -3.8
v -4.1 2.5 -3.8
v -3.5 2.5 -3.8
v -4.2 2.5 -3.9
v -4.1 2.5 -3.9
v -3.6 2.5 -3.9
v -3.5 2.5 -3.9
v -4.6 2.5 -4
v -4.5 2.5 -4
v -4.3 2.5 -4
v -4.2 2.5 -4
v -4.1 2.5 -4
v -3.6 2.5 -4
v -3.5 2.5 -4
v -4.7 2.5 -4.1
v -4.6 2.5 -4.1
v -4.5 2.5 -4.1
v -4.3 2.5 -4.1
v -4.2 2.5 -4.1
v -3.9 2.5 -4.1
v -3.8 2.5 -4.1
v -3.7 2.5 -4.1
v -4.8 2.5 -4.2
v -4.7 2.5 -4.2
v -4.6 2.5 -4.2
v -4.5 2.5 -4.2
v -3.9 2.5 -4.2
v -3.8 2.5 -4.2
v -3.7 2.5 -4.2
v -3.5 2.5 -4.2
v -4.8 2.5 -4.3
v -4.6 2.5 -4.3
v -4.8 2.5 -4.7
v -3.5 2.5 -4.7
v -7 2.6 0.8
v -6.9 2.6 0.8
v -6.8 2.6 0.8
v -6.8 2.6 -0.5
v -6.5 2.6 -0.5
v -7 2.6 -0.9
v -6.9 2.6 -0.9
v -6.5 2.6 -0.9
v 5.1 2.7 -1.4
v 6.5 2.7 -1.4
v 5 2.7 -1.6
v 5.1 2.7 -1.6
v 5 2.7 -1.7
v 5.3 2.7 -1.7
v 4.5 2.7 -2.1
v 5 2.7 -2.1
v 5 2.7 -2.6
v 5.3 2.7 -2.6
v 5.9 2.7 -2.6
v 6.1 2.7 -2.6
v 5.9 2.7 -2.8
v 6 2.7 -2.8
v 4.5 2.7 -2.9
v 4.7 2.7 -2.9
v 5.2 2.7 -2.9
v 6 2.7 -2.9
v 6.1 2.7 -2.9
v 6.5 2.7 -2.9
v 4.7 2.7 -3
v 5.2 2.7 -3
v 4.6 2.7 -3.8
v 5 2.7 -3.8
v 5.2 2.7 -3.8
v 5.6 2.7 -3.8
v 6.7 2.7 -3.8
v 6.9 2.7 -3.8
v 5.2 2.7 -3.9
v 5.3 2.7 -3.9
v 5.1 2.7 -4
v 5.2 2.7 -4
v 5.6 2.7 -4
v 5.8 2.7 -4
v 4.6 2.7 -4.2
v 4.7 2.7 -4.2
v 5.2 2.7 -4.2
v 5.3 2.7 -4.2
v 5.4 2.7 -4.2
v 4.7 2.7 -4.3
v 4.8 2.7 -4.3
v 5.8 2.7 -4.3
v 6.7 2.7 -4.3
v 6.8 2.7 -4.3
v 4.6 2.7 -4.4
v 4.7 2.7 -4.4
v 4.8 2.7 -4.4
v 4.9 2.7 -4.4
v 5.4 2.7 -4.4
v 5.5 2.7 -4.4
v 6.6 2.7 -4.4
v 6.7 2.7 -4.4
v 4.1 2.7 -4.5
v 4.6 2.7 -4.5
v 4.7 2.7 -4.5
v 4.8 2.7 -4.5
v 4.9 2.7 -4.5
v 5 2.7 -4.5
v 5.3 2.7 -4.5
v 5.5 2.7 -4.5
v 5.6 2.7 -4.5
v 6.7 2.7 -4.5
v 6.8 2.7 -4.5
v 4.1 2.7 -4.6
v 4.6 2.7 -4.6
v 5.1 2.7 -4.6
v 5.3 2.7 -4.6
v 6.2 2.7 -4.6
v 6.6 2.7 -4.6
v 4.8 2.7 -4.7
v 4.9 2.7 -4.7
v 5.4 2.7 -4.7
v 5.5 2.7 -4.7
v 5.6 2.7 -4.7
v 5.9 2.7 -4.7
v 6.1 2.7 -4.7
v 6.2 2.7 -4.7
v 6.3 2.7 -4.7
v 6.4 2.7 -4.7
v 6.6 2.7 -4.7
v 6.7 2.7 -4.7
v 5 2.7 -4.8
v 5.2 2.7 -4.8
v 5.3 2.7 -4.8
v 5.4 2.7 -4.8
v 5.5 2.7 -4.8
v 5.6 2.7 -4.8
v 5.7 2.7 -4.8
v 5.9 2.7 -4.8
v 6.1 2.7 -4.8
v 6.2 2.7 -4.8
v 6.3 2.7 -4.8
v 4.9 2.7 -4.9
v 5 2.7 -4.9
v 5.1 2.7 -4.9
v 5.2 2.7 -4.9
v 5.3 2.7 -4.9
v 5.4 2.7 -4.9
v 5.5 2.7 -4.9
v 6 2.7 -4.9
v 6.2 2.7 -4.9
v 5.3 2.7 -5
v 5.4 2.7 -5
v 6 2.7 -5
v 6.1 2.7 -5
v 6.3 2.7 -5
v 6.4 2.7 -5
v 6.5 2.7 -5
v 5 2.7 -5.1
v 5.1 2.7 -5.1
v 5.2 2.7 -5.1
v 5.4 2.7 -5.1
v 5.5 2.7 -5.1
v 5.6 2.7 -5.1
v 5.7 2.7 -5.1
v 5.8 2.7 -5.1
v 5.9 2.7 -5.1
v 6.4 2.7 -5.1
v 6.5 2.7 -5.1
v 6.6 2.7 -5.1
v 5 2.7 -5.2
v 5.1 2.7 -5.2
v 5.2 2.7 -5.2
v 5.5 2.7 -5.2
v 5.8 2.7 -5.2
v 5.9 2.7 -5.2
v 6.4 2.7 -5.2
v 6.5 2.7 -5.2
v 4.9 2.7 -5.3
v 5 2.7 -5.3
v 5.1 2.7 -5.3
v 5.4 2.7 -5.3
v 5.6 2.7 -5.3
v 5.7 2.7 -5.3
v 4.8 2.7 -5.4
v 4.9 2.7 -5.4
v 5 2.7 -5.4
v 5.1 2.7 -5.4
v 5.2 2.7 -5.4
v 5.4 2.7 -5.4
v 5.5 2.7 -5.4
v 5.6 2.7 -5.4
v 5.8 2.7 -5.4
v 5.9 2.7 -5.4
v 6.1 2.7 -5.4
v 6.3 2.7 -5.4
v 6.4 2.7 -5.4
v 4.7 2.7 -5.5
v 4.8 2.7 -5.5
v 5 2.7 -5.5
v 5.2 2.7 -5.5
v 5.3 2.7 -5.5
v 5.5 2.7 -5.5
v 5.9 2.7 -5.5
v 6 2.7 -5.5
v 5 2.7 -5.6
v 5.3 2.7 -5.6
v 5.6 2.7 -5.6
v 5.7 2.7 -5.6
v 5.8 2.7 -5.6
v 4.7 2.7 -5.7
v 5 2.7 -5.7
v 5.5 2.7 -5.9
v 5.6 2.7 -5.9
v 5.7 2.7 -5.9
v 5 2.7 -6
v 5.3 2.7 -6
v 4.8 2.7 -6.1
v 5 2.7 -6.1
v 5.2 2.7 -6.1
v 5.3 2.7 -6.1
v 5.5 2.7 -6.1
v 5.6 2.7 -6.1
v 5.8 2.7 -6.1
v 5.9 2.7 -6.1
v 6 2.7 -6.1
v 6.3 2.7 -6.1
v 6.9 2.7 -6.1
v 4.6 2.7 -6.2
v 4.8 2.7 -6.2
v 5.2 2.7 -6.2
v 5.3 2.7 -6.2
v 5.5 2.7 -6.2
v 5.6 2.7 -6.2
v 5.7 2.7 -6.2
v 5.8 2.7 -6.2
v 5.9 2.7 -6.2
v 6.3 2.7 -6.2
v 6.5 2.7 -6.2
v 5.6 2.7 -6.3
v 5.7 2.7 -6.3
v 5.8 2.7 -6.3
v 6.4 2.7 -6.3
v 6.5 2.7 -6.3
v 4.6 2.7 -6.4
v 4.8 2.7 -6.4
v 5.5 2.7 -6.4
v 5.6 2.7 -6.4
v 5.7 2.7 -6.4
v 5.8 2.7 -6.4
v 5.9 2.7 -6.4
v 6.1 2.7 -6.4
v 6.3 2.7 -6.4
v 6.4 2.7 -6.4
v 6.5 2.7 -6.4
v 6.6 2.7 -6.4
v 6.8 2.7 -6.4
v 6.9 2.7 -6.4
v 4.8 2.7 -6.5
v 5.2 2.7 -6.5
v 5.3 2.7 -6.5
v 5.5 2.7 -6.5
v 6.5 2.7 -6.5
v 6.6 2.7 -6.5
v 6.7 2.7 -6.5
v 6.8 2.7 -6.5
v 5.2 2.7 -6.6
v 5.3 2.7 -6.6
v 5.5 2.7 -6.6
v 5.6 2.7 -6.6
v 5.7 2.7 -6.6
v 6.3 2.7 -6.6
v 6.7 2.7 -6.6
v 5.8 2.7 -6.7
v 5.9 2.7 -6.7
v 6.2 2.7 -6.7
v 6.3 2.7 -6.7
v 6.1 2.7 -6.8
v 6.2 2.7 -6.8
v 6.3 2.7 -6.8
v 5.6 2.7 -6.9
v 5.7 2.7 -6.9
v 4.6 2.7 -7
v 5.7 2.7 -7
v 5.8 2.7 -7
v 6.2 2.7 -7
v 6.3 2.7 -7
v 6.9 2.7 -7
v -5.2 2.9 0.8
v -4.8 2.9 0.8
v -5.5 2.9 -0.5
v -5.2 2.9 -0.5
v -5.5 2.9 -2.7
v -5.1 2.9 -2.7
v -5.1 2.9 -3.2
v -4.9 2.9 -3.2
v -5.1 2.9 -4.3
v -4.9 2.9 -4.3
v -5.1 2.9 -4.7
v -4.8 2.9 -4.7
v -4.6 3 6.9
v -4.5 3 6.9
v -4.5 3 6.7
v -3.9 3 6.7
v -4.6 3 6.2
v -3.9 3 6.2
v -4.4 3 3.7
v -3.9 3 3.7
v -4.4 3 3.5
v -3.9 3 3.5
v -4.3 3.2 4
v -4.1 3.2 4
v -4.3 3.2 3.7
v -4.1 3.2 3.7
v 0.7 3.2 -4.9
v 1 3.2 -4.9
v 0.7 3.2 -5.7
v 1 3.2 -5.7
v -4.8 3.3 7
v -4.5 3.3 7
v -4.6 3.3 6.9
v -4.5 3.3 6.9
v -4.8 3.3 6.8
v -4.6 3.3 6.8
v -4 3.3 3.9
v -3.9 3.3 3.9
v -4 3.3 3.7
v -3.9 3.3 3.7
v 4 3.3 -3.8
v 4.6 3.3 -3.8
v 4 3.3 -4
v 4.6 3.3 -4
v -6.6 3.4 7
v -6.3 3.4 7
v -6.6 3.4 6.6
v -6.3 3.4 6.6
v -4.2 3.4 4.2
v -3.9 3.4 4.2
v -4.2 3.4 4
v -4.1 3.4 4
v -4 3.4 3.9
v -3.9 3.4 3.9
v -4.1 3.4 3.6
v -4 3.4 3.6
v 4.1 3.4 -4
v 4.6 3.4 -4
v 4.1 3.4 -4.4
v 4.6 3.4 -4.4
v -6.3 3.5 7
v -5.3 3.5 7
v -5.2 3.5 7
v -4.8 3.5 7
v -5.6 3.5 6.8
v -5.4 3.5 6.8
v -4.8 3.5 6.8
v -4.6 3.5 6.8
v -5.6 3.5 6.7
v -5.5 3.5 6.7
v -5.2 3.5 6.7
v -5.1 3.5 6.7
v -6.3 3.5 6.6
v -5.5 3.5 6.6
v -5.4 3.5 6.6
v -5.3 3.5 6.6
v -5.2 3.5 6.6
v -5.5 3.5 6.5
v -5.4 3.5 6.5
v -4.8 3.5 6.5
v -4.7 3.5 6.5
v -4.9 3.5 6.4
v -4.8 3.5 6.4
v -4.7 3.5 6.4
v -4.6 3.5 6.4
v -5.6 3.5 6.3
v -5.5 3.5 6.3
v -5.2 3.5 6.3
v -5.1 3.5 6.3
v -5 3.5 6.3
v -4.8 3.5 6.3
v -4.7 3.5 6.3
v -5.4 3.5 6.2
v -5.3 3.5 6.2
v -4.6 3.5 6.2
v -3.9 3.5 6.2
v -5.4 3.5 6.1
v -5.3 3.5 6.1
v -5.7 3.5 6
v -5.6 3.5 6
v -5.1 3.5 6
v -5 3.5 6
v -4.9 3.5 6
v -5.5 3.5 5.9
v -5.4 3.5 5.9
v -4.9 3.5 5.9
v -4.8 3.5 5.9
v -4.7 3.5 5.9
v -4.9 3.5 5.8
v -4.8 3.5 5.8
v -4.7 3.5 5.8
v -5.4 3.5 5.7
v -5.3 3.5 5.7
v -5.2 3.5 5.7
v -4.9 3.5 5.7
v -4.8 3.5 5.7
v -5.9 3.5 5.6
v -5.7 3.5 5.6
v -5.5 3.5 5.6
v -5.3 3.5 5.6
v -5.8 3.5 5.5
v -5.7 3.5 5.5
v -5.5 3.5 5.5
v -5.4 3.5 5.5
v -5.1 3.5 5.5
v -5 3.5 5.5
v -5.4 3.5 5.4
v -5.3 3.5 5.4
v -5 3.5 5.4
v -4.9 3.5 5.4
v -4.8 3.5 5.4
v -5.2 3.5 5.3
v -5.1 3.5 5.3
v -4.7 3.5 5.3
v -4.6 3.5 5.3
v -5.9 3.5 5.2
v -5.8 3.5 5.2
v -5.7 3.5 5.2
v -5.6 3.5 5.2
v -5.5 3.5 5.2
v -4.9 3.5 5.2
v -4.8 3.5 5.2
v -4.7 3.5 5.2
v -5.8 3.5 5.1
v -5.7 3.5 5.1
v -5.6 3.5 5.1
v -5.5 3.5 5.1
v -5.4 3.5 5.1
v -6.3 3.5 5
v -6 3.5 5
v -5.6 3.5 5
v -5.5 3.5 5
v -4.8 3.5 5
v -4.7 3.5 5
v -4.6 3.5 5
v -6.3 3.5 4.9
v -6.2 3.5 4.9
v -6.1 3.5 4.9
v -6 3.5 4.9
v -5.7 3.5 4.9
v -5.5 3.5 4.9
v -5.4 3.5 4.9
v -5.3 3.5 4.9
v -6.2 3.5 4.8
v -6.1 3.5 4.8
v -6 3.5 4.8
v -5.7 3.5 4.8
v -5.6 3.5 4.8
v -5.5 3.5 4.8
v -5.1 3.5 4.8
v -5 3.5 4.8
v -4.9 3.5 4.8
v -4.7 3.5 4.8
v -4.6 3.5 4.8
v -4.5 3.5 4.8
v -5.7 3.5 4.7
v -5.5 3.5 4.7
v -5.4 3.5 4.7
v -5.2 3.5 4.7
v -5.1 3.5 4.7
v -5 3.5 4.7
v -5.5 3.5 4.6
v -5.4 3.5 4.6
v -5.2 3.5 4.6
v -5.1 3.5 4.6
v -4.9 3.5 4.6
v -4.6 3.5 4.6
v -4.5 3.5 4.6
v -3.9 3.5 4.6
v -5.9 3.5 4.5
v -5.8 3.5 4.5
v -5.2 3.5 4.5
v -4.5 3.5 4.5
v -4.3 3.5 4.5
v -4 3.5 4.5
v -5.8 3.5 4.4
v -5.7 3.5 4.4
v -5.3 3.5 4.4
v -5.2 3.5 4.4
v -4.5 3.5 4.4
v -4.4 3.5 4.4
v -4.3 3.5 4.4
v -4.2 3.5 4.4
v -4 3.5 4.4
v -3.9 3.5 4.4
v -5.5 3.5 4.3
v -5.4 3.5 4.3
v -4.9 3.5 4.3
v -4.8 3.5 4.3
v -4.3 3.5 4.3
v -4.2 3.5 4.3
v -5.8 3.5 4.2
v -5.7 3.5 4.2
v -5.5 3.5 4.2
v -5.4 3.5 4.2
v -4.4 3.5 4.2
v -4.3 3.5 4.2
v -4.2 3.5 4.2
v -3.9 3.5 4.2
v -5 3.5 4.1
v -4.9 3.5 4.1
v -4.8 3.5 4.1
v -4.7 3.5 4.1
v -5.8 3.5 4
v -5.7 3.5 4
v -5.6 3.5 4
v -4.9 3.5 4
v -4.8 3.5 4
v -4.7 3.5 4
v -4.5 3.5 4
v -4.4 3.5 4
v -4.3 3.5 4
v -4.2 3.5 4
v -6 3.5 3.9
v -5.9 3.5 3.9
v -5.8 3.5 3.9
v -5.7 3.5 3.9
v -5.6 3.5 3.9
v -5.5 3.5 3.9
v -5.4 3.5 3.9
v -5 3.5 3.9
v -4.9 3.5 3.9
v -4.6 3.5 3.9
v -4.5 3.5 3.9
v -4.9 3.5 3.8
v -4.7 3.5 3.8
v -4.6 3.5 3.8
v -4.4 3.5 3.8
v -6.1 3.5 3.7
v -6 3.5 3.7
v -5.9 3.5 3.7
v -5.5 3.5 3.7
v -5.3 3.5 3.7
v -4.7 3.5 3.7
v -4.4 3.5 3.7
v -4.1 3.5 3.6
v -4 3.5 3.6
v -6.3 3.5 3.5
v -6.1 3.5 3.5
v -6 3.5 3.5
v -5.9 3.5 3.5
v -5.8 3.5 3.5
v -5.1 3.5 3.5
v -4.4 3.5 3.5
v -4.3 3.5 3.5
v -4.1 3.5 3.5
v -4 3.5 3.5
v -5.4 3.6 0.6
v -5.3 3.6 0.6
v -5.3 3.6 0.0999999
v -5.2 3.6 0.0999999
v -5.4 3.6 -0.3
v -5.2 3.6 -0.3
v 4 3.6 -4
v 4.1 3.6 -4
v 4 3.6 -4.3
v 4.1 3.6 -4.3
v 0 3.7 -4.9
v 0.7 3.7 -4.9
v 1 3.7 -4.9
v 1.1 3.7 -4.9
v 0 3.7 -5.3
v 0.7 3.7 -5.3
v 1 3.7 -5.3
v 1.1 3.7 -5.3
v 2.5 3.8 -3.8
v 4 3.8 -3.8
v 2.5 3.8 -4
v 2.7 3.8 -4
v 4 3.8 -4.3
v 4.1 3.8 -4.3
v 4.1 3.8 -4.4
v 4.6 3.8 -4.4
v 4.1 3.8 -4.5
v 4.6 3.8 -4.5
v 4.1 3.8 -4.6
v 4.6 3.8 -4.6
v 4.5 3.8 -6
v 4.6 3.8 -6
v 4.5 3.8 -6.1
v 4.6 3.8 -6.1
v 2.7 3.8 -7
v 4.6 3.8 -7
v -6.7 3.9 7
v -6.6 3.9 7
v -6.7 3.9 6.8
v -6.6 3.9 6.8
v -5.5 3.9 0.5
v -5.4 3.9 0.5
v -5.3 3.9 0.5
v -5.2 3.9 0.5
v -5.5 3.9 0.0999999
v -5.4 3.9 0.0999999
v -5.3 3.9 0.0999999
v -5.2 3.9 0.0999999
v 1.7 4 -3.8
v 2.5 4 -3.8
v 2 4 -4
v 2.1 4 -4
v 2.5 4 -4
v 2.6 4 -4
v 1.7 4 -4.1
v 2 4 -4.1
v 2.1 4 -4.1
v 2.6 4 -4.1
v -3.3 4 -4.7
v -3 4 -4.7
v -3.3 4 -5
v -3 4 -5
v -6.8 4.1 1.2
v -5.2 4.1 1.2
v -5.4 4.1 0.6
v -5.3 4.1 0.6
v -5.5 4.1 0.5
v -5.4 4.1 0.5
v -5.3 4.1 0.5
v -5.2 4.1 0.5
v -5.5 4.1 0.0999999
v -5.4 4.1 0.0999999
v -6.5 4.1 0
v -5.5 4.1 0
v -5.4 4.1 -0.3
v -5.2 4.1 -0.3
v -6.8 4.1 -0.5
v -6.5 4.1 -0.5
v -5.5 4.1 -0.5
v -5.2 4.1 -0.5
v 1.1 4.1 -4.9
v 1.2 4.1 -4.9
v 0.3 4.1 -5.3
v 0.7 4.1 -5.3
v 1 4.1 -5.3
v 1.1 4.1 -5.3
v 0.3 4.1 -5.6
v 0.7 4.1 -5.6
v 1 4.1 -5.6
v 1.1 4.1 -5.6
v 1.2 4.1 -5.6
v -6.7 4.2 6.8
v -6.6 4.2 6.8
v -6.6 4.2 6.6
v -6.4 4.2 6.6
v -6.7 4.2 6.5
v -6.4 4.2 6.5
v -5.7 4.2 -1.7
v -5.5 4.2 -1.7
v -5.7 4.2 -2.3
v -5.5 4.2 -2.3
v -5.6 4.3 -0.1
v -5.5 4.3 -0.1
v -5.6 4.3 -0.2
v -5.5 4.3 -0.2
v 1.4 4.3 -3.8
v 1.7 4.3 -3.8
v 2.6 4.3 -4
v 2.7 4.3 -4
v 1.7 4.3 -4.1
v 2.3 4.3 -4.1
v 2.6 4.3 -4.1
v 1.8 4.3 -4.2
v 2.1 4.3 -4.2
v 1.7 4.3 -4.6
v 1.8 4.3 -4.6
v 1.9 4.3 -4.6
v 2 4.3 -4.6
v 2.1 4.3 -4.6
v 2.3 4.3 -4.6
v 2.4 4.3 -4.6
v -3.8 4.3 -4.7
v -3.3 4.3 -4.7
v -3.8 4.3 -4.8
v -3.3 4.3 -4.8
v 1.4 4.3 -4.8
v 1.5 4.3 -4.8
v 1.8 4.3 -4.8
v 1.9 4.3 -4.8
v 2 4.3 -4.8
v 2.2 4.3 -4.8
v 2.3 4.3 -4.8
v 2.4 4.3 -4.8
v -0.7 4.3 -4.9
v 0 4.3 -4.9
v 1.2 4.3 -4.9
v 1.4 4.3 -4.9
v 2 4.3 -4.9
v 2.1 4.3 -4.9
v 1.4 4.3 -5
v 1.5 4.3 -5
v 1.6 4.3 -5
v -0.7 4.3 -5.1
v -0.4 4.3 -5.1
v 2.1 4.3 -5.1
v 2.2 4.3 -5.1
v 2.3 4.3 -5.1
v -0.7 4.3 -5.2
v -0.6 4.3 -5.2
v -0.5 4.3 -5.2
v -0.4 4.3 -5.2
v -0.3 4.3 -5.2
v -0.7 4.3 -5.3
v -0.6 4.3 -5.3
v -0.5 4.3 -5.3
v -0.4 4.3 -5.3
v 0 4.3 -5.3
v 0.3 4.3 -5.3
v 1.5 4.3 -5.3
v 1.6 4.3 -5.3
v 1.7 4.3 -5.3
v 1.8 4.3 -5.3
v 1.9 4.3 -5.3
v 2 4.3 -5.3
v 2.1 4.3 -5.3
v -0.7 4.3 -5.4
v -0.6 4.3 -5.4
v -0.3 4.3 -5.4
v -0.2 4.3 -5.4
v 1.5 4.3 -5.4
v 1.6 4.3 -5.4
v 2.2 4.3 -5.4
v 2.4 4.3 -5.4
v -0.6 4.3 -5.5
v -0.5 4.3 -5.5
v -0.4 4.3 -5.5
v 1.3 4.3 -5.5
v 1.4 4.3 -5.5
v 1.7 4.3 -5.5
v 1.8 4.3 -5.5
v 2.4 4.3 -5.5
v 2.5 4.3 -5.5
v -0.5 4.3 -5.6
v -0.3 4.3 -5.6
v -0.2 4.3 -5.6
v -0.0999999 4.3 -5.6
v 0.3 4.3 -5.6
v 0.7 4.3 -5.6
v 1.2 4.3 -5.6
v 1.3 4.3 -5.6
v 1.4 4.3 -5.6
v 1.5 4.3 -5.6
v 1.7 4.3 -5.6
v 1.8 4.3 -5.6
v 2.2 4.3 -5.6
v 2.3 4.3 -5.6
v 2.5 4.3 -5.6
v 2.6 4.3 -5.6
v -0.3 4.3 -5.7
v -0.0999999 4.3 -5.7
v 0.1 4.3 -5.7
v 0.5 4.3 -5.7
v 0.7 4.3 -5.7
v 0.8 4.3 -5.7
v 0.9 4.3 -5.7
v 1.2 4.3 -5.7
v 1.4 4.3 -5.7
v 1.7 4.3 -5.7
v 1.8 4.3 -5.7
v 2.3 4.3 -5.7
v 2.4 4.3 -5.7
v 2.6 4.3 -5.7
v 2.7 4.3 -5.7
v -0.0999999 4.3 -5.8
v 0 4.3 -5.8
v 0.1 4.3 -5.8
v 0.3 4.3 -5.8
v 0.8 4.3 -5.8
v 0.9 4.3 -5.8
v 1.1 4.3 -5.8
v 1.2 4.3 -5.8
v 1.6 4.3 -5.8
v 1.8 4.3 -5.8
v 1.9 4.3 -5.8
v 2 4.3 -5.8
v 2.4 4.3 -5.8
v 2.6 4.3 -5.8
v -0.7 4.3 -5.9
v -0.4 4.3 -5.9
v -0.0999999 4.3 -5.9
v 0 4.3 -5.9
v 0.3 4.3 -5.9
v 0.5 4.3 -5.9
v 0.6 4.3 -5.9
v 0.9 4.3 -5.9
v 1 4.3 -5.9
v 1.1 4.3 -5.9
v 1.3 4.3 -5.9
v 1.4 4.3 -5.9
v 1.5 4.3 -5.9
v 1.6 4.3 -5.9
v 2.6 4.3 -5.9
v 2.7 4.3 -5.9
v -0.7 4.3 -6
v -0.5 4.3 -6
v -0.4 4.3 -6
v -0.0999999 4.3 -6
v 0.4 4.3 -6
v 0.6 4.3 -6
v 0.9 4.3 -6
v 1.2 4.3 -6
v 1.3 4.3 -6
v 1.4 4.3 -6
v 1.5 4.3 -6
v -0.5 4.3 -6.1
v -0.4 4.3 -6.1
v 0.4 4.3 -6.1
v 0.5 4.3 -6.1
v 0.9 4.3 -6.1
v 1 4.3 -6.1
v 1.2 4.3 -6.1
v 1.3 4.3 -6.1
v 1.4 4.3 -6.1
v 1.8 4.3 -6.1
v 1.9 4.3 -6.1
v -0.4 4.3 -6.2
v -0.0999999 4.3 -6.2
v 0.5 4.3 -6.2
v 0.9 4.3 -6.2
v 1 4.3 -6.2
v 1.8 4.3 -6.2
v 1.9 4.3 -6.2
v -0.0999999 4.3 -6.3
v 0.1 4.3 -6.3
v 1.1 4.3 -6.3
v 1.3 4.3 -6.3
v 1.8 4.3 -6.3
v 2.2 4.3 -6.3
v 2.4 4.3 -6.3
v 0 4.3 -6.4
v 0.1 4.3 -6.4
v 0.3 4.3 -6.4
v 0.6 4.3 -6.4
v 1.1 4.3 -6.4
v 1.3 4.3 -6.4
v 1.6 4.3 -6.4
v 1.7 4.3 -6.4
v 1.9 4.3 -6.4
v 2.2 4.3 -6.4
v 2.4 4.3 -6.4
v 2.7 4.3 -6.4
v -0.2 4.3 -6.5
v 0 4.3 -6.5
v 0.3 4.3 -6.5
v 0.5 4.3 -6.5
v 0.6 4.3 -6.5
v 0.7 4.3 -6.5
v 1 4.3 -6.5
v 1.2 4.3 -6.5
v 1.3 4.3 -6.5
v 1.7 4.3 -6.5
v 1.9 4.3 -6.5
v 2.2 4.3 -6.5
v 2.4 4.3 -6.5
v 2.6 4.3 -6.5
v 2.7 4.3 -6.5
v -0.5 4.3 -6.6
v -0.2 4.3 -6.6
v -0.0999999 4.3 -6.6
v 0 4.3 -6.6
v 0.4 4.3 -6.6
v 0.5 4.3 -6.6
v 1 4.3 -6.6
v 1.1 4.3 -6.6
v 1.2 4.3 -6.6
v 1.6 4.3 -6.6
v 1.9 4.3 -6.6
v 2.3 4.3 -6.6
v 2.6 4.3 -6.6
v -0.6 4.3 -6.7
v -0.5 4.3 -6.7
v -0.4 4.3 -6.7
v -0.0999999 4.3 -6.7
v 1.1 4.3 -6.7
v 1.6 4.3 -6.7
v 2 4.3 -6.7
v 2.1 4.3 -6.7
v -0.5 4.3 -6.8
v -0.4 4.3 -6.8
v 0.2 4.3 -6.8
v 0.4 4.3 -6.8
v 0.6 4.3 -6.8
v 0.7 4.3 -6.8
v 2.1 4.3 -6.8
v 2.2 4.3 -6.8
v -0.7 4.3 -6.9
v -0.6 4.3 -6.9
v -0.5 4.3 -6.9
v 0.4 4.3 -6.9
v 0.6 4.3 -6.9
v -0.7 4.3 -7
v -0.6 4.3 -7
v 0.2 4.3 -7
v 0.4 4.3 -7
v 1.9 4.3 -7
v 2 4.3 -7
v 2.2 4.3 -7
v 2.3 4.3 -7
v 2.7 4.3 -7
v -6.8 4.4 7
v -6.7 4.4 7
v -6.4 4.4 6.6
v -6.3 4.4 6.6
v -6.7 4.4 6.5
v -6.4 4.4 6.5
v -6.8 4.4 6.4
v -6.3 4.4 6.4
v -5.2 4.4 -4.6
v -5.1 4.4 -4.6
v -5.2 4.4 -4.7
v -5.1 4.4 -4.7
v -4.2 4.4 -4.7
v -4 4.4 -4.8
v -3.9 4.4 -4.8
v -3.8 4.4 -4.8
v -3.3 4.4 -4.8
v -4 4.4 -5
v -3.6 4.4 -5
v -3.3 4.4 -5
v -5.2 4.4 -5.1
v -4.2 4.4 -5.1
v -3.6 4.4 -5.3
v -3.3 4.4 -5.3
v -6.7 4.5 -4.7
v -5.2 4.5 -4.7
v -4.2 4.5 -4.7
v -4 4.5 -4.7
v -3.9 4.5 -4.7
v -3.8 4.5 -4.7
v -6.2 4.5 -4.8
v -6 4.5 -4.8
v -4.1 4.5 -4.8
v -4 4.5 -4.8
v -3.9 4.5 -4.8
v -3.8 4.5 -4.8
v -6.2 4.5 -4.9
v -6.1 4.5 -4.9
v -6 4.5 -4.9
v -5.9 4.5 -4.9
v -6.4 4.5 -5
v -6.2 4.5 -5
v -6.1 4.5 -5
v -6 4.5 -5
v -5.9 4.5 -5
v -5.6 4.5 -5
v -4 4.5 -5
v -3.6 4.5 -5
v -3.3 4.5 -5
v -3.1 4.5 -5
v -3 4.5 -5
v -6.2 4.5 -5.1
v -6 4.5 -5.1
v -5.9 4.5 -5.1
v -5.8 4.5 -5.1
v -5.7 4.5 -5.1
v -5.6 4.5 -5.1
v -5.3 4.5 -5.1
v -5.2 4.5 -5.1
v -4.2 4.5 -5.1
v -4 4.5 -5.1
v -3.9 4.5 -5.1
v -6.3 4.5 -5.2
v -5.9 4.5 -5.2
v -5.8 4.5 -5.2
v -5.7 4.5 -5.2
v -5.6 4.5 -5.2
v -5.5 4.5 -5.2
v -5.3 4.5 -5.2
v -5.1 4.5 -5.2
v -5 4.5 -5.2
v -4.8 4.5 -5.2
v -4.2 4.5 -5.2
v -4.1 4.5 -5.2
v -3.9 4.5 -5.2
v -3.8 4.5 -5.2
v -3.2 4.5 -5.2
v -3.1 4.5 -5.2
v -3 4.5 -5.2
v -5.9 4.5 -5.3
v -5.5 4.5 -5.3
v -5.3 4.5 -5.3
v -5.1 4.5 -5.3
v -5 4.5 -5.3
v -4.8 4.5 -5.3
v -4.2 4.5 -5.3
v -3.6 4.5 -5.3
v -3.3 4.5 -5.3
v -3.1 4.5 -5.3
v -3 4.5 -5.3
v -5.5 4.5 -5.4
v -5.3 4.5 -5.4
v -4.6 4.5 -5.4
v -4 4.5 -5.4
v -3.3 4.5 -5.4
v -3.2 4.5 -5.4
v -3.1 4.5 -5.4
v -5.3 4.5 -5.5
v -5.2 4.5 -5.5
v -3.8 4.5 -5.5
v -3.7 4.5 -5.5
v -5.3 4.5 -5.6
v -5.2 4.5 -5.6
v -4.9 4.5 -5.6
v -4.7 4.5 -5.6
v -4.6 4.5 -5.6
v -4.4 4.5 -5.6
v -4 4.5 -5.6
v -3.9 4.5 -5.6
v -3.4 4.5 -5.6
v -3.3 4.5 -5.6
v -3.2 4.5 -5.6
v -6.4 4.5 -5.7
v -6.3 4.5 -5.7
v -5.5 4.5 -5.7
v -5.3 4.5 -5.7
v -5.2 4.5 -5.7
v -4.9 4.5 -5.7
v -4.7 4.5 -5.7
v -4.6 4.5 -5.7
v -4.4 4.5 -5.7
v -4.3 4.5 -5.7
v -3.7 4.5 -5.7
v -3.4 4.5 -5.7
v -3.3 4.5 -5.7
v -6.2 4.5 -5.8
v -5.5 4.5 -5.8
v -5.3 4.5 -5.8
v -5.2 4.5 -5.8
v -5 4.5 -5.8
v -4.6 4.5 -5.8
v -4.5 4.5 -5.8
v -4.3 4.5 -5.8
v -3.9 4.5 -5.8
v -3.8 4.5 -5.8
v -6.3 4.5 -5.9
v -6.2 4.5 -5.9
v -5.8 4.5 -5.9
v -5.6 4.5 -5.9
v -5.3 4.5 -5.9
v -5 4.5 -5.9
v -4.6 4.5 -5.9
v -4.5 4.5 -5.9
v -4.2 4.5 -5.9
v -3.9 4.5 -5.9
v -3.8 4.5 -5.9
v -6.7 4.5 -6
v -6.3 4.5 -6
v -5.9 4.5 -6
v -5.8 4.5 -6
v -5.6 4.5 -6
v -5.5 4.5 -6
v -5 4.5 -6
v -4.2 4.5 -6
v -3.9 4.5 -6
v -3.7 4.5 -6
v -3.6 4.5 -6
v -5.8 4.5 -6.1
v -5.5 4.5 -6.1
v -5.2 4.5 -6.1
v -3.7 4.5 -6.1
v -3.6 4.5 -6.1
v -3.5 4.5 -6.1
v -5.5 4.5 -6.2
v -5.3 4.5 -6.2
v -5.2 4.5 -6.2
v -5 4.5 -6.2
v -4 4.5 -6.2
v -3.9 4.5 -6.2
v -5.8 4.5 -6.3
v -5.3 4.5 -6.3
v -5.1 4.5 -6.3
v -5 4.5 -6.3
v -4.9 4.5 -6.3
v -4.5 4.5 -6.3
v -4.3 4.5 -6.3
v -3.7 4.5 -6.3
v -3.6 4.5 -6.3
v -3.5 4.5 -6.3
v -3.4 4.5 -6.3
v -3.3 4.5 -6.3
v -3.2 4.5 -6.3
v -3 4.5 -6.3
v -4.5 4.5 -6.4
v -4.3 4.5 -6.4
v -4 4.5 -6.4
v -3.8 4.5 -6.4
v -3.7 4.5 -6.4
v -3.6 4.5 -6.4
v -3.5 4.5 -6.4
v -3.2 4.5 -6.4
v -3 4.5 -6.4
v -4.3 4.5 -6.5
v -4.1 4.5 -6.5
v -3.9 4.5 -6.5
v -3.8 4.5 -6.5
v -3.5 4.5 -6.6
v -3.4 4.5 -6.6
v -3.3 4.5 -6.6
v -3.2 4.5 -6.6
v -4.2 4.5 -6.7
v -4.1 4.5 -6.7
v -4 4.5 -6.7
v -3.9 4.5 -6.7
v -3.4 4.5 -6.7
v -3.3 4.5 -6.7
v -3.2 4.5 -6.7
v -3.1 4.5 -6.7
v -4.2 4.5 -6.9
v -4 4.5 -6.9
v -3.3 4.5 -6.9
v -3.2 4.5 -6.9
v -3.1 4.5 -6.9
v -3 4.5 -6.9
v -4.5 4.5 -7
v -3.2 4.5 -7
v -3 4.5 -7
v -6.1 4.6 -1.4
v -5.7 4.6 -1.4
v -5.7 4.6 -1.7
v -6.1 4.6 -1.9
v -5.7 4.6 -1.9
v -5.8 4.7 -0.3
v -5.5 4.7 -0.3
v -5.8 4.7 -1
v -5.5 4.7 -1
v -2.6 4.7 -5.2
v -1.6 4.7 -5.2
v -2.6 4.7 -5.6
v -1.6 4.7 -5.6
v -6 4.9 -2.2
v -5.7 4.9 -2.2
v -5.7 4.9 -2.3
v -6 4.9 -2.4
v -5.7 4.9 -2.4
v -7 5 7
v -6.8 5 7
v -6.8 5 6.4
v -6.3 5 6.4
v -7 5 3.5
v -6.3 5 3.5
v -6.5 5.1 0
v -6.3 5.1 0
v -6.2 5.1 0
v -5.5 5.1 0
v -5.6 5.1 -0.1
v -5.5 5.1 -0.1
v -6.2 5.1 -0.2
v -6.1 5.1 -0.2
v -5.6 5.1 -0.2
v -5.5 5.1 -0.2
v -5.8 5.1 -0.3
v -5.5 5.1 -0.3
v -6.3 5.1 -0.5
v -6.2 5.1 -0.5
v -6.3 5.1 -0.6
v -6.2 5.1 -0.6
v -7 5.1 -0.9
v -6.5 5.1 -0.9
v -6.2 5.1 -0.9
v -6.1 5.1 -0.9
v -6.2 5.1 -1
v -6.1 5.1 -1
v -5.8 5.1 -1
v -5.7 5.1 -1
v -5.5 5.1 -1
v -6.4 5.1 -1.1
v -6.3 5.1 -1.1
v -6.1 5.1 -1.1
v -5.8 5.1 -1.1
v -5.7 5.1 -1.1
v -5.6 5.1 -1.1
v -7 5.1 -1.2
v -6.9 5.1 -1.2
v -6 5.1 -1.2
v -5.7 5.1 -1.2
v -6.9 5.1 -1.3
v -6.8 5.1 -1.3
v -6.5 5.1 -1.3
v -6.4 5.1 -1.3
v -6.2 5.1 -1.3
v -6 5.1 -1.3
v -5.7 5.1 -1.3
v -5.6 5.1 -1.3
v -7 5.1 -1.4
v -6.9 5.1 -1.4
v -6.8 5.1 -1.4
v -6.5 5.1 -1.4
v -6.3 5.1 -1.4
v -6.2 5.1 -1.4
v -6.1 5.1 -1.4
v -5.7 5.1 -1.4
v -6.9 5.1 -1.5
v -6.8 5.1 -1.5
v -6.8 5.1 -1.6
v -6.7 5.1 -1.6
v -6.4 5.1 -1.6
v -6.3 5.1 -1.6
v -5.7 5.1 -1.7
v -5.5 5.1 -1.7
v -6.8 5.1 -1.8
v -6.7 5.1 -1.8
v -6.9 5.1 -1.9
v -6.8 5.1 -1.9
v -6.6 5.1 -1.9
v -6.5 5.1 -1.9
v -6.4 5.1 -1.9
v -6.3 5.1 -1.9
v -6.1 5.1 -1.9
v -5.7 5.1 -1.9
v -6.3 5.1 -2
v -6.2 5.1 -2
v -6.8 5.1 -2.1
v -6.7 5.1 -2.1
v -6.5 5.1 -2.1
v -6.4 5.1 -2.1
v -6.9 5.1 -2.2
v -6.8 5.1 -2.2
v -6.7 5.1 -2.2
v -6 5.1 -2.2
v -5.7 5.1 -2.2
v -6.9 5.1 -2.3
v -6.8 5.1 -2.3
v -6.6 5.1 -2.3
v -6.2 5.1 -2.3
v -6.1 5.1 -2.3
v -5.7 5.1 -2.3
v -5.5 5.1 -2.3
v -7 5.1 -2.4
v -6.9 5.1 -2.4
v -6.4 5.1 -2.4
v -6.3 5.1 -2.4
v -6 5.1 -2.4
v -5.7 5.1 -2.4
v -6.9 5.1 -2.5
v -6.8 5.1 -2.5
v -7 5.1 -2.6
v -6.9 5.1 -2.6
v -6.2 5.1 -2.6
v -6.1 5.1 -2.6
v -7 5.1 -2.7
v -6.3 5.1 -2.7
v -6.2 5.1 -2.7
v -5.5 5.1 -2.7
v -5.2 5.2 3.5
v -5.1 5.2 3.5
v -5.2 5.2 3.1
v -5.1 5.2 3.1
v -1.1 5.2 -5.2
v -0.7 5.2 -5.2
v -1.1 5.2 -5.5
v -0.8 5.2 -5.5
v -0.7 5.2 -5.5
v -7 5.3 -4.7
v -6.7 5.3 -4.7
v -1 5.3 -5.5
v -0.8 5.3 -5.5
v -0.7 5.3 -5.5
v -0.8 5.3 -5.7
v -0.7 5.3 -5.7
v -1 5.3 -5.9
v -0.7 5.3 -5.9
v -6.7 5.3 -6
v -6.4 5.3 -6
v -6.3 5.3 -6
v -5.8 5.3 -6
v -6.3 5.3 -6.1
v -6 5.3 -6.1
v -6.5 5.3 -6.2
v -6.4 5.3 -6.2
v -6.2 5.3 -6.2
v -6.1 5.3 -6.2
v -6.7 5.3 -6.3
v -6.5 5.3 -6.3
v -6.4 5.3 -6.3
v -6.2 5.3 -6.3
v -6 5.3 -6.3
v -5.8 5.3 -6.3
v -5.5 5.3 -6.3
v -4.5 5.3 -6.3
v -7 5.3 -6.4
v -6.7 5.3 -6.4
v -6.4 5.3 -6.4
v -6.1 5.3 -6.4
v -6 5.3 -6.4
v -5.7 5.3 -6.4
v -5.6 5.3 -6.4
v -5.5 5.3 -6.4
v -5.1 5.3 -6.4
v -4.6 5.3 -6.4
v -7 5.3 -6.5
v -6.6 5.3 -6.5
v -6.3 5.3 -6.5
v -6 5.3 -6.5
v -5.6 5.3 -6.5
v -5.5 5.3 -6.5
v -5.4 5.3 -6.5
v -5.1 5.3 -6.5
v -5 5.3 -6.5
v -4.6 5.3 -6.5
v -6.6 5.3 -6.6
v -6.3 5.3 -6.6
v -6.1 5.3 -6.6
v -5.7 5.3 -6.6
v -5.6 5.3 -6.6
v -5.5 5.3 -6.6
v -5.4 5.3 -6.6
v -5.3 5.3 -6.6
v -5 5.3 -6.6
v -6.3 5.3 -6.7
v -6.2 5.3 -6.7
v -6.1 5.3 -6.7
v -5.8 5.3 -6.7
v -5.6 5.3 -6.7
v -5.5 5.3 -6.7
v -5.3 5.3 -6.7
v -5 5.3 -6.7
v -6.2 5.3 -6.8
v -5.9 5.3 -6.8
v -5.8 5.3 -6.8
v -5.6 5.3 -6.8
v -5.4 5.3 -6.8
v -5.1 5.3 -6.8
v -5.9 5.3 -6.9
v -5.6 5.3 -6.9
v -5.5 5.3 -6.9
v -5.4 5.3 -6.9
v -5.1 5.3 -6.9
v -7 5.3 -7
v -5.6 5.3 -7
v -5.5 5.3 -7
v -5.4 5.3 -7
v -5 5.3 -7
v -4.5 5.3 -7
v -5.5 5.5 -2.7
v -5.3 5.5 -2.7
v -5.5 5.5 -2.8
v -5.3 5.5 -2.8
v -1.5 5.6 -5.3
v -1.3 5.6 -5.3
v -1.4 5.6 -5.5
v -1.3 5.6 -5.5
v -1.5 5.6 -5.6
v -1.4 5.6 -5.6
v -1.3 5.6 -5.6
v -5.5 5.7 3.5
v -5.2 5.7 3.5
v -5.5 5.7 3.4
v -5.2 5.7 3.4
v -5.4 5.7 3.3
v -5.2 5.7 3.3
v -5.4 5.7 3.2
v -5.2 5.7 3.2
v -5.2 5.7 -2.8
v -5.1 5.7 -2.8
v -5.2 5.7 -3
v -5.1 5.7 -3
v -3 5.7 -5.2
v -2.6 5.7 -5.2
v -1.6 5.7 -5.2
v -1.1 5.7 -5.2
v -1.5 5.7 -5.3
v -1.3 5.7 -5.3
v -1.3 5.7 -5.5
v -1.2 5.7 -5.5
v -1.1 5.7 -5.5
v -1 5.7 -5.5
v -2.6 5.7 -5.6
v -2.4 5.7 -5.6
v -2.3 5.7 -5.6
v -1.6 5.7 -5.6
v -1.5 5.7 -5.6
v -1.4 5.7 -5.6
v -1.3 5.7 -5.6
v -1.2 5.7 -5.6
v -2.3 5.7 -5.7
v -2.2 5.7 -5.7
v -1.5 5.7 -5.7
v -1.4 5.7 -5.7
v -2.4 5.7 -5.8
v -2.3 5.7 -5.8
v -2.2 5.7 -5.8
v -2 5.7 -5.8
v -1.6 5.7 -5.8
v -1.5 5.7 -5.8
v -1.4 5.7 -5.9
v -1.3 5.7 -5.9
v -1 5.7 -5.9
v -0.8 5.7 -5.9
v -0.7 5.7 -5.9
v -3 5.7 -6
v -2.7 5.7 -6
v -2.3 5.7 -6
v -2.2 5.7 -6
v -2 5.7 -6
v -1.6 5.7 -6
v -0.9 5.7 -6
v -0.8 5.7 -6
v -0.7 5.7 -6
v -2.7 5.7 -6.1
v -2.6 5.7 -6.1
v -2.3 5.7 -6.1
v -2.2 5.7 -6.1
v -1.4 5.7 -6.1
v -1.1 5.7 -6.1
v -1 5.7 -6.1
v -0.9 5.7 -6.1
v -0.8 5.7 -6.1
v -3 5.7 -6.2
v -2.8 5.7 -6.2
v -2.6 5.7 -6.2
v -2.4 5.7 -6.2
v -1.9 5.7 -6.2
v -1.7 5.7 -6.2
v -1.1 5.7 -6.2
v -1 5.7 -6.2
v -0.9 5.7 -6.2
v -2.8 5.7 -6.3
v -2.7 5.7 -6.3
v -2.4 5.7 -6.3
v -2.3 5.7 -6.3
v -1.6 5.7 -6.3
v -1.4 5.7 -6.3
v -1 5.7 -6.3
v -0.7 5.7 -6.3
v -2.3 5.7 -6.4
v -2.1 5.7 -6.4
v -1.9 5.7 -6.4
v -1.7 5.7 -6.4
v -1.4 5.7 -6.4
v -1.3 5.7 -6.4
v -2.8 5.7 -6.5
v -2.7 5.7 -6.5
v -2.3 5.7 -6.5
v -2.1 5.7 -6.5
v -2 5.7 -6.5
v -1.6 5.7 -6.5
v -1.3 5.7 -6.5
v -0.9 5.7 -6.5
v -2.6 5.7 -6.6
v -2.2 5.7 -6.6
v -2.1 5.7 -6.6
v -2 5.7 -6.6
v -1.9 5.7 -6.6
v -1.6 5.7 -6.6
v -1.3 5.7 -6.6
v -0.9 5.7 -6.6
v -0.7 5.7 -6.6
v -2.2 5.7 -6.7
v -2 5.7 -6.7
v -1.9 5.7 -6.7
v -1.7 5.7 -6.7
v -1.6 5.7 -6.7
v -2.9 5.7 -6.8
v -2.8 5.7 -6.8
v -2.7 5.7 -6.8
v -2.6 5.7 -6.8
v -2 5.7 -6.8
v -1.9 5.7 -6.8
v -1.7 5.7 -6.8
v -1.6 5.7 -6.8
v -2.9 5.7 -6.9
v -2.7 5.7 -6.9
v -1.8 5.7 -6.9
v -1.7 5.7 -6.9
v -1.6 5.7 -6.9
v -1.5 5.7 -6.9
v -3 5.7 -7
v -1.9 5.7 -7
v -1.8 5.7 -7
v -1.7 5.7 -7
v -1.5 5.7 -7
v -0.7 5.7 -7
v -5.5 5.8 3.2
v -5.4 5.8 3.2
v -5.2 5.8 3.2
v -5.2 5.8 3.1
v -5.1 5.8 3.1
v -5.5 5.8 3
v -5.1 5.8 3
v -5.2 5.8 1.4
v -5.1 5.8 1.4
v -5.2 5.8 1.2
v -5.1 5.8 1.2
v -5.7 5.9 1.4
v -5.2 5.9 1.4
v -5.7 5.9 1.2
v -5.2 5.9 1.2
v -5.7 5.9 -2.7
v -5.5 5.9 -2.7
v -5.3 5.9 -2.7
v -5.2 5.9 -2.7
v -5.5 5.9 -2.8
v -5.3 5.9 -2.8
v -5.2 5.9 -2.8
v -5.7 5.9 -3
v -5.2 5.9 -3
v -5.9 6 1.5
v -5.5 6 1.5
v -5.7 6 1.4
v -5.5 6 1.4
v -5.9 6 1.2
v -5.7 6 1.2
v -6.1 6.2 3.4
v -5.5 6.2 3.4
v -5.2 6.2 3.4
v -5.1 6.2 3.4
v -5.4 6.2 3.3
v -5.2 6.2 3.3
v -5.5 6.2 3.2
v -5.4 6.2 3.2
v -5.2 6.2 3.2
v -5.1 6.2 3.2
v -6.1 6.2 3
v -5.5 6.2 3
v -7 6.2 -2.7
v -6 6.2 -2.7
v -5.9 6.2 -2.7
v -5.7 6.2 -2.7
v -5.2 6.2 -2.7
v -5.1 6.2 -2.7
v -6.1 6.2 -2.8
v -6 6.2 -2.8
v -5.2 6.2 -2.8
v -5.1 6.2 -2.8
v -7 6.2 -2.9
v -6.8 6.2 -2.9
v -6.7 6.2 -2.9
v -6.4 6.2 -2.9
v -6.2 6.2 -2.9
v -6.1 6.2 -2.9
v -6 6.2 -2.9
v -5.9 6.2 -2.9
v -7 6.2 -3
v -6.9 6.2 -3
v -6.8 6.2 -3
v -6.7 6.2 -3
v -6.4 6.2 -3
v -6.2 6.2 -3
v -5.7 6.2 -3
v -5.1 6.2 -3
v -6.9 6.2 -3.1
v -6.8 6.2 -3.1
v -6.6 6.2 -3.1
v -6.5 6.2 -3.1
v -6.3 6.2 -3.1
v -6 6.2 -3.1
v -6.9 6.2 -3.2
v -6.8 6.2 -3.2
v -6.7 6.2 -3.2
v -6.6 6.2 -3.2
v -6.5 6.2 -3.2
v -6.3 6.2 -3.2
v -5.1 6.2 -3.2
v -6.8 6.2 -3.5
v -6.7 6.2 -3.5
v -7 6.2 -3.6
v -6.9 6.2 -3.6
v -6.9 6.2 -3.9
v -6.8 6.2 -3.9
v -7 6.2 -4.2
v -6.9 6.2 -4.2
v -6.7 6.2 -4.3
v -5.1 6.2 -4.3
v -7 6.2 -4.7
v -5.1 6.2 -4.7
v -7 6.3 3.5
v -5.5 6.3 3.5
v -5.2 6.3 3.5
v -5.1 6.3 3.5
v -6.1 6.3 3.4
v -5.5 6.3 3.4
v -5.2 6.3 3.4
v -5.1 6.3 3.4
v -6.4 6.3 3.3
v -6.3 6.3 3.3
v -6.9 6.3 3.1
v -6.8 6.3 3.1
v -7 6.3 3
v -6.9 6.3 3
v -6.1 6.3 3
v -5.1 6.3 3
v -6.5 6.3 2.9
v -6.4 6.3 2.9
v -6.3 6.3 2.9
v -5.1 6.3 2.9
v -7 6.3 2.6
v -6.9 6.3 2.6
v -6.6 6.3 2.6
v -6.5 6.3 2.6
v -6.4 6.3 2.6
v -6.8 6.3 2.5
v -6.7 6.3 2.5
v -6.7 6.3 2.4
v -6.6 6.3 2.4
v -6.5 6.3 2.4
v -6.9 6.3 2.3
v -6.8 6.3 2.3
v -6.7 6.3 2.3
v -6.6 6.3 2.3
v -6.7 6.3 2.1
v -6.6 6.3 2.1
v -6.9 6.3 2
v -6.8 6.3 2
v -6.7 6.3 2
v -6.8 6.3 1.9
v -6.7 6.3 1.9
v -7 6.3 1.7
v -6.9 6.3 1.7
v -6.8 6.3 1.7
v -6.7 6.3 1.7
v -6.6 6.3 1.7
v -6.5 6.3 1.7
v -6.6 6.3 1.6
v -6.5 6.3 1.6
v -6.3 6.3 1.6
v -5.1 6.3 1.6
v -7 6.3 1.5
v -6.8 6.3 1.5
v -6.7 6.3 1.5
v -6.6 6.3 1.5
v -6.5 6.3 1.5
v -5.9 6.3 1.5
v -5.5 6.3 1.5
v -6.8 6.3 1.4
v -6.6 6.3 1.4
v -5.5 6.3 1.4
v -5.1 6.3 1.4
v -6.5 6.3 1.3
v -6.4 6.3 1.3
v -7 6.3 1.2
v -6.6 6.3 1.2
v -6.4 6.3 1.2
v -5.9 6.3 1.2
v -4.8 6.5 2.9
v -4.2 6.5 2.9
v -4.8 6.5 2.8
v -4.2 6.5 2.8
v -5.5 6.5 -3.5
v -4.9 6.5 -3.5
v -5.5 6.5 -3.9
v -4.9 6.5 -3.9
v -4.4 6.6 2.8
v -4.2 6.6 2.8
v -4.4 6.6 2.5
v -4.2 6.6 2.5
v -5.6 6.6 -3.2
v -4.9 6.6 -3.2
v -5.5 6.6 -3.5
v -4.9 6.6 -3.5
v -5.6 6.6 -3.7
v -5.5 6.6 -3.7
v -5.9 6.7 -3.2
v -5.6 6.7 -3.2
v -5.9 6.7 -3.4
v -5.6 6.7 -3.4
v -4.3 6.9 1.8
v -4.2 6.9 1.8
v -4.3 6.9 1.6
v -4.2 6.9 1.6
v -4.4 7.1 2.5
v -4.2 7.1 2.5
v -4.4 7.1 2.1
v -4.2 7.1 2.1
v -5.1 7.2 2.8
v -4.8 7.2 2.8
v -4.4 7.2 2.8
v -5.1 7.2 2.2
v -4.4 7.2 2.2
v -6.7 7.2 -3.2
v -5.6 7.2 -3.2
v -5.6 7.2 -3.7
v -5.5 7.2 -3.7
v -5.5 7.2 -3.9
v -4.9 7.2 -3.9
v -6.7 7.2 -4.3
v -4.9 7.2 -4.3
v -6.3 7.3 2.9
v -4.8 7.3 2.9
v -5.1 7.3 2.8
v -4.8 7.3 2.8
v -5.1 7.3 2.2
v -4.4 7.3 2.2
v -4.4 7.3 2.1
v -4.2 7.3 2.1
v -4.3 7.3 1.8
v -4.2 7.3 1.8
v -6.3 7.3 1.6
v -4.3 7.3 1.6

# faces
f 3/1/1 2/1/1 1/1/1
f 4/1/1 2/1/1 3/1/1
f 5/5/1 4/5/1 3/5/1
f 6/5/1 4/5/1 5/5/1
f 7/5/1 4/5/1 6/5/1
f 8/5/1 4/5/1 7/5/1
f 9/5/1 5/5/1 3/5/1
f 10/5/1 5/5/1 9/5/1
f 11/5/1 4/5/1 8/5/1
f 12/5/1 4/5/1 11/5/1
f 13/5/1 4/5/1 12/5/1
f 14/5/1 4/5/1 13/5/1
f 15/5/1 4/5/1 14/5/1
f 16/5/1 4/5/1 15/5/1
f 17/3/1 12/3/1 11/3/1
f 18/1/1 13/1/1 12/1/1
f 18/3/1 12/3/1 17/3/1
f 19/3/1 14/3/1 13/3/1
f 19/1/1 13/1/1 18/1/1
f 20/1/1 15/1/1 14/1/1
f 20/3/1 14/3/1 19/3/1
f 21/3/1 16/3/1 15/3/1
f 21/1/1 15/1/1 20/1/1
f 22/5/1 4/5/1 16/5/1
f 22/3/1 16/3/1 21/3/1
f 23/5/1 4/5/1 22/5/1
f 24/5/1 4/5/1 23/5/1
f 25/5/1 4/5/1 24/5/1
f 26/5/1 4/5/1 25/5/1
f 27/5/1 23/5/1 22/5/1
f 27/3/1 24/3/1 23/3/1
f 28/1/1 25/1/1 24/1/1
f 28/3/1 24/3/1 27/3/1
f 29/3/1 26/3/1 25/3/1
f 29/1/1 25/1/1 28/1/1
f 30/3/1 26/3/1 29/3/1
f 31/5/1 27/5/1 22/5/1
f 32/5/1 27/5/1 31/5/1
f 33/5/1 27/5/1 32/5/1
f 34/5/1 27/5/1 33/5/1
f 35/5/1 27/5/1 34/5/1
f 36/5/1 27/5/1 35/5/1
f 37/5/1 5/5/1 10/5/1
f 38/5/1 5/5/1 37/5/1
f 39/5/1 5/5/1 38/5/1
f 40/5/1 5/5/1 39/5/1
f 41/5/1 5/5/1 40/5/1
f 42/5/1 5/5/1 41/5/1
f 43/3/1 32/3/1 31/3/1
f 44/1/1 33/1/1 32/1/1
f 44/3/1 32/3/1 43/3/1
f 45/3/1 34/3/1 33/3/1
f 45/1/1 33/1/1 44/1/1
f 46/1/1 35/1/1 34/1/1
f 46/3/1 34/3/1 45/3/1
f 47/3/1 36/3/1 35/3/1
f 47/1/1 35/1/1 46/1/1
f 48/3/1 36/3/1 47/3/1
f 49/3/1 38/3/1 37/3/1
f 50/1/1 39/1/1 38/1/1
f 50/3/1 38/3/1 49/3/1
f 51/3/1 40/3/1 39/3/1
f 51/1/1 39/1/1 50/1/1
f 52/1/1 41/1/1 40/1/1
f 52/3/1 40/3/1 51/3/1
f 53/3/1 42/3/1 41/3/1
f 53/1/1 41/1/1 52/1/1
f 54/3/1 42/3/1 53/3/1
f 57/5/1 56/5/1 55/5/1
f 59/5/1 57/5/1 55/5/1
f 59/5/1 58/5/1 57/5/1
f 60/5/1 58/5/1 59/5/1
f 64/5/1 62/5/1 61/5/1
f 64/5/1 63/5/1 62/5/1
f 65/5/1 63/5/1 64/5/1
f 66/1/1 65/1/1 64/1/1
f 67/5/1 63/5/1 65/5/1
f 67/1/1 65/1/1 66/1/1
f 68/5/1 67/5/1 66/5/1
f 69/5/1 63/5/1 67/5/1
f 69/5/1 67/5/1 68/5/1
f 73/5/1 71/5/1 70/5/1
f 74/5/1 73/5/1 72/5/1
f 75/5/1 71/5/1 73/5/1
f 75/5/1 73/5/1 74/5/1
f 76/3/1 75/3/1 74/3/1
f 77/3/1 75/3/1 76/3/1
f 80/5/1 79/5/1 78/5/1
f 81/5/1 79/5/1 80/5/1
f 84/3/1 83/3/1 82/3/1
f 85/3/1 83/3/1 84/3/1
f 88/5/1 87/5/1 86/5/1
f 89/5/1 87/5/1 88/5/1
f 94/5/1 91/5/1 90/5/1
f 95/5/1 91/5/1 94/5/1
f 96/5/1 93/5/1 92/5/1
f 97/5/1 93/5/1 96/5/1
f 98/3/1 95/3/1 94/3/1
f 99/3/1 95/3/1 98/3/1
f 100/3/1 97/3/1 96/3/1
f 101/3/1 97/3/1 100/3/1
f 104/5/1 103/5/1 102/5/1
f 105/5/1 103/5/1 104/5/1
f 106/3/1 105/3/1 104/3/1
f 107/3/1 105/3/1 106/3/1
f 110/5/1 109/5/1 108/5/1
f 111/5/1 109/5/1 110/5/1
f 112/5/1 110/5/1 108/5/1
f 113/5/1 110/5/1 112/5/1
f 116/5/1 115/5/1 114/5/1
f 117/5/1 115/5/1 116/5/1
f 124/5/1 119/5/1 118/5/1
f 125/5/1 121/5/1 120/5/1
f 126/5/1 121/5/1 125/5/1
f 127/5/1 123/5/1 122/5/1
f 128/5/1 123/5/1 127/5/1
f 129/5/1 124/5/1 118/5/1
f 130/5/1 124/5/1 129/5/1
f 133/1/1 132/1/1 131/1/1
f 134/1/1 132/1/1 133/1/1
f 135/3/1 134/3/1 133/3/1
f 136/3/1 134/3/1 135/3/1
f 139/3/1 138/3/1 137/3/1
f 140/3/1 138/3/1 139/3/1
f 143/5/1 142/5/1 141/5/1
f 145/5/1 143/5/1 141/5/1
f 145/5/1 144/5/1 143/5/1
f 146/5/1 144/5/1 145/5/1
f 148/1/1 147/1/1 146/1/1
f 149/1/1 147/1/1 148/1/1
f 152/3/1 151/3/1 150/3/1
f 153/3/1 151/3/1 152/3/1
f 160/5/1 155/5/1 154/5/1
f 160/5/1 159/5/1 158/5/1
f 160/5/1 158/5/1 157/5/1
f 160/5/1 157/5/1 156/5/1
f 160/5/1 156/5/1 155/5/1
f 161/5/1 159/5/1 160/5/1
f 162/5/1 159/5/1 161/5/1
f 163/5/1 159/5/1 162/5/1
f 164/3/1 161/3/1 160/3/1
f 165/1/1 162/1/1 161/1/1
f 165/3/1 161/3/1 164/3/1
f 166/3/1 163/3/1 162/3/1
f 166/1/1 162/1/1 165/1/1
f 167/3/1 163/3/1 166/3/1
f 170/4/1 169/4/1 168/4/1
f 171/4/1 169/4/1 170/4/1
f 172/3/1 171/3/1 170/3/1
f 173/3/1 171/3/1 172/3/1
f 176/4/1 175/4/1 174/4/1
f 177/4/1 175/4/1 176/4/1
f 178/3/1 177/3/1 176/3/1
f 179/3/1 177/3/1 178/3/1
f 182/4/1 181/4/1 180/4/1
f 183/4/1 182/4/1 180/4/1
f 184/4/1 182/4/1 183/4/1
f 187/5/1 186/5/1 185/5/1
f 188/5/1 186/5/1 187/5/1
f 189/3/1 188/3/1 187/3/1
f 190/3/1 188/3/1 189/3/1
f 194/3/1 192/3/1 191/3/1
f 195/1/1 193/1/1 192/1/1
f 195/3/1 192/3/1 194/3/1
f 196/1/1 193/1/1 195/1/1
f 199/5/1 198/5/1 197/5/1
f 200/5/1 199/5/1 197/5/1
f 201/5/1 199/5/1 200/5/1
f 202/5/1 199/5/1 201/5/1
f 203/3/1 201/3/1 200/3/1
f 204/1/1 202/1/1 201/1/1
f 204/3/1 201/3/1 203/3/1
f 205/1/1 202/1/1 204/1/1
f 208/5/1 207/5/1 206/5/1
f 209/5/1 207/5/1 208/5/1
f 210/5/1 207/5/1 209/5/1
f 211/5/1 207/5/1 210/5/1
f 212/5/1 207/5/1 211/5/1
f 213/1/1 212/1/1 211/1/1
f 214/1/1 212/1/1 213/1/1
f 217/5/1 216/5/1 215/5/1
f 218/5/1 216/5/1 217/5/1
f 221/5/1 220/5/1 219/5/1
f 222/5/1 220/5/1 221/5/1
f 223/3/1 222/3/1 221/3/1
f 224/3/1 222/3/1 223/3/1
f 227/1/1 226/1/1 225/1/1
f 228/1/1 226/1/1 227/1/1
f 229/4/1 228/4/1 227/4/1
f 230/4/1 228/4/1 229/4/1
f 231/4/1 228/4/1 230/4/1
f 234/1/1 233/1/1 232/1/1
f 235/1/1 234/1/1 232/1/1
f 236/1/1 234/1/1 235/1/1
f 239/5/1 238/5/1 237/5/1
f 240/5/1 238/5/1 239/5/1
f 241/5/1 238/5/1 240/5/1
f 242/3/1 240/3/1 239/3/1
f 243/1/1 241/1/1 240/1/1
f 243/3/1 240/3/1 242/3/1
f 244/1/1 241/1/1 243/1/1
f 247/5/1 246/5/1 245/5/1
f 248/5/1 246/5/1 247/5/1
f 249/3/1 248/3/1 247/3/1
f 250/3/1 248/3/1 249/3/1
f 253/5/1 252/5/1 251/5/1
f 254/5/1 253/5/1 251/5/1
f 255/5/1 253/5/1 254/5/1
f 258/5/1 257/5/1 256/5/1
f 259/5/1 257/5/1 258/5/1
f 262/5/1 261/5/1 260/5/1
f 263/5/1 261/5/1 262/5/1
f 266/5/1 265/5/1 264/5/1
f 267/5/1 265/5/1 266/5/1
f 270/5/1 269/5/1 268/5/1
f 271/5/1 269/5/1 270/5/1
f 274/5/1 273/5/1 272/5/1
f 275/5/1 273/5/1 274/5/1
f 278/5/1 277/5/1 276/5/1
f 279/5/1 277/5/1 278/5/1
f 282/5/1 281/5/1 280/5/1
f 283/5/1 281/5/1 282/5/1
f 286/5/1 285/5/1 284/5/1
f 287/5/1 285/5/1 286/5/1
f 288/3/1 287/3/1 286/3/1
f 289/3/1 287/3/1 288/3/1
f 292/3/1 291/3/1 290/3/1
f 293/3/1 291/3/1 292/3/1
f 294/5/2 295/5/2 296/5/2
f 296/5/2 295/5/2 297/5/2
f 298/5/2 299/5/2 300/5/2
f 298/5/2 300/5/2 302/5/2
f 300/5/2 301/5/2 302/5/2
f 302/5/2 301/5/2 303/5/2
f 304/5/2 305/5/2 306/5/2
f 306/5/2 305/5/2 307/5/2
f 306/3/2 307/3/2 308/3/2
f 308/3/2 307/3/2 309/3/2
f 310/5/2 311/5/2 312/5/2
f 312/5/2 311/5/2 313/5/2
f 313/5/2 311/5/2 314/5/2
f 314/5/2 311/5/2 315/5/2
f 316/5/2 317/5/2 320/5/2
f 318/5/2 319/5/2 320/5/2
f 317/5/2 318/5/2 320/5/2
f 320/5/2 319/5/2 321/5/2
f 321/5/2 319/5/2 322/5/2
f 322/5/2 319/5/2 323/5/2
f 324/5/2 325/5/2 326/5/2
f 326/5/2 325/5/2 327/5/2
f 326/3/2 327/3/2 328/3/2
f 328/3/2 327/3/2 329/3/2
f 330/3/2 331/3/2 332/3/2
f 332/3/2 331/3/2 333/3/2
f 334/5/2 335/5/2 336/5/2
f 336/5/2 335/5/2 337/5/2
f 336/3/2 337/3/2 338/3/2
f 338/3/2 337/3/2 339/3/2
f 340/5/2 341/5/2 342/5/2
f 342/5/2 341/5/2 343/5/2
f 342/3/2 343/3/2 344/3/2
f 344/3/2 343/3/2 345/3/2
f 346/5/2 347/5/2 348/5/2
f 348/5/2 347/5/2 349/5/2
f 350/1/2 351/1/2 353/1/2
f 351/5/2 352/5/2 354/5/2
f 353/1/2 351/1/2 354/1/2
f 355/5/2 356/5/2 357/5/2
f 357/5/2 356/5/2 358/5/2
f 357/3/2 358/3/2 359/3/2
f 359/3/2 358/3/2 360/3/2
f 353/5/2 354/5/2 361/5/2
f 354/5/2 352/5/2 362/5/2
f 361/5/2 354/5/2 362/5/2
f 361/3/2 362/3/2 363/3/2
f 363/3/2 362/3/2 364/3/2
f 365/5/2 366/5/2 367/5/2
f 367/5/2 366/5/2 368/5/2
f 368/5/2 366/5/2 369/5/2
f 369/5/2 366/5/2 370/5/2
f 368/5/2 369/5/2 371/5/2
f 371/5/2 369/5/2 372/5/2
f 371/3/2 372/3/2 373/3/2
f 373/3/2 372/3/2 374/3/2
f 375/5/2 376/5/2 379/5/2
f 379/5/2 376/5/2 380/5/2
f 377/5/2 378/5/2 381/5/2
f 381/5/2 378/5/2 382/5/2
f 381/3/2 382/3/2 383/3/2
f 383/3/2 382/3/2 384/3/2
f 385/5/2 386/5/2 387/5/2
f 387/5/2 386/5/2 388/5/2
f 387/3/2 388/3/2 389/3/2
f 389/3/2 388/3/2 390/3/2
f 391/5/2 392/5/2 393/5/2
f 393/5/2 392/5/2 394/5/2
f 394/5/2 392/5/2 396/5/2
f 395/5/2 396/5/2 397/5/2
f 396/5/2 392/5/2 398/5/2
f 397/5/2 396/5/2 398/5/2
f 401/5/2 402/5/2 403/5/2
f 403/5/2 402/5/2 404/5/2
f 399/5/2 400/5/2 406/5/2
f 405/5/2 406/5/2 407/5/2
f 406/5/2 400/5/2 407/5/2
f 407/5/2 400/5/2 408/5/2
f 405/5/2 407/5/2 409/5/2
f 409/5/2 407/5/2 410/5/2
f 410/5/2 407/5/2 411/5/2
f 411/5/2 407/5/2 412/5/2
f 405/5/2 409/5/2 413/5/2
f 413/5/2 409/5/2 414/5/2
f 410/5/2 411/5/2 415/5/2
f 415/5/2 411/5/2 416/5/2
f 412/5/2 407/5/2 417/5/2
f 417/5/2 407/5/2 418/5/2
f 408/5/2 400/5/2 419/5/2
f 419/5/2 400/5/2 420/5/2
f 413/3/2 414/3/2 421/3/2
f 421/3/2 414/3/2 422/3/2
f 415/3/2 416/3/2 423/3/2
f 423/3/2 416/3/2 424/3/2
f 417/3/2 418/3/2 425/3/2
f 425/3/2 418/3/2 426/3/2
f 419/3/2 420/3/2 427/3/2
f 427/3/2 420/3/2 428/3/2
f 429/5/2 430/5/2 435/5/2
f 435/5/2 430/5/2 436/5/2
f 431/5/2 432/5/2 437/5/2
f 437/5/2 432/5/2 438/5/2
f 433/5/2 434/5/2 439/5/2
f 439/5/2 434/5/2 440/5/2
f 437/3/2 438/3/2 441/3/2
f 441/3/2 438/3/2 442/3/2
f 443/5/2 444/5/2 445/5/2
f 445/5/2 444/5/2 446/5/2
f 446/5/2 444/5/2 447/5/2
f 447/5/2 444/5/2 448/5/2
f 449/5/2 450/5/2 451/5/2
f 451/5/2 450/5/2 452/5/2
f 449/5/2 451/5/2 453/5/2
f 453/5/2 451/5/2 454/5/2
f 452/5/2 450/5/2 455/5/2
f 455/5/2 450/5/2 456/5/2
f 457/5/2 458/5/2 459/5/2
f 457/5/2 459/5/2 460/5/2
f 460/5/2 459/5/2 461/5/2
f 462/5/2 463/5/2 464/5/2
f 462/5/2 464/5/2 465/5/2
f 465/5/2 466/5/2 467/5/2
f 467/5/2 466/5/2 468/5/2
f 465/5/2 467/5/2 469/5/2
f 469/5/2 467/5/2 470/5/2
f 462/5/2 465/5/2 471/5/2
f 465/5/2 469/5/2 471/5/2
f 471/5/2 469/5/2 472/5/2
f 468/5/2 466/5/2 473/5/2
f 473/5/2 466/5/2 474/5/2
f 475/5/2 476/5/2 478/5/2
f 476/3/2 477/3/2 478/3/2
f 478/3/2 477/3/2 479/3/2
f 475/5/2 478/5/2 480/5/2
f 480/5/2 478/5/2 481/5/2
f 482/5/2 483/5/2 484/5/2
f 484/5/2 483/5/2 485/5/2
f 485/5/2 483/5/2 486/5/2
f 486/5/2 483/5/2 487/5/2
f 487/5/2 483/5/2 490/5/2
f 490/5/2 483/5/2 491/5/2
f 485/5/2 486/5/2 494/5/2
f 494/5/2 486/5/2 495/5/2
f 492/5/2 493/5/2 496/5/2
f 496/5/2 493/5/2 497/5/2
f 488/5/2 489/5/2 498/5/2
f 498/5/2 489/5/2 499/5/2
f 500/5/2 501/5/2 502/5/2
f 500/5/2 502/5/2 503/5/2
f 500/5/2 503/5/2 511/5/2
f 503/5/2 504/5/2 511/5/2
f 511/5/2 504/5/2 512/5/2
f 509/5/2 510/5/2 513/5/2
f 513/5/2 510/5/2 514/5/2
f 509/5/2 513/5/2 515/5/2
f 512/5/2 504/5/2 517/5/2
f 517/5/2 504/5/2 518/5/2
f 507/5/2 508/5/2 519/5/2
f 519/5/2 508/5/2 520/5/2
f 518/5/2 504/5/2 521/5/2
f 521/5/2 504/5/2 522/5/2
f 505/5/2 506/5/2 523/5/2
f 523/5/2 506/5/2 524/5/2
f 520/5/2 508/5/2 527/5/2
f 527/5/2 508/5/2 528/5/2
f 515/5/2 516/5/2 529/5/2
f 509/5/2 515/5/2 529/5/2
f 529/5/2 516/5/2 530/5/2
f 525/5/2 526/5/2 531/5/2
f 531/5/2 526/5/2 532/5/2
f 522/5/2 504/5/2 533/5/2
f 533/5/2 504/5/2 534/5/2
f 505/5/2 523/5/2 535/5/2
f 535/5/2 523/5/2 536/5/2
f 507/5/2 519/5/2 537/5/2
f 537/5/2 519/5/2 538/5/2
f 527/3/2 528/3/2 539/3/2
f 539/3/2 528/3/2 540/3/2
f 529/3/2 530/3/2 541/3/2
f 541/3/2 530/3/2 542/3/2
f 525/5/2 531/5/2 543/5/2
f 543/5/2 531/5/2 544/5/2
f 533/3/2 534/3/2 545/3/2
f 545/3/2 534/3/2 546/3/2
f 535/3/2 536/3/2 547/3/2
f 547/3/2 536/3/2 548/3/2
f 549/5/2 550/5/2 551/5/2
f 551/5/2 550/5/2 552/5/2
f 553/5/2 554/5/2 555/5/2
f 555/5/2 554/5/2 556/5/2
f 553/5/2 555/5/2 557/5/2
f 557/5/2 555/5/2 558/5/2
f 556/5/2 554/5/2 559/5/2
f 559/5/2 554/5/2 560/5/2
f 561/1/2 562/1/2 569/1/2
f 567/1/2 568/1/2 569/1/2
f 566/1/2 567/1/2 569/1/2
f 565/1/2 566/1/2 569/1/2
f 564/1/2 565/1/2 569/1/2
f 563/1/2 564/1/2 569/1/2
f 562/1/2 563/1/2 569/1/2
f 569/1/2 568/1/2 570/1/2
f 569/5/2 570/5/2 571/5/2
f 571/5/2 570/5/2 572/5/2
f 573/5/2 574/5/2 575/5/2
f 575/5/2 574/5/2 576/5/2
f 575/3/2 576/3/2 577/3/2
f 577/3/2 576/3/2 578/3/2
f 579/5/2 580/5/2 581/5/2
f 579/5/2 581/5/2 582/5/2
f 582/5/2 581/5/2 583/5/2
f 584/5/2 585/5/2 586/5/2
f 586/5/2 585/5/2 587/5/2
f 587/5/2 585/5/2 588/5/2
f 588/5/2 585/5/2 589/5/2
f 589/5/2 585/5/2 590/5/2
f 588/3/2 589/3/2 591/3/2
f 589/1/2 590/1/2 592/1/2
f 591/3/2 589/3/2 592/3/2
f 592/1/2 590/1/2 593/1/2
f 594/5/2 595/5/2 596/5/2
f 596/5/2 595/5/2 597/5/2
f 594/5/2 596/5/2 598/5/2
f 598/5/2 596/5/2 599/5/2
f 600/5/2 601/5/2 603/5/2
f 601/5/2 602/5/2 603/5/2
f 603/5/2 602/5/2 604/5/2
f 603/1/2 604/1/2 605/1/2
f 604/5/2 602/5/2 606/5/2
f 605/1/2 604/1/2 606/1/2
f 605/5/2 606/5/2 607/5/2
f 606/5/2 602/5/2 608/5/2
f 607/5/2 606/5/2 608/5/2
f 607/3/2 608/3/2 609/3/2
f 609/3/2 608/3/2 610/3/2
f 611/5/2 612/5/2 613/5/2
f 613/5/2 612/5/2 614/5/2
f 611/5/2 613/5/2 615/5/2
f 613/1/2 614/1/2 615/1/2
f 615/1/2 614/1/2 616/1/2
f 611/5/2 615/5/2 617/5/2
f 615/5/2 616/5/2 617/5/2
f 617/5/2 616/5/2 618/5/2
f 618/5/2 616/5/2 619/5/2
f 619/5/2 616/5/2 620/5/2
f 621/5/2 622/5/2 623/5/2
f 621/5/2 623/5/2 625/5/2
f 623/5/2 624/5/2 625/5/2
f 625/5/2 624/5/2 626/5/2
f 626/5/2 624/5/2 627/5/2
f 627/5/2 624/5/2 628/5/2
f 629/5/2 630/5/2 631/5/2
f 631/5/2 630/5/2 632/5/2
f 629/5/2 631/5/2 634/5/2
f 632/1/2 633/1/2 635/1/2
f 634/5/2 631/5/2 635/5/2
f 631/1/2 632/1/2 635/1/2
f 635/1/2 633/1/2 636/1/2
f 634/1/2 635/1/2 638/1/2
f 636/1/2 637/1/2 638/1/2
f 635/1/2 636/1/2 638/1/2
f 638/1/2 637/1/2 639/1/2
f 640/5/2 641/5/2 642/5/2
f 642/5/2 641/5/2 643/5/2
f 645/1/2 646/1/2 649/1/2
f 647/5/2 648/5/2 650/5/2
f 649/1/2 646/1/2 650/1/2
f 646/5/2 647/5/2 650/5/2
f 644/5/2 645/5/2 651/5/2
f 645/1/2 649/1/2 651/1/2
f 649/5/2 650/5/2 652/5/2
f 651/1/2 649/1/2 652/1/2
f 653/1/2 654/1/2 655/1/2
f 655/1/2 654/1/2 656/1/2
f 644/5/2 651/5/2 657/5/2
f 651/5/2 652/5/2 657/5/2
f 657/5/2 652/5/2 658/5/2
f 658/5/2 652/5/2 659/5/2
f 650/5/2 648/5/2 660/5/2
f 659/5/2 652/5/2 660/5/2
f 652/5/2 650/5/2 660/5/2
f 660/5/2 648/5/2 661/5/2
f 661/5/2 648/5/2 662/5/2
f 660/5/2 661/5/2 663/5/2
f 663/5/2 661/5/2 664/5/2
f 664/5/2 661/5/2 665/5/2
f 665/5/2 661/5/2 666/5/2
f 667/5/2 668/5/2 670/5/2
f 668/5/2 669/5/2 670/5/2
f 670/5/2 669/5/2 671/5/2
f 671/1/2 672/1/2 673/1/2
f 673/1/2 672/1/2 674/1/2
f 675/1/2 676/1/2 677/1/2
f 677/1/2 676/1/2 678/1/2
f 679/5/2 680/5/2 684/5/2
f 680/1/2 681/1/2 684/1/2
f 682/5/2 683/5/2 685/5/2
f 684/1/2 681/1/2 685/1/2
f 681/5/2 682/5/2 685/5/2
f 684/5/2 685/5/2 686/5/2
f 685/5/2 683/5/2 686/5/2
f 679/5/2 684/5/2 687/5/2
f 684/5/2 686/5/2 687/5/2
f 687/5/2 686/5/2 688/5/2
f 688/5/2 686/5/2 689/5/2
f 688/5/2 689/5/2 694/5/2
f 689/5/2 690/5/2 694/5/2
f 690/1/2 691/1/2 694/1/2
f 692/5/2 693/5/2 695/5/2
f 694/1/2 691/1/2 695/1/2
f 691/5/2 692/5/2 695/5/2
f 688/5/2 694/5/2 696/5/2
f 694/5/2 695/5/2 696/5/2
f 696/5/2 695/5/2 697/5/2
f 695/5/2 693/5/2 698/5/2
f 697/5/2 695/5/2 698/5/2
f 698/5/2 693/5/2 699/5/2
f 697/5/2 698/5/2 700/5/2
f 700/5/2 698/5/2 701/5/2
f 701/5/2 698/5/2 702/5/2
f 702/5/2 698/5/2 703/5/2
f 697/5/2 700/5/2 704/5/2
f 704/5/2 700/5/2 705/5/2
f 700/1/2 701/1/2 706/1/2
f 705/5/2 700/5/2 706/5/2
f 701/5/2 702/5/2 707/5/2
f 706/1/2 701/1/2 707/1/2
f 707/5/2 702/5/2 708/5/2
f 708/5/2 702/5/2 709/5/2
f 704/3/2 705/3/2 710/3/2
f 705/1/2 706/1/2 711/1/2
f 710/3/2 705/3/2 711/3/2
f 706/3/2 707/3/2 712/3/2
f 711/1/2 706/1/2 712/1/2
f 707/3/2 708/3/2 712/3/2
f 712/3/2 708/3/2 713/3/2
f 714/5/2 715/5/2 716/5/2
f 716/5/2 715/5/2 717/5/2
f 716/3/2 717/3/2 718/3/2
f 718/3/2 717/3/2 719/3/2
f 720/3/2 721/3/2 722/3/2
f 722/3/2 721/3/2 723/3/2
f 724/1/2 725/1/2 726/1/2
f 726/1/2 725/1/2 727/1/2
f 727/1/2 725/1/2 728/1/2
f 728/1/2 725/1/2 729/1/2
f 729/1/2 725/1/2 730/1/2
f 730/1/2 725/1/2 731/1/2
f 731/1/2 725/1/2 732/1/2
f 732/1/2 725/1/2 733/1/2
f 733/1/2 725/1/2 734/1/2
f 734/1/2 725/1/2 735/1/2
f 735/1/2 725/1/2 736/1/2
f 736/1/2 725/1/2 737/1/2
f 737/1/2 725/1/2 738/1/2
f 738/1/2 725/1/2 739/1/2
f 739/1/2 725/1/2 740/1/2
f 740/1/2 725/1/2 741/1/2
f 741/1/2 725/1/2 742/1/2
f 742/1/2 725/1/2 743/1/2
f 726/3/2 727/3/2 744/3/2
f 727/1/2 728/1/2 745/1/2
f 744/3/2 727/3/2 745/3/2
f 728/3/2 729/3/2 746/3/2
f 745/1/2 728/1/2 746/1/2
f 729/1/2 730/1/2 747/1/2
f 746/3/2 729/3/2 747/3/2
f 730/3/2 731/3/2 748/3/2
f 747/1/2 730/1/2 748/1/2
f 731/1/2 732/1/2 749/1/2
f 748/3/2 731/3/2 749/3/2
f 732/3/2 733/3/2 750/3/2
f 749/1/2 732/1/2 750/1/2
f 733/1/2 734/1/2 751/1/2
f 750/3/2 733/3/2 751/3/2
f 734/3/2 735/3/2 752/3/2
f 751/1/2 734/1/2 752/1/2
f 735/1/2 736/1/2 753/1/2
f 752/3/2 735/3/2 753/3/2
f 736/3/2 737/3/2 754/3/2
f 753/1/2 736/1/2 754/1/2
f 737/1/2 738/1/2 755/1/2
f 754/3/2 737/3/2 755/3/2
f 738/3/2 739/3/2 756/3/2
f 755/1/2 738/1/2 756/1/2
f 739/1/2 740/1/2 757/1/2
f 756/3/2 739/3/2 757/3/2
f 740/3/2 741/3/2 758/3/2
f 757/1/2 740/1/2 758/1/2
f 741/1/2 742/1/2 759/1/2
f 758/3/2 741/3/2 759/3/2
f 742/3/2 743/3/2 760/3/2
f 759/1/2 742/1/2 760/1/2
f 760/3/2 743/3/2 761/3/2
f 762/5/2 763/5/2 764/5/2
f 764/5/2 763/5/2 765/5/2
f 764/3/2 765/3/2 766/3/2
f 766/3/2 765/3/2 767/3/2
f 768/5/2 769/5/2 770/5/2
f 770/5/2 769/5/2 771/5/2
f 771/5/2 769/5/2 772/5/2
f 772/5/2 769/5/2 773/5/2
f 774/5/2 775/5/2 776/5/2
f 776/5/2 775/5/2 777/5/2
f 776/3/2 777/3/2 778/3/2
f 778/3/2 777/3/2 779/3/2
f 781/5/2 782/5/2 783/5/2
f 780/1/2 781/1/2 786/1/2
f 781/5/2 783/5/2 787/5/2
f 786/1/2 781/1/2 787/1/2
f 787/5/2 783/5/2 788/5/2
f 788/5/2 783/5/2 789/5/2
f 789/5/2 783/5/2 790/5/2
f 789/3/2 790/3/2 791/3/2
f 791/3/2 790/3/2 792/3/2
f 784/5/2 785/5/2 793/5/2
f 793/5/2 785/5/2 794/5/2
f 794/5/2 785/5/2 795/5/2
f 795/5/2 785/5/2 796/5/2
f 795/1/2 796/1/2 797/1/2
f 797/1/2 796/1/2 798/1/2
f 799/5/2 800/5/2 801/5/2
f 801/5/2 800/5/2 802/5/2
f 801/3/2 802/3/2 803/3/2
f 803/3/2 802/3/2 804/3/2
f 805/1/2 806/1/2 807/1/2
f 807/1/2 806/1/2 808/1/2
f 809/5/2 810/5/2 811/5/2
f 811/5/2 810/5/2 812/5/2
f 811/3/2 812/3/2 813/3/2
f 813/3/2 812/3/2 814/3/2
f 815/5/2 816/5/2 817/5/2
f 817/5/2 816/5/2 818/5/2
f 819/4/2 820/4/2 821/4/2
f 821/4/2 820/4/2 822/4/2
f 821/3/2 822/3/2 823/3/2
f 823/3/2 822/3/2 824/3/2
f 825/3/2 826/3/2 827/3/2
f 827/3/2 826/3/2 828/3/2
f 829/5/2 830/5/2 831/5/2
f 831/5/2 830/5/2 832/5/2
f 831/3/2 832/3/2 833/3/2
f 833/3/2 832/3/2 834/3/2
f 835/5/2 836/5/2 837/5/2
f 837/5/2 836/5/2 838/5/2
f 837/3/2 838/3/2 839/3/2
f 839/3/2 838/3/2 840/3/2
f 841/1/2 842/1/2 848/1/2
f 842/5/2 843/5/2 849/5/2
f 848/1/2 842/1/2 849/1/2
f 843/5/2 844/5/2 849/5/2
f 849/5/2 844/5/2 850/5/2
f 844/1/2 845/1/2 851/1/2
f 850/5/2 844/5/2 851/5/2
f 850/1/2 851/1/2 852/1/2
f 851/1/2 845/1/2 852/1/2
f 846/5/2 847/5/2 853/5/2
f 852/1/2 845/1/2 853/1/2
f 845/5/2 846/5/2 853/5/2
f 848/5/2 849/5/2 854/5/2
f 849/5/2 850/5/2 854/5/2
f 850/1/2 852/1/2 855/1/2
f 854/5/2 850/5/2 855/5/2
f 854/1/2 855/1/2 856/1/2
f 855/1/2 852/1/2 856/1/2
f 852/5/2 853/5/2 857/5/2
f 856/1/2 852/1/2 857/1/2
f 848/5/2 854/5/2 858/5/2
f 854/1/2 856/1/2 859/1/2
f 858/5/2 854/5/2 859/5/2
f 856/5/2 857/5/2 860/5/2
f 859/1/2 856/1/2 860/1/2
f 848/5/2 858/5/2 861/5/2
f 861/5/2 858/5/2 862/5/2
f 858/1/2 859/1/2 863/1/2
f 862/5/2 858/5/2 863/5/2
f 862/1/2 863/1/2 864/1/2
f 863/1/2 859/1/2 865/1/2
f 864/1/2 863/1/2 865/1/2
f 859/5/2 860/5/2 865/5/2
f 857/5/2 853/5/2 866/5/2
f 865/5/2 860/5/2 866/5/2
f 860/5/2 857/5/2 866/5/2
f 866/5/2 853/5/2 867/5/2
f 853/5/2 847/5/2 868/5/2
f 867/5/2 853/5/2 868/5/2
f 868/5/2 847/5/2 869/5/2
f 869/5/2 847/5/2 870/5/2
f 870/5/2 847/5/2 871/5/2
f 867/1/2 868/1/2 872/1/2
f 868/3/2 869/3/2 873/3/2
f 872/1/2 868/1/2 873/1/2
f 869/1/2 870/1/2 874/1/2
f 873/3/2 869/3/2 874/3/2
f 870/3/2 871/3/2 875/3/2
f 874/1/2 870/1/2 875/1/2
f 875/3/2 871/3/2 876/3/2
f 877/5/2 878/5/2 879/5/2
f 879/5/2 878/5/2 880/5/2
f 879/3/2 880/3/2 881/3/2
f 881/3/2 880/3/2 882/3/2
f 883/5/2 884/5/2 885/5/2
f 885/5/2 884/5/2 886/5/2
f 885/3/2 886/3/2 887/3/2
f 887/3/2 886/3/2 888/3/2
f 889/5/2 890/5/2 891/5/2
f 891/5/2 890/5/2 892/5/2
f 891/1/2 892/1/2 893/1/2
f 892/5/2 890/5/2 894/5/2
f 893/1/2 892/1/2 894/1/2
f 893/5/2 894/5/2 895/5/2
f 894/5/2 890/5/2 896/5/2
f 895/5/2 894/5/2 896/5/2
f 896/5/2 890/5/2 897/5/2
f 897/5/2 890/5/2 898/5/2
f 898/5/2 890/5/2 899/5/2
f 899/5/2 890/5/2 900/5/2
f 901/1/2 902/1/2 903/1/2
f 901/1/2 903/1/2 904/1/2
f 904/1/2 903/1/2 905/1/2
f 905/1/2 903/1/2 906/1/2
f 907/5/2 908/5/2 909/5/2
f 909/5/2 908/5/2 910/5/2
f 909/3/2 910/3/2 911/3/2
f 911/3/2 910/3/2 912/3/2
f 913/1/2 914/1/2 915/1/2
f 915/1/2 914/1/2 916/1/2
f 917/5/2 918/5/2 919/5/2
f 919/5/2 918/5/2 920/5/2
f 921/5/2 922/5/2 923/5/2
f 923/5/2 922/5/2 924/5/2
f 924/5/2 922/5/2 925/5/2
f 925/5/2 922/5/2 926/5/2
f 926/5/2 922/5/2 927/5/2
f 927/5/2 922/5/2 928/5/2
f 923/3/2 924/3/2 929/3/2
f 924/1/2 925/1/2 930/1/2
f 929/3/2 924/3/2 930/3/2
f 925/3/2 926/3/2 931/3/2
f 930/1/2 925/1/2 931/1/2
f 926/1/2 927/1/2 932/1/2
f 931/3/2 926/3/2 932/3/2
f 927/3/2 928/3/2 933/3/2
f 932/1/2 927/1/2 933/1/2
f 933/3/2 928/3/2 934/3/2
f 935/5/2 936/5/2 937/5/2
f 935/5/2 937/5/2 939/5/2
f 937/5/2 938/5/2 939/5/2
f 939/5/2 938/5/2 940/5/2
f 943/5/2 944/5/2 945/5/2
f 945/5/2 944/5/2 946/5/2
f 946/5/2 944/5/2 947/5/2
f 947/5/2 944/5/2 948/5/2
f 941/5/2 942/5/2 949/5/2
f 949/5/2 942/5/2 950/5/2
f 955/5/2 956/5/2 959/5/2
f 957/5/2 958/5/2 959/5/2
f 956/5/2 957/5/2 959/5/2
f 959/5/2 958/5/2 960/5/2
f 951/5/2 952/5/2 961/5/2
f 952/5/2 953/5/2 961/5/2
f 953/5/2 954/5/2 961/5/2
f 961/5/2 954/5/2 962/5/2
f 962/5/2 954/5/2 963/5/2
f 963/5/2 954/5/2 964/5/2
f 955/5/2 959/5/2 965/5/2
f 959/1/2 960/1/2 966/1/2
f 965/5/2 959/5/2 966/5/2
f 960/5/2 958/5/2 967/5/2
f 966/1/2 960/1/2 967/1/2
f 964/5/2 954/5/2 968/5/2
f 968/5/2 954/5/2 969/5/2
f 955/5/2 965/5/2 970/5/2
f 965/1/2 966/1/2 971/1/2
f 970/5/2 965/5/2 971/5/2
f 966/5/2 967/5/2 972/5/2
f 971/1/2 966/1/2 972/1/2
f 967/5/2 958/5/2 973/5/2
f 972/5/2 967/5/2 973/5/2
f 974/5/2 975/5/2 976/5/2
f 976/5/2 975/5/2 977/5/2
f 978/5/2 979/5/2 980/5/2
f 980/5/2 979/5/2 981/5/2
f 982/5/2 983/5/2 984/5/2
f 984/5/2 983/5/2 985/5/2
f 984/3/2 985/3/2 986/3/2
f 986/3/2 985/3/2 987/3/2
f 988/5/2 989/5/2 990/5/2
f 990/5/2 989/5/2 991/5/2
f 990/1/2 991/1/2 992/1/2
f 992/1/2 991/1/2 993/1/2
f 994/5/2 995/5/2 996/5/2
f 996/5/2 995/5/2 997/5/2
f 996/3/2 997/3/2 998/3/2
f 998/3/2 997/3/2 999/3/2
f 1000/5/2 1001/5/2 1002/5/2
f 1002/5/2 1001/5/2 1003/5/2
f 1004/5/2 1005/5/2 1006/5/2
f 1004/5/2 1006/5/2 1007/5/2
f 1007/5/2 1006/5/2 1008/5/2
f 1008/5/2 1006/5/2 1009/5/2
f 1009/5/2 1006/5/2 1010/5/2
f 1011/5/2 1012/5/2 1013/5/2
f 1013/5/2 1012/5/2 1014/5/2
f 1014/5/2 1012/5/2 1015/5/2
f 1015/5/2 1012/5/2 1016/5/2
f 1016/5/2 1012/5/2 1017/5/2
f 1017/5/2 1012/5/2 1018/5/2
f 1018/5/2 1012/5/2 1019/5/2
f 1019/5/2 1012/5/2 1020/5/2
f 1021/3/2 1022/3/2 1026/3/2
f 1022/1/2 1023/1/2 1027/1/2
f 1026/3/2 1022/3/2 1027/3/2
f 1024/3/2 1025/3/2 1028/3/2
f 1027/1/2 1023/1/2 1028/1/2
f 1023/3/2 1024/3/2 1028/3/2
f 1028/3/2 1025/3/2 1029/3/2
f 1030/3/2 1031/3/2 1034/3/2
f 1031/1/2 1032/1/2 1035/1/2
f 1034/3/2 1031/3/2 1035/3/2
f 1032/3/2 1033/3/2 1036/3/2
f 1035/1/2 1032/1/2 1036/1/2
f 1036/3/2 1033/3/2 1037/3/2
f 1038/1/2 1039/1/2 1040/1/2
f 1040/1/2 1039/1/2 1041/1/2
f 1038/1/2 1040/1/2 1042/1/2
f 1040/4/2 1041/4/2 1043/4/2
f 1042/1/2 1040/1/2 1043/1/2
f 1041/1/2 1039/1/2 1044/1/2
f 1043/4/2 1041/4/2 1044/4/2
f 1042/4/2 1043/4/2 1044/4/2
f 1044/1/2 1039/1/2 1045/1/2
f 1042/4/2 1044/4/2 1046/4/2
f 1044/2/2 1045/2/2 1046/2/2
f 1046/2/2 1045/2/2 1047/2/2
f 1046/4/2 1047/4/2 1048/4/2
f 1048/4/2 1047/4/2 1049/4/2
f 1042/4/2 1046/4/2 1050/4/2
f 1046/4/2 1048/4/2 1050/4/2
f 1048/1/2 1049/1/2 1051/1/2
f 1050/4/2 1048/4/2 1051/4/2
f 1049/4/2 1047/4/2 1052/4/2
f 1051/1/2 1049/1/2 1052/1/2
f 1052/4/2 1047/4/2 1053/4/2
f 1057/5/3 1056/5/3 1055/5/3
f 1058/5/3 1056/5/3 1057/5/3
f 1059/5/3 1057/5/3 1055/5/3
f 1060/5/3 1057/5/3 1059/5/3
f 1061/5/3 1059/5/3 1055/5/3
f 1062/5/3 1059/5/3 1061/5/3
f 1063/5/3 1061/5/3 1055/5/3
f 1065/5/3 1063/5/3 1055/5/3
f 1066/5/3 1063/5/3 1065/5/3
f 1067/5/3 1065/5/3 1055/5/3
f 1067/1/3 1066/1/3 1065/1/3
f 1068/5/3 1063/5/3 1066/5/3
f 1068/1/3 1066/1/3 1067/1/3
f 1069/5/3 1063/5/3 1068/5/3
f 1070/1/3 1069/1/3 1068/1/3
f 1070/5/3 1063/5/3 1069/5/3
f 1071/3/3 1064/3/3 1063/3/3
f 1071/5/3 1063/5/3 1070/5/3
f 1072/1/3 1070/1/3 1068/1/3
f 1072/5/3 1068/5/3 1067/5/3
f 1072/1/3 1071/1/3 1070/1/3
f 1073/1/3 1071/1/3 1072/1/3
f 1074/5/3 1073/5/3 1072/5/3
f 1074/1/3 1071/1/3 1073/1/3
f 1075/1/3 1071/1/3 1074/1/3
f 1076/3/3 1064/3/3 1071/3/3
f 1076/1/3 1071/1/3 1075/1/3
f 1077/3/3 1064/3/3 1076/3/3
f 1078/5/3 1075/5/3 1074/5/3
f 1078/1/3 1076/1/3 1075/1/3
f 1078/1/3 1077/1/3 1076/1/3
f 1079/1/3 1077/1/3 1078/1/3
f 1080/1/3 1077/1/3 1079/1/3
f 1081/5/3 1078/5/3 1074/5/3
f 1081/5/3 1079/5/3 1078/5/3
f 1082/3/3 1080/3/3 1079/3/3
f 1082/5/3 1079/5/3 1081/5/3
f 1083/3/3 1080/3/3 1082/3/3
f 1084/5/3 1067/5/3 1055/5/3
f 1084/5/3 1072/5/3 1067/5/3
f 1084/5/3 1081/5/3 1074/5/3
f 1084/5/3 1074/5/3 1072/5/3
f 1085/5/3 1081/5/3 1084/5/3
f 1086/5/3 1084/5/3 1055/5/3
f 1087/5/3 1084/5/3 1086/5/3
f 1088/5/3 1084/5/3 1087/5/3
f 1089/5/3 1086/5/3 1055/5/3
f 1090/3/3 1087/3/3 1086/3/3
f 1090/5/3 1086/5/3 1089/5/3
f 1091/1/3 1090/1/3 1089/1/3
f 1092/3/3 1087/3/3 1090/3/3
f 1092/1/3 1090/1/3 1091/1/3
f 1093/3/3 1087/3/3 1092/3/3
f 1094/1/3 1091/1/3 1089/1/3
f 1094/4/3 1092/4/3 1091/4/3
f 1094/4/3 1093/4/3 1092/4/3
f 1095/4/3 1093/4/3 1094/4/3
f 1096/4/3 1093/4/3 1095/4/3
f 1097/1/3 1094/1/3 1089/1/3
f 1097/1/3 1095/1/3 1094/1/3
f 1098/5/3 1096/5/3 1095/5/3
f 1098/1/3 1095/1/3 1097/1/3
f 1099/5/3 1096/5/3 1098/5/3
f 1100/5/3 1089/5/3 1055/5/3
f 1100/1/3 1097/1/3 1089/1/3
f 1101/4/3 1099/4/3 1098/4/3
f 1101/1/3 1097/1/3 1100/1/3
f 1101/4/3 1098/4/3 1097/4/3
f 1102/4/3 1099/4/3 1101/4/3
f 1103/5/3 1101/5/3 1100/5/3
f 1103/3/3 1102/3/3 1101/3/3
f 1104/4/3 1099/4/3 1102/4/3
f 1104/3/3 1102/3/3 1103/3/3
f 1105/5/3 1103/5/3 1100/5/3
f 1106/1/3 1104/1/3 1103/1/3
f 1106/5/3 1103/5/3 1105/5/3
f 1107/1/3 1055/1/3 1054/1/3
f 1107/5/3 1100/5/3 1055/5/3
f 1107/5/3 1105/5/3 1100/5/3
f 1108/1/3 1106/1/3 1105/1/3
f 1108/5/3 1105/5/3 1107/5/3
f 1109/1/3 1104/1/3 1106/1/3
f 1109/1/3 1106/1/3 1108/1/3
f 1110/4/3 1099/4/3 1104/4/3
f 1110/1/3 1104/1/3 1109/1/3
f 1111/1/3 1108/1/3 1107/1/3
f 1111/1/3 1107/1/3 1054/1/3
f 1111/1/3 1109/1/3 1108/1/3
f 1112/4/3 1110/4/3 1109/4/3
f 1112/1/3 1109/1/3 1111/1/3
f 1113/1/3 1111/1/3 1054/1/3
f 1114/4/3 1112/4/3 1111/4/3
f 1114/1/3 1111/1/3 1113/1/3
f 1115/4/3 1099/4/3 1110/4/3
f 1115/4/3 1112/4/3 1114/4/3
f 1115/4/3 1110/4/3 1112/4/3
f 1118/5/3 1117/5/3 1116/5/3
f 1119/5/3 1117/5/3 1118/5/3
f 1123/5/3 1121/5/3 1120/5/3
f 1124/3/3 1122/3/3 1121/3/3
f 1124/5/3 1121/5/3 1123/5/3
f 1125/3/3 1122/3/3 1124/3/3
f 1128/5/3 1127/5/3 1126/5/3
f 1129/5/3 1127/5/3 1128/5/3
f 1132/5/3 1131/5/3 1130/5/3
f 1134/5/3 1132/5/3 1130/5/3
f 1134/5/3 1133/5/3 1132/5/3
f 1135/5/3 1133/5/3 1134/5/3
f 1136/5/3 1133/5/3 1135/5/3
f 1139/5/3 1138/5/3 1137/5/3
f 1140/5/3 1138/5/3 1139/5/3
f 1143/5/3 1142/5/3 1141/5/3
f 1144/5/3 1142/5/3 1143/5/3
f 1148/5/3 1146/5/3 1145/5/3
f 1149/3/3 1147/3/3 1146/3/3
f 1149/5/3 1146/5/3 1148/5/3
f 1150/3/3 1147/3/3 1149/3/3
f 1155/4/3 1152/4/3 1151/4/3
f 1155/4/3 1153/4/3 1152/4/3
f 1156/3/3 1154/3/3 1153/3/3
f 1156/4/3 1153/4/3 1155/4/3
f 1157/3/3 1154/3/3 1156/3/3
f 1161/4/3 1159/4/3 1158/4/3
f 1162/3/3 1160/3/3 1159/3/3
f 1162/4/3 1159/4/3 1161/4/3
f 1163/3/3 1160/3/3 1162/3/3
f 1167/5/3 1165/5/3 1164/5/3
f 1168/3/3 1166/3/3 1165/3/3
f 1168/5/3 1165/5/3 1167/5/3
f 1169/3/3 1166/3/3 1168/3/3
f 1173/5/3 1171/5/3 1170/5/3
f 1174/3/3 1172/3/3 1171/3/3
f 1174/5/3 1171/5/3 1173/5/3
f 1175/3/3 1172/3/3 1174/3/3
f 1179/5/3 1177/5/3 1176/5/3
f 1180/5/3 1177/5/3 1179/5/3
f 1181/5/3 1177/5/3 1180/5/3
f 1182/1/3 1181/1/3 1180/1/3
f 1183/5/3 1177/5/3 1181/5/3
f 1183/1/3 1181/1/3 1182/1/3
f 1184/5/3 1177/5/3 1183/5/3
f 1185/1/3 1183/1/3 1182/1/3
f 1185/1/3 1184/1/3 1183/1/3
f 1186/1/3 1184/1/3 1185/1/3
f 1187/5/3 1177/5/3 1184/5/3
f 1187/1/3 1184/1/3 1186/1/3
f 1188/5/3 1187/5/3 1186/5/3
f 1188/5/3 1177/5/3 1187/5/3
f 1189/3/3 1178/3/3 1177/3/3
f 1189/5/3 1177/5/3 1188/5/3
f 1190/3/3 1178/3/3 1189/3/3
f 1191/5/3 1188/5/3 1186/5/3
f 1191/1/3 1186/1/3 1185/1/3
f 1192/5/3 1188/5/3 1191/5/3
f 1193/1/3 1191/1/3 1185/1/3
f 1193/1/3 1192/1/3 1191/1/3
f 1194/1/3 1192/1/3 1193/1/3
f 1198/5/3 1196/5/3 1195/5/3
f 1199/3/3 1197/3/3 1196/3/3
f 1199/5/3 1196/5/3 1198/5/3
f 1200/3/3 1197/3/3 1199/3/3
f 1203/1/3 1202/1/3 1201/1/3
f 1204/1/3 1202/1/3 1203/1/3
f 1207/1/3 1206/1/3 1205/1/3
f 1208/1/3 1206/1/3 1207/1/3
f 1213/5/3 1210/5/3 1209/5/3
f 1214/5/3 1213/5/3 1212/5/3
f 1215/5/3 1213/5/3 1214/5/3
f 1216/1/3 1215/1/3 1214/1/3
f 1217/1/3 1215/1/3 1216/1/3
f 1218/5/3 1213/5/3 1215/5/3
f 1218/1/3 1215/1/3 1217/1/3
f 1219/5/3 1213/5/3 1218/5/3
f 1220/1/3 1218/1/3 1217/1/3
f 1220/1/3 1219/1/3 1218/1/3
f 1221/1/3 1219/1/3 1220/1/3
f 1222/5/3 1213/5/3 1219/5/3
f 1222/1/3 1219/1/3 1221/1/3
f 1223/5/3 1213/5/3 1222/5/3
f 1224/5/3 1221/5/3 1220/5/3
f 1224/1/3 1222/1/3 1221/1/3
f 1224/1/3 1223/1/3 1222/1/3
f 1225/1/3 1223/1/3 1224/1/3
f 1226/5/3 1225/5/3 1224/5/3
f 1226/1/3 1223/1/3 1225/1/3
f 1227/5/3 1213/5/3 1223/5/3
f 1227/1/3 1223/1/3 1226/1/3
f 1228/5/3 1210/5/3 1213/5/3
f 1228/5/3 1213/5/3 1227/5/3
f 1228/5/3 1227/5/3 1226/5/3
f 1229/3/3 1211/3/3 1210/3/3
f 1229/5/3 1210/5/3 1228/5/3
f 1230/3/3 1211/3/3 1229/3/3
f 1231/5/3 1228/5/3 1226/5/3
f 1232/5/3 1228/5/3 1231/5/3
f 1235/5/3 1224/5/3 1220/5/3
f 1235/5/3 1226/5/3 1224/5/3
f 1235/5/3 1231/5/3 1226/5/3
f 1236/5/3 1231/5/3 1235/5/3
f 1237/5/3 1234/5/3 1233/5/3
f 1238/5/3 1234/5/3 1237/5/3
f 1241/5/3 1240/5/3 1239/5/3
f 1242/5/3 1240/5/3 1241/5/3
f 1243/5/3 1240/5/3 1242/5/3
f 1247/1/3 1245/1/3 1244/1/3
f 1248/3/3 1246/3/3 1245/3/3
f 1248/1/3 1245/1/3 1247/1/3
f 1249/3/3 1246/3/3 1248/3/3
f 1252/5/3 1251/5/3 1250/5/3
f 1253/5/3 1251/5/3 1252/5/3
f 1256/5/3 1255/5/3 1254/5/3
f 1257/5/3 1255/5/3 1256/5/3
f 1261/3/3 1259/3/3 1258/3/3
f 1262/5/3 1261/5/3 1260/5/3
f 1263/3/3 1259/3/3 1261/3/3
f 1263/5/3 1261/5/3 1262/5/3
f 1264/3/3 1259/3/3 1263/3/3
f 1269/5/3 1266/5/3 1265/5/3
f 1270/5/3 1268/5/3 1267/5/3
f 1270/5/3 1269/5/3 1268/5/3
f 1271/5/3 1269/5/3 1270/5/3
f 1272/1/3 1271/1/3 1270/1/3
f 1273/5/3 1266/5/3 1269/5/3
f 1273/5/3 1269/5/3 1271/5/3
f 1274/5/3 1266/5/3 1273/5/3
f 1275/1/3 1271/1/3 1272/1/3
f 1276/5/3 1273/5/3 1271/5/3
f 1276/1/3 1271/1/3 1275/1/3
f 1277/5/3 1276/5/3 1275/5/3
f 1278/5/3 1276/5/3 1277/5/3
f 1279/5/3 1276/5/3 1278/5/3
f 1280/5/3 1276/5/3 1279/5/3
f 1281/5/3 1273/5/3 1276/5/3
f 1281/5/3 1276/5/3 1280/5/3
f 1285/4/3 1284/4/3 1283/4/3
f 1286/4/3 1284/4/3 1285/4/3
f 1287/4/3 1284/4/3 1286/4/3
f 1288/1/3 1283/1/3 1282/1/3
f 1289/4/3 1285/4/3 1283/4/3
f 1289/1/3 1283/1/3 1288/1/3
f 1290/4/3 1285/4/3 1289/4/3
f 1293/5/3 1292/5/3 1291/5/3
f 1294/5/3 1292/5/3 1293/5/3
f 1295/5/3 1293/5/3 1291/5/3
f 1296/5/3 1293/5/3 1295/5/3
f 1299/5/3 1298/5/3 1297/5/3
f 1300/5/3 1298/5/3 1299/5/3
f 1303/5/3 1302/5/3 1301/5/3
f 1304/5/3 1302/5/3 1303/5/3
f 1307/5/3 1306/5/3 1305/5/3
f 1308/5/3 1306/5/3 1307/5/3
f 1311/5/3 1310/5/3 1309/5/3
f 1312/5/3 1310/5/3 1311/5/3
f 1313/1/3 1312/1/3 1311/1/3
f 1314/1/3 1312/1/3 1313/1/3
f 1318/1/3 1316/1/3 1315/1/3
f 1319/5/3 1317/5/3 1316/5/3
f 1319/1/3 1316/1/3 1318/1/3
f 1320/5/3 1317/5/3 1319/5/3
f 1323/5/3 1322/5/3 1321/5/3
f 1324/5/3 1322/5/3 1323/5/3
f 1327/5/3 1326/5/3 1325/5/3
f 1328/5/3 1326/5/3 1327/5/3
f 1332/5/3 1330/5/3 1329/5/3
f 1332/3/3 1331/3/3 1330/3/3
f 1333/3/3 1331/3/3 1332/3/3
f 1334/5/3 1332/5/3 1329/5/3
f 1334/1/3 1333/1/3 1332/1/3
f 1335/1/3 1333/1/3 1334/1/3
f 1336/5/3 1334/5/3 1329/5/3
f 1337/3/3 1335/3/3 1334/3/3
f 1337/5/3 1334/5/3 1336/5/3
f 1338/3/3 1335/3/3 1337/3/3
f 1342/5/3 1340/5/3 1339/5/3
f 1343/5/3 1342/5/3 1341/5/3
f 1344/5/3 1340/5/3 1342/5/3
f 1344/5/3 1342/5/3 1343/5/3
f 1348/5/3 1346/5/3 1345/5/3
f 1349/3/3 1347/3/3 1346/3/3
f 1349/5/3 1346/5/3 1348/5/3
f 1350/3/3 1347/3/3 1349/3/3
f 1353/5/3 1352/5/3 1351/5/3
f 1354/5/3 1352/5/3 1353/5/3
f 1358/5/3 1356/5/3 1355/5/3
f 1359/5/3 1356/5/3 1358/5/3
f 1360/3/3 1357/3/3 1356/3/3
f 1360/5/3 1356/5/3 1359/5/3
f 1361/3/3 1357/3/3 1360/3/3
f 1365/5/3 1363/5/3 1362/5/3
f 1365/1/3 1364/1/3 1363/1/3
f 1366/1/3 1364/1/3 1365/1/3
f 1367/5/3 1365/5/3 1362/5/3
f 1368/3/3 1366/3/3 1365/3/3
f 1368/5/3 1365/5/3 1367/5/3
f 1369/3/3 1366/3/3 1368/3/3
f 1372/1/3 1371/1/3 1370/1/3
f 1373/1/3 1371/1/3 1372/1/3
f 1376/5/3 1375/5/3 1374/5/3
f 1377/5/3 1375/5/3 1376/5/3
f 1378/5/3 1375/5/3 1377/5/3
f 1379/5/3 1375/5/3 1378/5/3
f 1380/5/3 1375/5/3 1379/5/3
f 1381/5/3 1375/5/3 1380/5/3
f 1384/5/3 1383/5/3 1382/5/3
f 1385/5/3 1383/5/3 1384/5/3
f 1389/5/3 1387/5/3 1386/5/3
f 1390/3/3 1388/3/3 1387/3/3
f 1390/5/3 1387/5/3 1389/5/3
f 1391/3/3 1388/3/3 1390/3/3
f 1394/5/3 1393/5/3 1392/5/3
f 1395/5/3 1393/5/3 1394/5/3
f 1400/5/3 1397/5/3 1396/5/3
f 1400/5/3 1398/5/3 1397/5/3
f 1401/3/3 1399/3/3 1398/3/3
f 1401/5/3 1398/5/3 1400/5/3
f 1402/3/3 1399/3/3 1401/3/3
f 1406/5/3 1404/5/3 1403/5/3
f 1407/3/3 1405/3/3 1404/3/3
f 1407/5/3 1404/5/3 1406/5/3
f 1408/3/3 1405/3/3 1407/3/3
f 1411/5/3 1410/5/3 1409/5/3
f 1412/5/3 1410/5/3 1411/5/3
f 1416/5/3 1414/5/3 1413/5/3
f 1417/5/3 1414/5/3 1416/5/3
f 1418/3/3 1415/3/3 1414/3/3
f 1418/5/3 1414/5/3 1417/5/3
f 1419/3/3 1415/3/3 1418/3/3
f 1420/5/3 1418/5/3 1417/5/3
f 1420/1/3 1419/1/3 1418/1/3
f 1421/1/3 1419/1/3 1420/1/3
f 1422/5/3 1420/5/3 1417/5/3
f 1423/3/3 1421/3/3 1420/3/3
f 1423/5/3 1420/5/3 1422/5/3
f 1424/3/3 1421/3/3 1423/3/3
f 1427/5/3 1422/5/3 1417/5/3
f 1428/5/3 1422/5/3 1427/5/3
f 1429/5/3 1422/5/3 1428/5/3
f 1430/5/3 1426/5/3 1425/5/3
f 1430/5/3 1427/5/3 1426/5/3
f 1430/5/3 1428/5/3 1427/5/3
f 1432/5/3 1431/5/3 1430/5/3
f 1434/5/3 1432/5/3 1430/5/3
f 1434/5/3 1433/5/3 1432/5/3
f 1434/5/3 1430/5/3 1425/5/3
f 1435/5/3 1433/5/3 1434/5/3
f 1438/5/3 1437/5/3 1436/5/3
f 1439/5/3 1437/5/3 1438/5/3
f 1442/1/3 1441/1/3 1440/1/3
f 1443/1/3 1441/1/3 1442/1/3
f 1446/3/3 1445/3/3 1444/3/3
f 1447/3/3 1445/3/3 1446/3/3
f 1452/5/3 1449/5/3 1448/5/3
f 1453/5/3 1452/5/3 1451/5/3
f 1454/3/3 1450/3/3 1449/3/3
f 1454/5/3 1452/5/3 1453/5/3
f 1454/5/3 1449/5/3 1452/5/3
f 1455/3/3 1450/3/3 1454/3/3
f 1459/5/3 1457/5/3 1456/5/3
f 1459/1/3 1458/1/3 1457/1/3
f 1460/1/3 1458/1/3 1459/1/3
f 1461/5/3 1459/5/3 1456/5/3
f 1462/3/3 1460/3/3 1459/3/3
f 1462/5/3 1459/5/3 1461/5/3
f 1463/3/3 1460/3/3 1462/3/3
f 1468/5/3 1465/5/3 1464/5/3
f 1469/1/3 1466/1/3 1465/1/3
f 1469/5/3 1465/5/3 1468/5/3
f 1470/5/3 1467/5/3 1466/5/3
f 1470/1/3 1466/1/3 1469/1/3
f 1471/5/3 1469/5/3 1468/5/3
f 1471/5/3 1470/5/3 1469/5/3
f 1472/5/3 1470/5/3 1471/5/3
f 1473/5/3 1467/5/3 1470/5/3
f 1473/5/3 1470/5/3 1472/5/3
f 1474/5/3 1467/5/3 1473/5/3
f 1475/5/3 1473/5/3 1472/5/3
f 1476/5/3 1473/5/3 1475/5/3
f 1477/5/3 1467/5/3 1474/5/3
f 1478/5/3 1467/5/3 1477/5/3
f 1481/5/3 1475/5/3 1472/5/3
f 1482/5/3 1480/5/3 1479/5/3
f 1482/5/3 1481/5/3 1480/5/3
f 1483/5/3 1475/5/3 1481/5/3
f 1483/5/3 1481/5/3 1482/5/3
f 1486/5/3 1485/5/3 1484/5/3
f 1487/5/3 1485/5/3 1486/5/3
f 1490/5/3 1489/5/3 1488/5/3
f 1491/5/3 1489/5/3 1490/5/3
f 1495/5/3 1493/5/3 1492/5/3
f 1496/3/3 1494/3/3 1493/3/3
f 1496/5/3 1493/5/3 1495/5/3
f 1497/3/3 1494/3/3 1496/3/3
f 1498/5/3 1495/5/3 1492/5/3
f 1499/5/3 1495/5/3 1498/5/3
f 1500/5/3 1498/5/3 1492/5/3
f 1501/5/3 1498/5/3 1500/5/3
f 1502/5/3 1500/5/3 1492/5/3
f 1503/5/3 1500/5/3 1502/5/3
f 1504/5/3 1500/5/3 1503/5/3
f 1505/5/3 1502/5/3 1492/5/3
f 1506/3/3 1503/3/3 1502/3/3
f 1506/5/3 1502/5/3 1505/5/3
f 1507/3/3 1503/3/3 1506/3/3
f 1508/5/3 1506/5/3 1505/5/3
f 1508/1/3 1507/1/3 1506/1/3
f 1509/1/3 1507/1/3 1508/1/3
f 1510/5/3 1508/5/3 1505/5/3
f 1511/5/3 1508/5/3 1510/5/3
f 1512/3/3 1509/3/3 1508/3/3
f 1512/5/3 1508/5/3 1511/5/3
f 1513/3/3 1509/3/3 1512/3/3
f 1514/5/3 1511/5/3 1510/5/3
f 1515/5/3 1511/5/3 1514/5/3
f 1517/5/3 1515/5/3 1514/5/3
f 1517/5/3 1516/5/3 1515/5/3
f 1518/5/3 1516/5/3 1517/5/3
f 1519/5/3 1516/5/3 1518/5/3
f 1520/5/3 1516/5/3 1519/5/3
f 1523/3/3 1522/3/3 1521/3/3
f 1524/3/3 1522/3/3 1523/3/3
f 1527/5/3 1526/5/3 1525/5/3
f 1528/5/3 1526/5/3 1527/5/3
f 1531/5/3 1530/5/3 1529/5/3
f 1534/5/3 1531/5/3 1529/5/3
f 1534/5/3 1532/5/3 1531/5/3
f 1535/3/3 1533/3/3 1532/3/3
f 1535/5/3 1532/5/3 1534/5/3
f 1536/3/3 1533/3/3 1535/3/3
f 1539/5/3 1538/5/3 1537/5/3
f 1540/5/3 1538/5/3 1539/5/3
f 1541/5/3 1539/5/3 1537/5/3
f 1542/5/3 1539/5/3 1541/5/3
f 1546/5/3 1544/5/3 1543/5/3
f 1547/3/3 1545/3/3 1544/3/3
f 1547/5/3 1544/5/3 1546/5/3
f 1548/3/3 1545/3/3 1547/3/3
f 1549/5/3 1546/5/3 1543/5/3
f 1550/5/3 1546/5/3 1549/5/3
f 1554/5/3 1552/5/3 1551/5/3
f 1555/5/3 1552/5/3 1554/5/3
f 1556/1/3 1553/1/3 1552/1/3
f 1556/5/3 1552/5/3 1555/5/3
f 1557/1/3 1553/1/3 1556/1/3
f 1558/5/3 1556/5/3 1555/5/3
f 1559/3/3 1557/3/3 1556/3/3
f 1559/5/3 1556/5/3 1558/5/3
f 1560/3/3 1557/3/3 1559/3/3
f 1563/5/3 1562/5/3 1561/5/3
f 1564/5/3 1562/5/3 1563/5/3
f 1568/5/3 1566/5/3 1565/5/3
f 1569/3/3 1567/3/3 1566/3/3
f 1569/5/3 1566/5/3 1568/5/3
f 1570/3/3 1567/3/3 1569/3/3
f 1573/5/3 1572/5/3 1571/5/3
f 1574/5/3 1572/5/3 1573/5/3
f 1577/5/3 1576/5/3 1575/5/3
f 1578/5/3 1576/5/3 1577/5/3
f 1583/5/3 1580/5/3 1579/5/3
f 1584/5/3 1582/5/3 1581/5/3
f 1584/5/3 1583/5/3 1582/5/3
f 1584/5/3 1580/5/3 1583/5/3
f 1586/5/3 1584/5/3 1581/5/3
f 1586/3/3 1585/3/3 1584/3/3
f 1587/3/3 1585/3/3 1586/3/3
f 1588/5/3 1586/5/3 1581/5/3
f 1588/1/3 1587/1/3 1586/1/3
f 1589/1/3 1587/1/3 1588/1/3
f 1590/5/3 1588/5/3 1581/5/3
f 1591/3/3 1589/3/3 1588/3/3
f 1591/5/3 1588/5/3 1590/5/3
f 1592/3/3 1589/3/3 1591/3/3
f 1595/5/3 1590/5/3 1581/5/3
f 1596/5/3 1594/5/3 1593/5/3
f 1596/5/3 1595/5/3 1594/5/3
f 1596/5/3 1590/5/3 1595/5/3
f 1597/5/3 1590/5/3 1596/5/3
f 1598/5/3 1596/5/3 1593/5/3
f 1599/5/3 1596/5/3 1598/5/3
f 1602/5/3 1601/5/3 1600/5/3
f 1603/5/3 1601/5/3 1602/5/3
f 1607/5/3 1605/5/3 1604/5/3
f 1608/3/3 1606/3/3 1605/3/3
f 1608/5/3 1605/5/3 1607/5/3
f 1609/3/3 1606/3/3 1608/3/3
f 1610/5/3 1607/5/3 1604/5/3
f 1611/5/3 1607/5/3 1610/5/3
f 1612/5/3 1610/5/3 1604/5/3
f 1612/1/3 1611/1/3 1610/1/3
f 1613/5/3 1607/5/3 1611/5/3
f 1613/1/3 1611/1/3 1612/1/3
f 1614/5/3 1607/5/3 1613/5/3
f 1615/5/3 1613/5/3 1612/5/3
f 1615/1/3 1614/1/3 1613/1/3
f 1616/5/3 1607/5/3 1614/5/3
f 1616/1/3 1614/1/3 1615/1/3
f 1617/5/3 1607/5/3 1616/5/3
f 1618/5/3 1616/5/3 1615/5/3
f 1618/1/3 1617/1/3 1616/1/3
f 1619/5/3 1607/5/3 1617/5/3
f 1619/1/3 1617/1/3 1618/1/3
f 1620/5/3 1607/5/3 1619/5/3
f 1621/5/3 1619/5/3 1618/5/3
f 1621/1/3 1620/1/3 1619/1/3
f 1622/5/3 1607/5/3 1620/5/3
f 1622/1/3 1620/1/3 1621/1/3
f 1623/5/3 1607/5/3 1622/5/3
f 1624/5/3 1621/5/3 1618/5/3
f 1624/5/3 1622/5/3 1621/5/3
f 1625/1/3 1623/1/3 1622/1/3
f 1625/5/3 1622/5/3 1624/5/3
f 1626/5/3 1607/5/3 1623/5/3
f 1626/1/3 1623/1/3 1625/1/3
f 1627/5/3 1607/5/3 1626/5/3
f 1628/5/3 1624/5/3 1618/5/3
f 1630/5/3 1629/5/3 1628/5/3
f 1632/5/3 1631/5/3 1630/5/3
f 1635/5/3 1612/5/3 1604/5/3
f 1635/5/3 1615/5/3 1612/5/3
f 1635/5/3 1633/5/3 1632/5/3
f 1635/5/3 1632/5/3 1630/5/3
f 1635/5/3 1628/5/3 1618/5/3
f 1635/5/3 1630/5/3 1628/5/3
f 1635/5/3 1618/5/3 1615/5/3
f 1636/3/3 1634/3/3 1633/3/3
f 1636/5/3 1633/5/3 1635/5/3
f 1637/3/3 1634/3/3 1636/3/3
f 1640/3/3 1639/3/3 1638/3/3
f 1641/3/3 1639/3/3 1640/3/3
f 1645/5/3 1643/5/3 1642/5/3
f 1645/3/3 1644/3/3 1643/3/3
f 1646/3/3 1644/3/3 1645/3/3
f 1647/5/3 1645/5/3 1642/5/3
f 1648/1/3 1646/1/3 1645/1/3
f 1648/5/3 1645/5/3 1647/5/3
f 1649/1/3 1646/1/3 1648/1/3
f 1652/3/3 1651/3/3 1650/3/3
f 1653/3/3 1651/3/3 1652/3/3
f 1659/5/3 1655/5/3 1654/5/3
f 1659/5/3 1656/5/3 1655/5/3
f 1659/5/3 1657/5/3 1656/5/3
f 1660/3/3 1658/3/3 1657/3/3
f 1660/5/3 1657/5/3 1659/5/3
f 1661/3/3 1658/3/3 1660/3/3
f 1662/5/3 1659/5/3 1654/5/3
f 1665/5/3 1663/5/3 1662/5/3
f 1666/3/3 1664/3/3 1663/3/3
f 1666/5/3 1663/5/3 1665/5/3
f 1667/3/3 1664/3/3 1666/3/3
f 1668/5/3 1662/5/3 1654/5/3
f 1668/5/3 1665/5/3 1662/5/3
f 1669/5/3 1665/5/3 1668/5/3
f 1670/5/3 1668/5/3 1654/5/3
f 1671/1/3 1669/1/3 1668/1/3
f 1671/5/3 1668/5/3 1670/5/3
f 1672/1/3 1669/1/3 1671/1/3
f 1673/1/3 1669/1/3 1672/1/3
f 1674/5/3 1665/5/3 1669/5/3
f 1674/1/3 1669/1/3 1673/1/3
f 1675/5/3 1665/5/3 1674/5/3
f 1678/3/3 1677/3/3 1676/3/3
f 1679/3/3 1677/3/3 1678/3/3
f 1683/5/3 1681/5/3 1680/5/3
f 1684/3/3 1682/3/3 1681/3/3
f 1684/5/3 1681/5/3 1683/5/3
f 1685/3/3 1682/3/3 1684/3/3
f 1686/5/3 1683/5/3 1680/5/3
f 1687/5/3 1683/5/3 1686/5/3
f 1690/5/3 1689/5/3 1688/5/3
f 1691/5/3 1689/5/3 1690/5/3
f 1695/5/3 1693/5/3 1692/5/3
f 1696/3/3 1694/3/3 1693/3/3
f 1696/5/3 1693/5/3 1695/5/3
f 1697/3/3 1694/3/3 1696/3/3
f 1698/5/3 1695/5/3 1692/5/3
f 1699/5/3 1695/5/3 1698/5/3
f 1700/1/3 1699/1/3 1698/1/3
f 1701/1/3 1699/1/3 1700/1/3
f 1705/5/3 1703/5/3 1702/5/3
f 1705/3/3 1704/3/3 1703/3/3
f 1706/3/3 1704/3/3 1705/3/3
f 1707/5/3 1705/5/3 1702/5/3
f 1707/1/3 1706/1/3 1705/1/3
f 1708/1/3 1706/1/3 1707/1/3
f 1709/5/3 1707/5/3 1702/5/3
f 1710/3/3 1708/3/3 1707/3/3
f 1710/5/3 1707/5/3 1709/5/3
f 1711/3/3 1708/3/3 1710/3/3
f 1714/3/3 1713/3/3 1712/3/3
f 1715/3/3 1713/3/3 1714/3/3
f 1716/1/3 1715/1/3 1714/1/3
f 1717/1/3 1715/1/3 1716/1/3
f 1721/5/3 1719/5/3 1718/5/3
f 1722/3/3 1720/3/3 1719/3/3
f 1722/5/3 1719/5/3 1721/5/3
f 1723/3/3 1720/3/3 1722/3/3
f 1725/1/3 1723/1/3 1722/1/3
f 1726/1/3 1725/1/3 1724/1/3
f 1727/1/3 1723/1/3 1725/1/3
f 1727/1/3 1725/1/3 1726/1/3
f 1728/5/3 1727/5/3 1726/5/3
f 1729/1/3 1723/1/3 1727/1/3
f 1729/5/3 1727/5/3 1728/5/3
f 1730/1/3 1723/1/3 1729/1/3
f 1733/5/3 1732/5/3 1731/5/3
f 1734/5/3 1732/5/3 1733/5/3
f 1735/5/3 1732/5/3 1734/5/3
f 1739/5/3 1737/5/3 1736/5/3
f 1739/3/3 1738/3/3 1737/3/3
f 1740/3/3 1738/3/3 1739/3/3
f 1741/5/3 1739/5/3 1736/5/3
f 1742/1/3 1740/1/3 1739/1/3
f 1742/5/3 1739/5/3 1741/5/3
f 1743/1/3 1740/1/3 1742/1/3
f 1747/5/3 1745/5/3 1744/5/3
f 1747/3/3 1746/3/3 1745/3/3
f 1748/3/3 1746/3/3 1747/3/3
f 1749/5/3 1747/5/3 1744/5/3
f 1750/1/3 1748/1/3 1747/1/3
f 1750/5/3 1747/5/3 1749/5/3
f 1751/1/3 1748/1/3 1750/1/3
f 1752/5/3 1750/5/3 1749/5/3
f 1753/5/3 1750/5/3 1752/5/3
f 1754/1/3 1753/1/3 1752/1/3
f 1755/5/3 1750/5/3 1753/5/3
f 1755/1/3 1753/1/3 1754/1/3
f 1756/3/3 1751/3/3 1750/3/3
f 1756/5/3 1750/5/3 1755/5/3
f 1757/3/3 1751/3/3 1756/3/3
f 1761/5/3 1759/5/3 1758/5/3
f 1761/1/3 1760/1/3 1759/1/3
f 1762/1/3 1760/1/3 1761/1/3
f 1763/5/3 1761/5/3 1758/5/3
f 1764/5/3 1761/5/3 1763/5/3
f 1765/5/3 1761/5/3 1764/5/3
f 1766/1/3 1765/1/3 1764/1/3
f 1767/1/3 1765/1/3 1766/1/3
f 1768/5/3 1761/5/3 1765/5/3
f 1768/1/3 1765/1/3 1767/1/3
f 1769/5/3 1761/5/3 1768/5/3
f 1770/5/3 1768/5/3 1767/5/3
f 1770/1/3 1769/1/3 1768/1/3
f 1771/5/3 1761/5/3 1769/5/3
f 1771/1/3 1769/1/3 1770/1/3
f 1772/5/3 1761/5/3 1771/5/3
f 1773/5/3 1770/5/3 1767/5/3
f 1773/5/3 1771/5/3 1770/5/3
f 1774/1/3 1772/1/3 1771/1/3
f 1774/5/3 1771/5/3 1773/5/3
f 1775/5/3 1761/5/3 1772/5/3
f 1775/1/3 1772/1/3 1774/1/3
f 1776/5/3 1761/5/3 1775/5/3
f 1777/1/3 1774/1/3 1773/1/3
f 1777/1/3 1775/1/3 1774/1/3
f 1777/1/3 1776/1/3 1775/1/3
f 1778/5/3 1761/5/3 1776/5/3
f 1778/1/3 1776/1/3 1777/1/3
f 1779/5/3 1773/5/3 1767/5/3
f 1780/1/3 1777/1/3 1773/1/3
f 1780/5/3 1773/5/3 1779/5/3
f 1781/5/3 1778/5/3 1777/5/3
f 1781/1/3 1777/1/3 1780/1/3
f 1782/3/3 1762/3/3 1761/3/3
f 1782/5/3 1778/5/3 1781/5/3
f 1782/5/3 1761/5/3 1778/5/3
f 1783/3/3 1762/3/3 1782/3/3
f 1784/5/4 1785/5/4 1786/5/4
f 1786/5/4 1785/5/4 1787/5/4
f 1788/4/4 1789/4/4 1792/4/4
f 1789/4/4 1790/4/4 1792/4/4
f 1791/4/4 1792/4/4 1793/4/4
f 1792/4/4 1790/4/4 1794/4/4
f 1793/4/4 1792/4/4 1794/4/4
f 1795/5/4 1796/5/4 1798/5/4
f 1796/3/4 1797/3/4 1799/3/4
f 1798/5/4 1796/5/4 1799/5/4
f 1799/3/4 1797/3/4 1800/3/4
f 1801/3/4 1802/3/4 1803/3/4
f 1803/3/4 1802/3/4 1804/3/4
f 1805/5/4 1806/5/4 1808/5/4
f 1806/1/4 1807/1/4 1808/1/4
f 1808/1/4 1807/1/4 1809/1/4
f 1805/5/4 1808/5/4 1810/5/4
f 1810/5/4 1808/5/4 1811/5/4
f 1812/5/4 1813/5/4 1815/5/4
f 1813/1/4 1814/1/4 1815/1/4
f 1815/1/4 1814/1/4 1816/1/4
f 1812/5/4 1815/5/4 1817/5/4
f 1815/3/4 1816/3/4 1818/3/4
f 1817/5/4 1815/5/4 1818/5/4
f 1818/3/4 1816/3/4 1819/3/4
f 1820/5/4 1821/5/4 1822/5/4
f 1822/5/4 1821/5/4 1823/5/4
f 1824/5/4 1825/5/4 1826/5/4
f 1826/5/4 1825/5/4 1827/5/4
f 1824/5/4 1826/5/4 1828/5/4
f 1828/5/4 1829/5/4 1830/5/4
f 1824/5/4 1828/5/4 1831/5/4
f 1828/5/4 1830/5/4 1831/5/4
f 1831/5/4 1830/5/4 1832/5/4
f 1833/1/4 1834/1/4 1835/1/4
f 1835/1/4 1834/1/4 1836/1/4
f 1837/5/4 1838/5/4 1839/5/4
f 1839/5/4 1838/5/4 1840/5/4
f 1841/1/4 1842/1/4 1844/1/4
f 1844/1/4 1842/1/4 1845/1/4
f 1842/4/4 1843/4/4 1846/4/4
f 1845/1/4 1842/1/4 1846/1/4
f 1846/4/4 1843/4/4 1847/4/4
f 1841/1/4 1844/1/4 1848/1/4
f 1848/1/4 1844/1/4 1849/1/4
f 1850/5/4 1851/5/4 1853/5/4
f 1853/5/4 1851/5/4 1854/5/4
f 1850/5/4 1853/5/4 1855/5/4
f 1853/1/4 1854/1/4 1856/1/4
f 1855/5/4 1853/5/4 1856/5/4
f 1854/5/4 1851/5/4 1857/5/4
f 1856/1/4 1854/1/4 1857/1/4
f 1851/3/4 1852/3/4 1858/3/4
f 1857/5/4 1851/5/4 1858/5/4
f 1858/3/4 1852/3/4 1859/3/4
f 1858/1/4 1859/1/4 1860/1/4
f 1860/1/4 1859/1/4 1861/1/4
f 1850/5/4 1855/5/4 1862/5/4
f 1862/5/4 1855/5/4 1863/5/4
f 1863/5/4 1855/5/4 1864/5/4
f 1865/1/4 1866/1/4 1867/1/4
f 1867/1/4 1866/1/4 1868/1/4
f 1864/5/4 1855/5/4 1869/5/4
f 1869/5/4 1855/5/4 1870/5/4
f 1871/3/4 1872/3/4 1873/3/4
f 1873/3/4 1872/3/4 1874/3/4
f 1875/5/4 1876/5/4 1877/5/4
f 1877/5/4 1876/5/4 1878/5/4
f 1879/5/4 1880/5/4 1881/5/4
f 1881/5/4 1880/5/4 1882/5/4
f 1882/5/4 1880/5/4 1883/5/4
f 1884/5/4 1885/5/4 1886/5/4
f 1886/5/4 1885/5/4 1887/5/4
f 1888/5/4 1889/5/4 1890/5/4
f 1890/5/4 1889/5/4 1891/5/4
f 1892/5/4 1893/5/4 1894/5/4
f 1894/5/4 1893/5/4 1895/5/4
f 1896/5/4 1897/5/4 1898/5/4
f 1898/5/4 1897/5/4 1899/5/4
f 1900/5/4 1901/5/4 1904/5/4
f 1902/5/4 1903/5/4 1905/5/4
f 1903/5/4 1904/5/4 1905/5/4
f 1904/5/4 1901/5/4 1905/5/4
f 1905/5/4 1901/5/4 1906/5/4
f 1902/5/4 1905/5/4 1907/5/4
f 1907/5/4 1905/5/4 1908/5/4
f 1909/5/4 1910/5/4 1912/5/4
f 1910/3/4 1911/3/4 1913/3/4
f 1912/5/4 1910/5/4 1913/5/4
f 1913/3/4 1911/3/4 1914/3/4
f 1915/5/4 1916/5/4 1917/5/4
f 1915/5/4 1917/5/4 1921/5/4
f 1917/5/4 1918/5/4 1921/5/4
f 1920/5/4 1921/5/4 1922/5/4
f 1918/3/4 1919/3/4 1923/3/4
f 1922/5/4 1921/5/4 1923/5/4
f 1921/5/4 1918/5/4 1923/5/4
f 1923/3/4 1919/3/4 1924/3/4
f 1925/5/4 1926/5/4 1928/5/4
f 1928/5/4 1926/5/4 1929/5/4
f 1929/5/4 1926/5/4 1930/5/4
f 1926/3/4 1927/3/4 1931/3/4
f 1930/5/4 1926/5/4 1931/5/4
f 1931/3/4 1927/3/4 1932/3/4
f 1930/5/4 1931/5/4 1933/5/4
f 1931/1/4 1932/1/4 1933/1/4
f 1933/1/4 1932/1/4 1934/1/4
f 1930/5/4 1933/5/4 1935/5/4
f 1933/3/4 1934/3/4 1936/3/4
f 1935/5/4 1933/5/4 1936/5/4
f 1936/3/4 1934/3/4 1937/3/4
f 1930/5/4 1935/5/4 1938/5/4
f 1938/5/4 1935/5/4 1939/5/4
f 1930/5/4 1938/5/4 1941/5/4
f 1941/5/4 1938/5/4 1942/5/4
f 1942/5/4 1938/5/4 1943/5/4
f 1940/5/4 1941/5/4 1944/5/4
f 1941/5/4 1942/5/4 1944/5/4
f 1944/5/4 1942/5/4 1945/5/4
f 1946/5/4 1947/5/4 1948/5/4
f 1948/5/4 1947/5/4 1949/5/4
f 1950/5/4 1951/5/4 1952/5/4
f 1952/5/4 1951/5/4 1953/5/4
f 1954/5/4 1955/5/4 1956/5/4
f 1956/5/4 1955/5/4 1957/5/4
f 1958/5/4 1959/5/4 1960/5/4
f 1960/5/4 1959/5/4 1961/5/4
f 1962/5/4 1963/5/4 1965/5/4
f 1963/3/4 1964/3/4 1966/3/4
f 1965/5/4 1963/5/4 1966/5/4
f 1966/3/4 1964/3/4 1967/3/4
f 1968/5/4 1969/5/4 1971/5/4
f 1969/3/4 1970/3/4 1972/3/4
f 1971/5/4 1969/5/4 1972/5/4
f 1972/3/4 1970/3/4 1973/3/4
f 1974/5/4 1975/5/4 1976/5/4
f 1976/5/4 1975/5/4 1977/5/4
f 1978/5/4 1979/5/4 1980/5/4
f 1980/5/4 1979/5/4 1981/5/4
f 1982/5/4 1983/5/4 1985/5/4
f 1983/3/4 1984/3/4 1986/3/4
f 1985/5/4 1983/5/4 1986/5/4
f 1986/3/4 1984/3/4 1987/3/4
f 1988/5/4 1989/5/4 1992/5/4
f 1989/5/4 1990/5/4 1992/5/4
f 1990/3/4 1991/3/4 1993/3/4
f 1992/5/4 1990/5/4 1993/5/4
f 1993/3/4 1991/3/4 1994/3/4
f 1995/5/4 1996/5/4 1997/5/4
f 1997/5/4 1996/5/4 1998/5/4
f 1999/5/4 2000/5/4 2002/5/4
f 2000/3/4 2001/3/4 2003/3/4
f 2002/5/4 2000/5/4 2003/5/4
f 2003/3/4 2001/3/4 2004/3/4
f 2005/5/4 2006/5/4 2008/5/4
f 2006/5/4 2007/5/4 2008/5/4
f 2008/5/4 2007/5/4 2009/5/4
f 2010/5/4 2011/5/4 2012/5/4
f 2012/5/4 2011/5/4 2013/5/4
f 2014/5/4 2015/5/4 2016/5/4
f 2016/5/4 2015/5/4 2019/5/4
f 2017/5/4 2018/5/4 2020/5/4
f 2018/5/4 2019/5/4 2020/5/4
f 2019/5/4 2015/5/4 2020/5/4
f 2020/5/4 2015/5/4 2021/5/4
f 2017/5/4 2020/5/4 2022/5/4
f 2020/1/4 2021/1/4 2022/1/4
f 2022/1/4 2021/1/4 2023/1/4
f 2017/5/4 2022/5/4 2024/5/4
f 2022/5/4 2023/5/4 2024/5/4
f 2024/5/4 2023/5/4 2025/5/4
f 2025/5/4 2023/5/4 2026/5/4
f 2026/5/4 2023/5/4 2027/5/4
f 2028/5/4 2029/5/4 2030/5/4
f 2030/5/4 2029/5/4 2031/5/4
f 2032/5/4 2033/5/4 2034/5/4
f 2034/5/4 2033/5/4 2035/5/4
f 2036/3/4 2037/3/4 2038/3/4
f 2038/3/4 2037/3/4 2039/3/4
f 2040/5/4 2041/5/4 2044/5/4
f 2042/5/4 2043/5/4 2045/5/4
f 2043/5/4 2044/5/4 2045/5/4
f 2044/5/4 2041/5/4 2046/5/4
f 2045/5/4 2044/5/4 2046/5/4
f 2047/5/4 2048/5/4 2049/5/4
f 2049/5/4 2048/5/4 2050/5/4
f 2051/5/4 2052/5/4 2053/5/4
f 2053/5/4 2052/5/4 2054/5/4
f 2055/5/4 2056/5/4 2060/5/4
f 2058/5/4 2059/5/4 2061/5/4
f 2059/5/4 2060/5/4 2061/5/4
f 2061/5/4 2060/5/4 2062/5/4
f 2062/5/4 2060/5/4 2063/5/4
f 2060/5/4 2056/5/4 2064/5/4
f 2063/5/4 2060/5/4 2064/5/4
f 2056/3/4 2057/3/4 2064/3/4
f 2064/3/4 2057/3/4 2065/3/4
f 2066/1/4 2067/1/4 2068/1/4
f 2068/1/4 2067/1/4 2069/1/4
f 2068/3/4 2069/3/4 2070/3/4
f 2070/3/4 2069/3/4 2071/3/4
f 2072/3/4 2073/3/4 2074/3/4
f 2074/3/4 2073/3/4 2075/3/4
f 2077/5/4 2078/5/4 2080/5/4
f 2078/3/4 2079/3/4 2080/3/4
f 2080/3/4 2079/3/4 2081/3/4
f 2077/5/4 2080/5/4 2082/5/4
f 2080/1/4 2081/1/4 2082/1/4
f 2082/1/4 2081/1/4 2083/1/4
f 2077/5/4 2082/5/4 2084/5/4
f 2082/3/4 2083/3/4 2084/3/4
f 2084/3/4 2083/3/4 2085/3/4
f 2077/5/4 2084/5/4 2086/5/4
f 2084/1/4 2085/1/4 2086/1/4
f 2086/1/4 2085/1/4 2087/1/4
f 2077/5/4 2086/5/4 2088/5/4
f 2088/5/4 2086/5/4 2089/5/4
f 2086/3/4 2087/3/4 2090/3/4
f 2089/5/4 2086/5/4 2090/5/4
f 2090/3/4 2087/3/4 2091/3/4
f 2088/3/4 2089/3/4 2092/3/4
f 2077/5/4 2088/5/4 2092/5/4
f 2092/3/4 2089/3/4 2093/3/4
f 2077/5/4 2092/5/4 2094/5/4
f 2092/1/4 2093/1/4 2094/1/4
f 2094/1/4 2093/1/4 2095/1/4
f 2094/5/4 2095/5/4 2098/5/4
f 2095/5/4 2096/5/4 2098/5/4
f 2096/3/4 2097/3/4 2099/3/4
f 2098/5/4 2096/5/4 2099/5/4
f 2099/3/4 2097/3/4 2100/3/4
f 2094/5/4 2098/5/4 2101/5/4
f 2098/1/4 2099/1/4 2102/1/4
f 2101/5/4 2098/5/4 2102/5/4
f 2099/1/4 2100/1/4 2102/1/4
f 2102/1/4 2100/1/4 2103/1/4
f 2103/1/4 2100/1/4 2104/1/4
f 2094/5/4 2101/5/4 2105/5/4
f 2101/1/4 2102/1/4 2106/1/4
f 2105/5/4 2101/5/4 2106/5/4
f 2102/5/4 2103/5/4 2107/5/4
f 2106/1/4 2102/1/4 2107/1/4
f 2103/3/4 2104/3/4 2108/3/4
f 2107/5/4 2103/5/4 2108/5/4
f 2108/3/4 2104/3/4 2109/3/4
f 2094/5/4 2105/5/4 2110/5/4
f 2105/1/4 2106/1/4 2111/1/4
f 2110/5/4 2105/5/4 2111/5/4
f 2106/5/4 2107/5/4 2112/5/4
f 2111/1/4 2106/1/4 2112/1/4
f 2107/5/4 2108/5/4 2112/5/4
f 2094/5/4 2110/5/4 2113/5/4
f 2110/1/4 2111/1/4 2114/1/4
f 2113/5/4 2110/5/4 2114/5/4
f 2111/5/4 2112/5/4 2115/5/4
f 2114/1/4 2111/1/4 2115/1/4
f 2115/5/4 2112/5/4 2116/5/4
f 2112/5/4 2108/5/4 2117/5/4
f 2116/5/4 2112/5/4 2117/5/4
f 2108/1/4 2109/1/4 2117/1/4
f 2117/1/4 2109/1/4 2118/1/4
f 2077/5/4 2094/5/4 2119/5/4
f 2094/5/4 2113/5/4 2119/5/4
f 2113/1/4 2114/1/4 2120/1/4
f 2119/5/4 2113/5/4 2120/5/4
f 2115/5/4 2116/5/4 2121/5/4
f 2120/1/4 2114/1/4 2121/1/4
f 2114/5/4 2115/5/4 2121/5/4
f 2121/5/4 2116/5/4 2122/5/4
f 2116/1/4 2117/1/4 2123/1/4
f 2122/5/4 2116/5/4 2123/5/4
f 2117/3/4 2118/3/4 2124/3/4
f 2123/1/4 2117/1/4 2124/1/4
f 2077/5/4 2119/5/4 2125/5/4
f 2119/1/4 2120/1/4 2126/1/4
f 2125/5/4 2119/5/4 2126/5/4
f 2121/5/4 2122/5/4 2127/5/4
f 2126/1/4 2120/1/4 2127/1/4
f 2120/5/4 2121/5/4 2127/5/4
f 2122/1/4 2123/1/4 2128/1/4
f 2127/5/4 2122/5/4 2128/5/4
f 2123/5/4 2124/5/4 2129/5/4
f 2128/1/4 2123/1/4 2129/1/4
f 2077/5/4 2125/5/4 2130/5/4
f 2125/1/4 2126/1/4 2130/1/4
f 2126/5/4 2127/5/4 2131/5/4
f 2130/1/4 2126/1/4 2131/1/4
f 2128/5/4 2129/5/4 2131/5/4
f 2127/5/4 2128/5/4 2131/5/4
f 2077/5/4 2130/5/4 2132/5/4
f 2130/5/4 2131/5/4 2132/5/4
f 2132/5/4 2131/5/4 2133/5/4
f 2129/5/4 2124/5/4 2134/5/4
f 2133/5/4 2131/5/4 2134/5/4
f 2131/5/4 2129/5/4 2134/5/4
f 2124/3/4 2118/3/4 2134/3/4
f 2134/3/4 2118/3/4 2135/3/4
f 2132/1/4 2133/1/4 2136/1/4
f 2077/5/4 2132/5/4 2136/5/4
f 2136/1/4 2133/1/4 2137/1/4
f 2077/5/4 2136/5/4 2138/5/4
f 2136/3/4 2137/3/4 2138/3/4
f 2138/3/4 2137/3/4 2139/3/4
f 2077/5/4 2138/5/4 2140/5/4
f 2138/1/4 2139/1/4 2140/1/4
f 2140/1/4 2139/1/4 2141/1/4
f 2077/5/4 2140/5/4 2142/5/4
f 2140/3/4 2141/3/4 2142/3/4
f 2142/3/4 2141/3/4 2143/3/4
f 2077/5/4 2142/5/4 2144/5/4
f 2142/1/4 2143/1/4 2144/1/4
f 2144/1/4 2143/1/4 2145/1/4
f 2077/5/4 2144/5/4 2146/5/4
f 2144/3/4 2145/3/4 2146/3/4
f 2146/3/4 2145/3/4 2147/3/4
f 2077/5/4 2146/5/4 2148/5/4
f 2146/1/4 2147/1/4 2148/1/4
f 2148/1/4 2147/1/4 2149/1/4
f 2077/5/4 2148/5/4 2150/5/4
f 2148/3/4 2149/3/4 2151/3/4
f 2150/5/4 2148/5/4 2151/5/4
f 2151/3/4 2149/3/4 2152/3/4
f 2077/5/4 2150/5/4 2153/5/4
f 2153/5/4 2150/5/4 2154/5/4
f 2154/5/4 2150/5/4 2155/5/4
f 2077/5/4 2153/5/4 2156/5/4
f 2153/3/4 2154/3/4 2156/3/4
f 2156/3/4 2154/3/4 2157/3/4
f 2077/5/4 2156/5/4 2158/5/4
f 2156/1/4 2157/1/4 2158/1/4
f 2158/1/4 2157/1/4 2159/1/4
f 2077/5/4 2158/5/4 2160/5/4
f 2158/3/4 2159/3/4 2160/3/4
f 2160/3/4 2159/3/4 2161/3/4
f 2077/5/4 2160/5/4 2162/5/4
f 2160/1/4 2161/1/4 2162/1/4
f 2162/1/4 2161/1/4 2163/1/4
f 2076/1/4 2077/1/4 2164/1/4
f 2077/5/4 2162/5/4 2164/5/4
f 2164/5/4 2162/5/4 2165/5/4
f 2165/5/4 2162/5/4 2166/5/4
f 2162/3/4 2163/3/4 2167/3/4
f 2166/5/4 2162/5/4 2167/5/4
f 2167/3/4 2163/3/4 2168/3/4
f 2168/3/4 2163/3/4 2169/3/4
f 2076/1/4 2164/1/4 2170/1/4
f 2164/2/4 2165/2/4 2171/2/4
f 2170/1/4 2164/1/4 2171/1/4
f 2165/4/4 2166/4/4 2172/4/4
f 2171/2/4 2165/2/4 2172/2/4
f 2172/4/4 2166/4/4 2173/4/4
f 2176/1/5 2175/1/5 2174/1/5
f 2177/1/5 2175/1/5 2176/1/5
f 2178/4/5 2177/4/5 2176/4/5
f 2179/1/5 2175/1/5 2177/1/5
f 2179/4/5 2177/4/5 2178/4/5
f 2180/1/5 2176/1/5 2174/1/5
f 2181/4/5 2178/4/5 2176/4/5
f 2181/1/5 2176/1/5 2180/1/5
f 2182/1/5 2180/1/5 2174/1/5
f 2182/4/5 2181/4/5 2180/4/5
f 2183/4/5 2178/4/5 2181/4/5
f 2183/4/5 2181/4/5 2182/4/5
f 2183/1/5 2179/1/5 2178/1/5
f 2184/1/5 2182/1/5 2174/1/5
f 2184/1/5 2183/1/5 2182/1/5
f 2185/1/5 2175/1/5 2179/1/5
f 2185/1/5 2183/1/5 2184/1/5
f 2185/1/5 2179/1/5 2183/1/5
f 2188/1/5 2187/1/5 2186/1/5
f 2189/1/5 2187/1/5 2188/1/5
f 2192/4/5 2191/4/5 2190/4/5
f 2193/4/5 2191/4/5 2192/4/5
f 2196/3/5 2195/3/5 2194/3/5
f 2197/3/5 2195/3/5 2196/3/5
f 2198/1/5 2197/1/5 2196/1/5
f 2199/3/5 2195/3/5 2197/3/5
f 2199/1/5 2197/1/5 2198/1/5
f 2200/3/5 2199/3/5 2198/3/5
f 2201/3/5 2195/3/5 2199/3/5
f 2201/3/5 2199/3/5 2200/3/5
f 2202/1/5 2201/1/5 2200/1/5
f 2203/1/5 2201/1/5 2202/1/5
f 2204/1/5 2202/1/5 2200/1/5
f 2205/3/5 2203/3/5 2202/3/5
f 2205/1/5 2202/1/5 2204/1/5
f 2206/3/5 2205/3/5 2204/3/5
f 2207/3/5 2203/3/5 2205/3/5
f 2207/3/5 2205/3/5 2206/3/5
f 2212/1/5 2209/1/5 2208/1/5
f 2213/1/5 2209/1/5 2212/1/5
f 2214/5/5 2211/5/5 2210/5/5
f 2215/5/5 2211/5/5 2214/5/5
f 2220/1/5 2217/1/5 2216/1/5
f 2221/1/5 2217/1/5 2220/1/5
f 2222/1/5 2219/1/5 2218/1/5
f 2223/1/5 2219/1/5 2222/1/5
f 2226/1/5 2225/1/5 2224/1/5
f 2227/1/5 2225/1/5 2226/1/5
f 2230/5/5 2229/5/5 2228/5/5
f 2231/5/5 2229/5/5 2230/5/5
f 2234/5/5 2233/5/5 2232/5/5
f 2235/5/5 2233/5/5 2234/5/5
f 2236/5/5 2233/5/5 2235/5/5
f 2237/5/5 2233/5/5 2236/5/5
f 2240/5/5 2239/5/5 2238/5/5
f 2241/5/5 2239/5/5 2240/5/5
f 2242/1/6 2243/1/6 2244/1/6
f 2244/1/6 2243/1/6 2245/1/6
f 2246/5/6 2247/5/6 2248/5/6
f 2248/5/6 2247/5/6 2249/5/6
f 2249/5/6 2247/5/6 2250/5/6
f 2250/5/6 2247/5/6 2251/5/6
f 2249/5/6 2250/5/6 2252/5/6
f 2252/5/6 2250/5/6 2253/5/6
f 2254/5/6 2255/5/6 2256/5/6
f 2254/5/6 2256/5/6 2257/5/6
f 2257/5/6 2256/5/6 2258/5/6
f 2259/5/6 2260/5/6 2262/5/6
f 2260/1/6 2261/1/6 2263/1/6
f 2262/5/6 2260/5/6 2263/5/6
f 2263/1/6 2261/1/6 2264/1/6
f 2265/5/6 2266/5/6 2267/5/6
f 2267/5/6 2266/5/6 2268/5/6
f 2269/3/6 2270/3/6 2274/3/6
f 2270/4/6 2271/4/6 2275/4/6
f 2274/3/6 2270/3/6 2275/3/6
f 2271/5/6 2272/5/6 2276/5/6
f 2275/4/6 2271/4/6 2276/4/6
f 2272/4/6 2273/4/6 2277/4/6
f 2276/5/6 2272/5/6 2277/5/6
f 2275/4/6 2276/4/6 2278/4/6
f 2269/3/6 2274/3/6 2278/3/6
f 2276/4/6 2277/4/6 2278/4/6
f 2274/4/6 2275/4/6 2278/4/6
f 2277/4/6 2273/4/6 2279/4/6
f 2278/4/6 2277/4/6 2279/4/6
f 2278/3/6 2279/3/6 2280/3/6
f 2279/4/6 2273/4/6 2280/4/6
f 2280/4/6 2273/4/6 2281/4/6
f 2281/4/6 2273/4/6 2282/4/6
f 2282/4/6 2273/4/6 2283/4/6
f 2283/4/6 2273/4/6 2284/4/6
f 2281/1/6 2282/1/6 2285/1/6
f 2282/3/6 2283/3/6 2286/3/6
f 2285/1/6 2282/1/6 2286/1/6
f 2284/4/6 2273/4/6 2290/4/6
f 2269/3/6 2278/3/6 2291/3/6
f 2278/3/6 2280/3/6 2291/3/6
f 2280/3/6 2281/3/6 2291/3/6
f 2291/3/6 2281/3/6 2292/3/6
f 2292/3/6 2281/3/6 2293/3/6
f 2281/1/6 2285/1/6 2294/1/6
f 2285/3/6 2286/3/6 2294/3/6
f 2286/3/6 2283/3/6 2295/3/6
f 2294/3/6 2286/3/6 2295/3/6
f 2291/3/6 2292/3/6 2296/3/6
f 2292/1/6 2293/1/6 2297/1/6
f 2296/3/6 2292/3/6 2297/3/6
f 2297/1/6 2293/1/6 2298/1/6
f 2293/3/6 2281/3/6 2299/3/6
f 2298/1/6 2293/1/6 2299/1/6
f 2299/3/6 2281/3/6 2300/3/6
f 2297/1/6 2298/1/6 2301/1/6
f 2296/1/6 2297/1/6 2301/1/6
f 2301/1/6 2298/1/6 2302/1/6
f 2298/3/6 2299/3/6 2303/3/6
f 2302/1/6 2298/1/6 2303/1/6
f 2299/1/6 2300/1/6 2304/1/6
f 2303/3/6 2299/3/6 2304/3/6
f 2300/3/6 2281/3/6 2305/3/6
f 2304/1/6 2300/1/6 2305/1/6
f 2305/3/6 2281/3/6 2306/3/6
f 2306/3/6 2281/3/6 2307/3/6
f 2307/3/6 2281/3/6 2308/3/6
f 2281/1/6 2294/1/6 2309/1/6
f 2308/3/6 2281/3/6 2309/3/6
f 2294/1/6 2295/1/6 2309/1/6
f 2309/1/6 2295/1/6 2310/1/6
f 2295/3/6 2283/3/6 2311/3/6
f 2287/3/6 2288/3/6 2312/3/6
f 2303/1/6 2304/1/6 2313/1/6
f 2306/3/6 2307/3/6 2313/3/6
f 2302/1/6 2303/1/6 2313/1/6
f 2304/1/6 2305/1/6 2313/1/6
f 2305/1/6 2306/1/6 2313/1/6
f 2307/1/6 2308/1/6 2314/1/6
f 2313/3/6 2307/3/6 2314/3/6
f 2309/3/6 2310/3/6 2315/3/6
f 2314/1/6 2308/1/6 2315/1/6
f 2308/3/6 2309/3/6 2315/3/6
f 2315/3/6 2310/3/6 2316/3/6
f 2311/3/6 2312/3/6 2317/3/6
f 2312/3/6 2288/3/6 2317/3/6
f 2289/3/6 2290/3/6 2318/3/6
f 2302/1/6 2313/1/6 2319/1/6
f 2315/1/6 2316/1/6 2319/1/6
f 2313/1/6 2314/1/6 2319/1/6
f 2314/1/6 2315/1/6 2319/1/6
f 2319/1/6 2316/1/6 2320/1/6
f 2316/3/6 2310/3/6 2321/3/6
f 2320/1/6 2316/1/6 2321/1/6
f 2321/3/6 2310/3/6 2322/3/6
f 2322/3/6 2310/3/6 2323/3/6
f 2310/1/6 2295/1/6 2324/1/6
f 2323/3/6 2310/3/6 2324/3/6
f 2301/3/6 2302/3/6 2325/3/6
f 2302/1/6 2319/1/6 2326/1/6
f 2325/3/6 2302/3/6 2326/3/6
f 2326/1/6 2319/1/6 2327/1/6
f 2319/3/6 2320/3/6 2328/3/6
f 2327/1/6 2319/1/6 2328/1/6
f 2320/1/6 2321/1/6 2329/1/6
f 2328/3/6 2320/3/6 2329/3/6
f 2321/1/6 2322/1/6 2329/1/6
f 2329/1/6 2322/1/6 2330/1/6
f 2330/1/6 2322/1/6 2331/1/6
f 2322/3/6 2323/3/6 2332/3/6
f 2331/1/6 2322/1/6 2332/1/6
f 2323/1/6 2324/1/6 2333/1/6
f 2332/3/6 2323/3/6 2333/3/6
f 2330/3/6 2331/3/6 2334/3/6
f 2311/3/6 2317/3/6 2335/3/6
f 2295/3/6 2311/3/6 2335/3/6
f 2333/1/6 2324/1/6 2335/1/6
f 2331/1/6 2332/1/6 2335/1/6
f 2317/3/6 2318/3/6 2335/3/6
f 2332/1/6 2333/1/6 2335/1/6
f 2324/1/6 2295/1/6 2335/1/6
f 2335/3/6 2318/3/6 2336/3/6
f 2334/3/6 2331/3/6 2337/3/6
f 2331/1/6 2335/1/6 2337/1/6
f 2335/1/6 2336/1/6 2337/1/6
f 2337/1/6 2336/1/6 2338/1/6
f 2336/3/6 2318/3/6 2339/3/6
f 2338/1/6 2336/1/6 2339/1/6
f 2339/3/6 2318/3/6 2340/3/6
f 2338/1/6 2339/1/6 2341/1/6
f 2339/1/6 2340/1/6 2341/1/6
f 2341/1/6 2340/1/6 2342/1/6
f 2338/1/6 2341/1/6 2343/1/6
f 2341/3/6 2342/3/6 2344/3/6
f 2343/1/6 2341/1/6 2344/1/6
f 2340/3/6 2318/3/6 2345/3/6
f 2342/1/6 2340/1/6 2345/1/6
f 2345/3/6 2318/3/6 2346/3/6
f 2337/3/6 2338/3/6 2347/3/6
f 2334/3/6 2337/3/6 2347/3/6
f 2338/1/6 2343/1/6 2348/1/6
f 2347/3/6 2338/3/6 2348/3/6
f 2345/1/6 2346/1/6 2349/1/6
f 2342/1/6 2345/1/6 2349/1/6
f 2346/3/6 2318/3/6 2350/3/6
f 2349/1/6 2346/1/6 2350/1/6
f 2334/3/6 2347/3/6 2351/3/6
f 2347/1/6 2348/1/6 2351/1/6
f 2348/1/6 2343/1/6 2352/1/6
f 2351/1/6 2348/1/6 2352/1/6
f 2343/3/6 2344/3/6 2353/3/6
f 2352/1/6 2343/1/6 2353/1/6
f 2344/3/6 2342/3/6 2354/3/6
f 2353/3/6 2344/3/6 2354/3/6
f 2342/1/6 2349/1/6 2355/1/6
f 2354/3/6 2342/3/6 2355/3/6
f 2349/3/6 2350/3/6 2356/3/6
f 2355/1/6 2349/1/6 2356/1/6
f 2350/3/6 2318/3/6 2357/3/6
f 2356/3/6 2350/3/6 2357/3/6
f 2353/1/6 2354/1/6 2358/1/6
f 2352/1/6 2353/1/6 2358/1/6
f 2351/3/6 2352/3/6 2358/3/6
f 2358/1/6 2354/1/6 2359/1/6
f 2354/3/6 2355/3/6 2360/3/6
f 2359/1/6 2354/1/6 2360/1/6
f 2355/3/6 2356/3/6 2360/3/6
f 2360/3/6 2356/3/6 2361/3/6
f 2357/3/6 2318/3/6 2362/3/6
f 2356/1/6 2357/1/6 2362/1/6
f 2318/3/6 2290/3/6 2363/3/6
f 2362/3/6 2318/3/6 2363/3/6
f 2360/1/6 2361/1/6 2364/1/6
f 2358/3/6 2359/3/6 2364/3/6
f 2359/1/6 2360/1/6 2364/1/6
f 2364/1/6 2361/1/6 2365/1/6
f 2356/1/6 2362/1/6 2366/1/6
f 2362/1/6 2363/1/6 2366/1/6
f 2363/3/6 2290/3/6 2367/3/6
f 2366/1/6 2363/1/6 2367/1/6
f 2365/1/6 2361/1/6 2368/1/6
f 2364/3/6 2365/3/6 2368/3/6
f 2368/1/6 2361/1/6 2369/1/6
f 2361/3/6 2356/3/6 2370/3/6
f 2369/1/6 2361/1/6 2370/1/6
f 2356/1/6 2366/1/6 2371/1/6
f 2370/3/6 2356/3/6 2371/3/6
f 2368/3/6 2369/3/6 2372/3/6
f 2369/1/6 2370/1/6 2372/1/6
f 2370/1/6 2371/1/6 2372/1/6
f 2372/1/6 2371/1/6 2373/1/6
f 2371/1/6 2366/1/6 2374/1/6
f 2373/1/6 2371/1/6 2374/1/6
f 2366/3/6 2367/3/6 2374/3/6
f 2367/3/6 2290/3/6 2375/3/6
f 2374/3/6 2367/3/6 2375/3/6
f 2372/3/6 2373/3/6 2376/3/6
f 2334/3/6 2351/3/6 2376/3/6
f 2364/3/6 2368/3/6 2376/3/6
f 2358/3/6 2364/3/6 2376/3/6
f 2351/3/6 2358/3/6 2376/3/6
f 2368/3/6 2372/3/6 2376/3/6
f 2376/3/6 2373/3/6 2377/3/6
f 2373/1/6 2374/1/6 2378/1/6
f 2377/3/6 2373/3/6 2378/3/6
f 2374/1/6 2375/1/6 2378/1/6
f 2375/3/6 2290/3/6 2379/3/6
f 2378/1/6 2375/1/6 2379/1/6
f 2290/4/6 2273/4/6 2380/4/6
f 2379/3/6 2290/3/6 2380/3/6
f 2377/4/6 2378/4/6 2381/4/6
f 2380/4/6 2273/4/6 2381/4/6
f 2379/4/6 2380/4/6 2381/4/6
f 2378/4/6 2379/4/6 2381/4/6
f 2381/4/6 2273/4/6 2382/4/6
f 2382/4/6 2273/4/6 2383/4/6
f 2383/4/6 2273/4/6 2384/4/6
f 2377/4/6 2381/4/6 2385/4/6
f 2385/4/6 2381/4/6 2386/4/6
f 2386/4/6 2381/4/6 2387/4/6
f 2387/4/6 2381/4/6 2388/4/6
f 2386/4/6 2387/4/6 2389/4/6
f 2389/4/6 2387/4/6 2390/4/6
f 2386/4/6 2389/4/6 2391/4/6
f 2386/4/6 2391/4/6 2393/4/6
f 2391/4/6 2392/4/6 2393/4/6
f 2393/4/6 2392/4/6 2394/4/6
f 2394/4/6 2392/4/6 2395/4/6
f 2395/4/6 2392/4/6 2396/4/6
f 2386/4/6 2393/4/6 2397/4/6
f 2397/4/6 2393/4/6 2398/4/6
f 2384/4/6 2273/4/6 2399/4/6
f 2399/4/6 2273/4/6 2400/4/6
f 2400/4/6 2273/4/6 2401/4/6
f 2401/4/6 2273/4/6 2402/4/6
f 2401/1/6 2402/1/6 2403/1/6
f 2403/1/6 2402/1/6 2404/1/6
f 2404/1/6 2402/1/6 2405/1/6
f 2404/4/6 2405/4/6 2407/4/6
f 2406/4/6 2407/4/6 2408/4/6
f 2407/4/6 2405/4/6 2409/4/6
f 2408/4/6 2407/4/6 2409/4/6
f 2413/1/6 2414/1/6 2415/1/6
f 2415/1/6 2414/1/6 2416/1/6
f 2410/1/6 2411/1/6 2417/1/6
f 2411/1/6 2412/1/6 2417/1/6
f 2417/1/6 2418/1/6 2419/1/6
f 2419/1/6 2420/1/6 2427/1/6
f 2420/1/6 2421/1/6 2427/1/6
f 2422/3/6 2423/3/6 2428/3/6
f 2428/3/6 2423/3/6 2429/3/6
f 2429/3/6 2423/3/6 2430/3/6
f 2423/1/6 2424/1/6 2431/1/6
f 2425/3/6 2426/3/6 2433/3/6
f 2427/3/6 2428/3/6 2434/3/6
f 2428/3/6 2429/3/6 2434/3/6
f 2434/3/6 2429/3/6 2435/3/6
f 2430/3/6 2423/3/6 2436/3/6
f 2429/1/6 2430/1/6 2436/1/6
f 2431/1/6 2432/1/6 2437/1/6
f 2436/3/6 2423/3/6 2437/3/6
f 2423/1/6 2431/1/6 2437/1/6
f 2432/3/6 2433/3/6 2438/3/6
f 2437/1/6 2432/1/6 2438/1/6
f 2438/3/6 2433/3/6 2439/3/6
f 2433/3/6 2426/3/6 2440/3/6
f 2439/3/6 2433/3/6 2440/3/6
f 2440/3/6 2426/3/6 2441/3/6
f 2419/1/6 2427/1/6 2442/1/6
f 2427/3/6 2434/3/6 2442/3/6
f 2434/1/6 2435/1/6 2443/1/6
f 2442/3/6 2434/3/6 2443/3/6
f 2443/1/6 2435/1/6 2444/1/6
f 2444/1/6 2435/1/6 2445/1/6
f 2435/3/6 2429/3/6 2446/3/6
f 2445/1/6 2435/1/6 2446/1/6
f 2429/1/6 2436/1/6 2447/1/6
f 2446/3/6 2429/3/6 2447/3/6
f 2436/1/6 2437/1/6 2447/1/6
f 2438/1/6 2439/1/6 2447/1/6
f 2437/1/6 2438/1/6 2447/1/6
f 2447/1/6 2439/1/6 2448/1/6
f 2448/1/6 2439/1/6 2449/1/6
f 2439/3/6 2440/3/6 2450/3/6
f 2449/1/6 2439/1/6 2450/1/6
f 2450/3/6 2440/3/6 2451/3/6
f 2441/3/6 2426/3/6 2452/3/6
f 2452/3/6 2426/3/6 2453/3/6
f 2444/3/6 2445/3/6 2454/3/6
f 2443/1/6 2444/1/6 2454/1/6
f 2442/1/6 2443/1/6 2454/1/6
f 2445/1/6 2446/1/6 2455/1/6
f 2454/3/6 2445/3/6 2455/3/6
f 2446/1/6 2447/1/6 2455/1/6
f 2447/1/6 2448/1/6 2455/1/6
f 2448/3/6 2449/3/6 2456/3/6
f 2455/1/6 2448/1/6 2456/1/6
f 2456/3/6 2449/3/6 2457/3/6
f 2450/1/6 2451/1/6 2458/1/6
f 2457/3/6 2449/3/6 2458/3/6
f 2449/1/6 2450/1/6 2458/1/6
f 2458/1/6 2451/1/6 2459/1/6
f 2451/3/6 2440/3/6 2460/3/6
f 2459/1/6 2451/1/6 2460/1/6
f 2440/1/6 2441/1/6 2461/1/6
f 2460/3/6 2440/3/6 2461/3/6
f 2441/3/6 2452/3/6 2462/3/6
f 2461/1/6 2441/1/6 2462/1/6
f 2452/1/6 2453/1/6 2463/1/6
f 2462/3/6 2452/3/6 2463/3/6
f 2463/1/6 2453/1/6 2464/1/6
f 2464/1/6 2453/1/6 2465/1/6
f 2442/1/6 2454/1/6 2466/1/6
f 2419/1/6 2442/1/6 2466/1/6
f 2454/1/6 2455/1/6 2466/1/6
f 2456/1/6 2457/1/6 2466/1/6
f 2455/1/6 2456/1/6 2466/1/6
f 2466/1/6 2457/1/6 2467/1/6
f 2467/1/6 2457/1/6 2468/1/6
f 2468/1/6 2457/1/6 2469/1/6
f 2458/3/6 2459/3/6 2470/3/6
f 2461/1/6 2462/1/6 2470/1/6
f 2460/1/6 2461/1/6 2470/1/6
f 2459/1/6 2460/1/6 2470/1/6
f 2463/1/6 2464/1/6 2470/1/6
f 2462/1/6 2463/1/6 2470/1/6
f 2457/3/6 2458/3/6 2470/3/6
f 2470/1/6 2464/1/6 2471/1/6
f 2471/1/6 2464/1/6 2472/1/6
f 2464/3/6 2465/3/6 2473/3/6
f 2472/1/6 2464/1/6 2473/1/6
f 2467/1/6 2468/1/6 2474/1/6
f 2466/3/6 2467/3/6 2474/3/6
f 2468/3/6 2469/3/6 2475/3/6
f 2474/1/6 2468/1/6 2475/1/6
f 2469/1/6 2457/1/6 2476/1/6
f 2475/3/6 2469/3/6 2476/3/6
f 2476/1/6 2457/1/6 2477/1/6
f 2477/1/6 2457/1/6 2478/1/6
f 2457/3/6 2470/3/6 2479/3/6
f 2478/1/6 2457/1/6 2479/1/6
f 2470/3/6 2471/3/6 2479/3/6
f 2471/1/6 2472/1/6 2480/1/6
f 2479/3/6 2471/3/6 2480/3/6
f 2480/1/6 2472/1/6 2481/1/6
f 2472/3/6 2473/3/6 2482/3/6
f 2481/1/6 2472/1/6 2482/1/6
f 2474/3/6 2475/3/6 2483/3/6
f 2477/1/6 2478/1/6 2483/1/6
f 2476/3/6 2477/3/6 2483/3/6
f 2475/3/6 2476/3/6 2483/3/6
f 2483/1/6 2478/1/6 2484/1/6
f 2478/3/6 2479/3/6 2485/3/6
f 2480/1/6 2481/1/6 2485/1/6
f 2479/1/6 2480/1/6 2485/1/6
f 2485/1/6 2481/1/6 2486/1/6
f 2486/1/6 2481/1/6 2487/1/6
f 2481/3/6 2482/3/6 2488/3/6
f 2487/1/6 2481/1/6 2488/1/6
f 2417/1/6 2419/1/6 2489/1/6
f 2419/1/6 2466/1/6 2489/1/6
f 2466/3/6 2474/3/6 2490/3/6
f 2489/1/6 2466/1/6 2490/1/6
f 2483/3/6 2484/3/6 2490/3/6
f 2474/3/6 2483/3/6 2490/3/6
f 2484/1/6 2478/1/6 2491/1/6
f 2490/3/6 2484/3/6 2491/3/6
f 2485/3/6 2486/3/6 2492/3/6
f 2491/1/6 2478/1/6 2492/1/6
f 2478/3/6 2485/3/6 2492/3/6
f 2486/1/6 2487/1/6 2493/1/6
f 2492/3/6 2486/3/6 2493/3/6
f 2487/3/6 2488/3/6 2494/3/6
f 2493/1/6 2487/1/6 2494/1/6
f 2488/3/6 2482/3/6 2495/3/6
f 2494/3/6 2488/3/6 2495/3/6
f 2482/3/6 2473/3/6 2495/3/6
f 2473/3/6 2465/3/6 2496/3/6
f 2495/3/6 2473/3/6 2496/3/6
f 2410/1/6 2417/1/6 2497/1/6
f 2417/1/6 2489/1/6 2497/1/6
f 2497/1/6 2489/1/6 2498/1/6
f 2498/1/6 2489/1/6 2499/1/6
f 2499/1/6 2489/1/6 2500/1/6
f 2498/1/6 2499/1/6 2501/1/6
f 2501/1/6 2499/1/6 2502/1/6
f 2503/5/6 2504/5/6 2507/5/6
f 2504/1/6 2505/1/6 2508/1/6
f 2507/5/6 2504/5/6 2508/5/6
f 2508/1/6 2505/1/6 2509/1/6
f 2506/5/6 2507/5/6 2510/5/6
f 2507/5/6 2508/5/6 2510/5/6
f 2508/5/6 2509/5/6 2510/5/6
f 2510/5/6 2509/5/6 2511/5/6
f 2512/5/6 2513/5/6 2514/5/6
f 2514/5/6 2513/5/6 2515/5/6
f 2512/5/6 2514/5/6 2516/5/6
f 2516/5/6 2514/5/6 2517/5/6
f 2518/5/6 2519/5/6 2520/5/6
f 2520/5/6 2519/5/6 2521/5/6
f 2522/5/6 2523/5/6 2525/5/6
f 2524/5/6 2525/5/6 2526/5/6
f 2525/5/6 2523/5/6 2527/5/6
f 2526/5/6 2525/5/6 2527/5/6
f 2528/5/6 2529/5/6 2530/5/6
f 2530/5/6 2529/5/6 2531/5/6
f 2532/3/6 2533/3/6 2534/3/6
f 2534/3/6 2533/3/6 2535/3/6
f 2535/3/6 2533/3/6 2536/3/6
f 2536/3/6 2533/3/6 2537/3/6
f 2534/1/6 2535/1/6 2538/1/6
f 2535/3/6 2536/3/6 2539/3/6
f 2538/1/6 2535/1/6 2539/1/6
f 2532/3/6 2534/3/6 2540/3/6
f 2534/1/6 2538/1/6 2541/1/6
f 2540/3/6 2534/3/6 2541/3/6
f 2539/3/6 2536/3/6 2542/3/6
f 2538/3/6 2539/3/6 2542/3/6
f 2532/3/6 2540/3/6 2544/3/6
f 2540/1/6 2541/1/6 2545/1/6
f 2544/3/6 2540/3/6 2545/3/6
f 2541/1/6 2538/1/6 2546/1/6
f 2545/1/6 2541/1/6 2546/1/6
f 2538/3/6 2542/3/6 2546/3/6
f 2542/3/6 2543/3/6 2546/3/6
f 2546/3/6 2543/3/6 2547/3/6
f 2544/1/6 2545/1/6 2548/1/6
f 2545/1/6 2546/1/6 2548/1/6
f 2546/1/6 2547/1/6 2548/1/6
f 2548/1/6 2547/1/6 2549/1/6
f 2549/1/6 2547/1/6 2550/1/6
f 2547/3/6 2543/3/6 2551/3/6
f 2550/1/6 2547/1/6 2551/1/6
f 2551/3/6 2543/3/6 2552/3/6
f 2549/3/6 2550/3/6 2553/3/6
f 2550/1/6 2551/1/6 2553/1/6
f 2551/1/6 2552/1/6 2553/1/6
f 2553/1/6 2552/1/6 2554/1/6
f 2553/3/6 2554/3/6 2555/3/6
f 2554/1/6 2552/1/6 2555/1/6
f 2555/1/6 2552/1/6 2556/1/6
f 2552/3/6 2543/3/6 2557/3/6
f 2556/1/6 2552/1/6 2557/1/6
f 2557/3/6 2543/3/6 2558/3/6
f 2555/3/6 2556/3/6 2560/3/6
f 2549/3/6 2553/3/6 2560/3/6
f 2553/3/6 2555/3/6 2560/3/6
f 2559/3/6 2560/3/6 2562/3/6
f 2561/3/6 2562/3/6 2563/3/6
f 2562/3/6 2560/3/6 2564/3/6
f 2563/3/6 2562/3/6 2564/3/6
f 2561/3/6 2563/3/6 2565/3/6
f 2563/1/6 2564/1/6 2566/1/6
f 2565/3/6 2563/3/6 2566/3/6
f 2566/1/6 2564/1/6 2567/1/6
f 2564/3/6 2560/3/6 2568/3/6
f 2567/1/6 2564/1/6 2568/1/6
f 2568/3/6 2560/3/6 2569/3/6
f 2561/3/6 2565/3/6 2570/3/6
f 2570/3/6 2565/3/6 2571/3/6
f 2565/1/6 2566/1/6 2572/1/6
f 2571/3/6 2565/3/6 2572/3/6
f 2566/3/6 2567/3/6 2573/3/6
f 2572/1/6 2566/1/6 2573/1/6
f 2567/1/6 2568/1/6 2574/1/6
f 2573/3/6 2567/3/6 2574/3/6
f 2568/1/6 2569/1/6 2574/1/6
f 2574/1/6 2569/1/6 2575/1/6
f 2569/3/6 2560/3/6 2576/3/6
f 2575/1/6 2569/1/6 2576/1/6
f 2560/3/6 2556/3/6 2577/3/6
f 2576/3/6 2560/3/6 2577/3/6
f 2561/3/6 2570/3/6 2578/3/6
f 2570/1/6 2571/1/6 2579/1/6
f 2578/3/6 2570/3/6 2579/3/6
f 2571/3/6 2572/3/6 2580/3/6
f 2579/1/6 2571/1/6 2580/1/6
f 2572/3/6 2573/3/6 2580/3/6
f 2580/3/6 2573/3/6 2581/3/6
f 2573/1/6 2574/1/6 2582/1/6
f 2581/3/6 2573/3/6 2582/3/6
f 2574/3/6 2575/3/6 2583/3/6
f 2582/1/6 2574/1/6 2583/1/6
f 2575/1/6 2576/1/6 2584/1/6
f 2583/3/6 2575/3/6 2584/3/6
f 2576/1/6 2577/1/6 2584/1/6
f 2584/1/6 2577/1/6 2585/1/6
f 2577/3/6 2556/3/6 2586/3/6
f 2585/1/6 2577/1/6 2586/1/6
f 2586/3/6 2556/3/6 2587/3/6
f 2587/3/6 2556/3/6 2588/3/6
f 2588/3/6 2556/3/6 2589/3/6
f 2586/1/6 2587/1/6 2590/1/6
f 2585/1/6 2586/1/6 2590/1/6
f 2587/3/6 2588/3/6 2591/3/6
f 2590/1/6 2587/1/6 2591/1/6
f 2588/1/6 2589/1/6 2592/1/6
f 2591/3/6 2588/3/6 2592/3/6
f 2589/3/6 2556/3/6 2593/3/6
f 2592/1/6 2589/1/6 2593/1/6
f 2591/1/6 2592/1/6 2593/1/6
f 2590/1/6 2591/1/6 2593/1/6
f 2593/3/6 2556/3/6 2594/3/6
f 2590/1/6 2593/1/6 2595/1/6
f 2593/1/6 2594/1/6 2595/1/6
f 2595/1/6 2594/1/6 2596/1/6
f 2596/1/6 2594/1/6 2597/1/6
f 2597/1/6 2594/1/6 2598/1/6
f 2598/1/6 2594/1/6 2599/1/6
f 2597/1/6 2598/1/6 2600/1/6
f 2600/1/6 2598/1/6 2601/1/6
f 2597/1/6 2600/1/6 2602/1/6
f 2600/3/6 2601/3/6 2602/3/6
f 2601/1/6 2598/1/6 2603/1/6
f 2602/3/6 2601/3/6 2603/3/6
f 2598/3/6 2599/3/6 2604/3/6
f 2603/1/6 2598/1/6 2604/1/6
f 2599/1/6 2594/1/6 2605/1/6
f 2604/3/6 2599/3/6 2605/3/6
f 2605/1/6 2594/1/6 2606/1/6
f 2603/1/6 2604/1/6 2607/1/6
f 2602/1/6 2603/1/6 2607/1/6
f 2605/3/6 2606/3/6 2607/3/6
f 2604/1/6 2605/1/6 2607/1/6
f 2607/3/6 2606/3/6 2608/3/6
f 2596/3/6 2597/3/6 2609/3/6
f 2597/1/6 2602/1/6 2609/1/6
f 2607/1/6 2608/1/6 2609/1/6
f 2602/1/6 2607/1/6 2609/1/6
f 2609/1/6 2608/1/6 2610/1/6
f 2610/1/6 2608/1/6 2611/1/6
f 2611/1/6 2608/1/6 2612/1/6
f 2596/3/6 2609/3/6 2614/3/6
f 2609/3/6 2610/3/6 2614/3/6
f 2611/3/6 2612/3/6 2615/3/6
f 2610/1/6 2611/1/6 2615/1/6
f 2612/1/6 2608/1/6 2616/1/6
f 2615/3/6 2612/3/6 2616/3/6
f 2616/1/6 2608/1/6 2617/1/6
f 2613/3/6 2614/3/6 2618/3/6
f 2614/3/6 2610/3/6 2618/3/6
f 2618/3/6 2610/3/6 2619/3/6
f 2616/3/6 2617/3/6 2620/3/6
f 2615/1/6 2616/1/6 2620/1/6
f 2617/1/6 2608/1/6 2621/1/6
f 2620/3/6 2617/3/6 2621/3/6
f 2613/3/6 2618/3/6 2622/3/6
f 2618/1/6 2619/1/6 2623/1/6
f 2622/3/6 2618/3/6 2623/3/6
f 2610/1/6 2615/1/6 2624/1/6
f 2615/1/6 2620/1/6 2624/1/6
f 2619/3/6 2610/3/6 2624/3/6
f 2620/1/6 2621/1/6 2624/1/6
f 2624/1/6 2621/1/6 2625/1/6
f 2621/1/6 2608/1/6 2626/1/6
f 2625/1/6 2621/1/6 2626/1/6
f 2626/1/6 2608/1/6 2627/1/6
f 2624/3/6 2625/3/6 2628/3/6
f 2619/3/6 2624/3/6 2628/3/6
f 2625/1/6 2626/1/6 2629/1/6
f 2628/3/6 2625/3/6 2629/3/6
f 2626/3/6 2627/3/6 2630/3/6
f 2629/1/6 2626/1/6 2630/1/6
f 2630/3/6 2627/3/6 2631/3/6
f 2613/3/6 2622/3/6 2633/3/6
f 2622/1/6 2623/1/6 2634/1/6
f 2633/3/6 2622/3/6 2634/3/6
f 2623/1/6 2619/1/6 2635/1/6
f 2634/1/6 2623/1/6 2635/1/6
f 2619/3/6 2628/3/6 2636/3/6
f 2635/1/6 2619/1/6 2636/1/6
f 2628/1/6 2629/1/6 2637/1/6
f 2636/3/6 2628/3/6 2637/3/6
f 2629/1/6 2630/1/6 2637/1/6
f 2630/1/6 2631/1/6 2637/1/6
f 2633/3/6 2634/3/6 2638/3/6
f 2632/3/6 2633/3/6 2638/3/6
f 2636/1/6 2637/1/6 2638/1/6
f 2635/1/6 2636/1/6 2638/1/6
f 2634/3/6 2635/3/6 2638/3/6
f 2638/1/6 2637/1/6 2639/1/6
f 2637/1/6 2631/1/6 2640/1/6
f 2639/1/6 2637/1/6 2640/1/6
f 2640/1/6 2631/1/6 2641/1/6
f 2638/3/6 2639/3/6 2642/3/6
f 2632/3/6 2638/3/6 2642/3/6
f 2642/3/6 2639/3/6 2643/3/6
f 2643/3/6 2639/3/6 2644/3/6
f 2639/1/6 2640/1/6 2645/1/6
f 2644/3/6 2639/3/6 2645/3/6
f 2645/1/6 2640/1/6 2646/1/6
f 2640/3/6 2641/3/6 2647/3/6
f 2646/1/6 2640/1/6 2647/1/6
f 2643/3/6 2644/3/6 2648/3/6
f 2645/1/6 2646/1/6 2649/1/6
f 2648/3/6 2644/3/6 2649/3/6
f 2644/1/6 2645/1/6 2649/1/6
f 2646/3/6 2647/3/6 2650/3/6
f 2649/1/6 2646/1/6 2650/1/6
f 2647/3/6 2641/3/6 2651/3/6
f 2650/3/6 2647/3/6 2651/3/6
f 2649/1/6 2650/1/6 2652/1/6
f 2648/1/6 2649/1/6 2652/1/6
f 2650/1/6 2651/1/6 2652/1/6
f 2652/1/6 2651/1/6 2653/1/6
f 2643/3/6 2648/3/6 2654/3/6
f 2648/1/6 2652/1/6 2655/1/6
f 2654/3/6 2648/3/6 2655/3/6
f 2643/3/6 2654/3/6 2656/3/6
f 2654/1/6 2655/1/6 2657/1/6
f 2656/3/6 2654/3/6 2657/3/6
f 2655/1/6 2652/1/6 2658/1/6
f 2657/1/6 2655/1/6 2658/1/6
f 2652/3/6 2653/3/6 2659/3/6
f 2658/1/6 2652/1/6 2659/1/6
f 2653/1/6 2651/1/6 2660/1/6
f 2659/3/6 2653/3/6 2660/3/6
f 2651/3/6 2641/3/6 2661/3/6
f 2660/1/6 2651/1/6 2661/1/6
f 2656/1/6 2657/1/6 2662/1/6
f 2657/1/6 2658/1/6 2662/1/6
f 2662/1/6 2658/1/6 2663/1/6
f 2656/1/6 2662/1/6 2664/1/6
f 2662/3/6 2663/3/6 2664/3/6
f 2663/1/6 2658/1/6 2665/1/6
f 2664/3/6 2663/3/6 2665/3/6
f 2665/1/6 2658/1/6 2666/1/6
f 2656/1/6 2664/1/6 2667/1/6
f 2664/1/6 2665/1/6 2667/1/6
f 2665/3/6 2666/3/6 2668/3/6
f 2667/1/6 2665/1/6 2668/1/6
f 2658/3/6 2659/3/6 2669/3/6
f 2666/1/6 2658/1/6 2669/1/6
f 2659/1/6 2660/1/6 2670/1/6
f 2669/3/6 2659/3/6 2670/3/6
f 2660/3/6 2661/3/6 2671/3/6
f 2670/1/6 2660/1/6 2671/1/6
f 2643/3/6 2656/3/6 2672/3/6
f 2656/1/6 2667/1/6 2673/1/6
f 2672/3/6 2656/3/6 2673/3/6
f 2666/1/6 2669/1/6 2674/1/6
f 2669/1/6 2670/1/6 2674/1/6
f 2670/3/6 2671/3/6 2675/3/6
f 2674/1/6 2670/1/6 2675/1/6
f 2666/1/6 2674/1/6 2678/1/6
f 2667/3/6 2668/3/6 2678/3/6
f 2668/3/6 2666/3/6 2678/3/6
f 2674/3/6 2675/3/6 2679/3/6
f 2678/1/6 2674/1/6 2679/1/6
f 2643/3/6 2672/3/6 2680/3/6
f 2672/1/6 2673/1/6 2680/1/6
f 2673/1/6 2667/1/6 2681/1/6
f 2680/1/6 2673/1/6 2681/1/6
f 2667/3/6 2678/3/6 2682/3/6
f 2681/1/6 2667/1/6 2682/1/6
f 2678/3/6 2679/3/6 2682/3/6
f 2682/3/6 2679/3/6 2683/3/6
f 2680/3/6 2681/3/6 2684/3/6
f 2681/1/6 2682/1/6 2684/1/6
f 2682/1/6 2683/1/6 2684/1/6
f 2684/1/6 2683/1/6 2685/1/6
f 2683/3/6 2679/3/6 2686/3/6
f 2685/1/6 2683/1/6 2686/1/6
f 2686/3/6 2679/3/6 2687/3/6
f 2684/3/6 2685/3/6 2688/3/6
f 2680/3/6 2684/3/6 2688/3/6
f 2686/1/6 2687/1/6 2689/1/6
f 2688/3/6 2685/3/6 2689/3/6
f 2685/1/6 2686/1/6 2689/1/6
f 2689/1/6 2687/1/6 2690/1/6
f 2687/3/6 2679/3/6 2691/3/6
f 2690/1/6 2687/1/6 2691/1/6
f 2679/3/6 2675/3/6 2692/3/6
f 2691/3/6 2679/3/6 2692/3/6
f 2689/1/6 2690/1/6 2693/1/6
f 2688/1/6 2689/1/6 2693/1/6
f 2693/1/6 2690/1/6 2694/1/6
f 2690/3/6 2691/3/6 2695/3/6
f 2694/1/6 2690/1/6 2695/1/6
f 2695/3/6 2691/3/6 2696/3/6
f 2680/3/6 2688/3/6 2697/3/6
f 2688/1/6 2693/1/6 2697/1/6
f 2693/3/6 2694/3/6 2698/3/6
f 2697/1/6 2693/1/6 2698/1/6
f 2695/1/6 2696/1/6 2699/1/6
f 2698/3/6 2694/3/6 2699/3/6
f 2694/1/6 2695/1/6 2699/1/6
f 2697/3/6 2698/3/6 2700/3/6
f 2698/1/6 2699/1/6 2700/1/6
f 2699/1/6 2696/1/6 2701/1/6
f 2700/1/6 2699/1/6 2701/1/6
f 2701/1/6 2696/1/6 2702/1/6
f 2696/3/6 2691/3/6 2703/3/6
f 2702/1/6 2696/1/6 2703/1/6
f 2691/1/6 2692/1/6 2704/1/6
f 2703/3/6 2691/3/6 2704/3/6
f 2701/1/6 2702/1/6 2705/1/6
f 2700/3/6 2701/3/6 2705/3/6
f 2702/3/6 2703/3/6 2706/3/6
f 2705/1/6 2702/1/6 2706/1/6
f 2703/1/6 2704/1/6 2707/1/6
f 2706/3/6 2703/3/6 2707/3/6
f 2705/3/6 2706/3/6 2708/3/6
f 2706/1/6 2707/1/6 2708/1/6
f 2707/1/6 2704/1/6 2709/1/6
f 2708/1/6 2707/1/6 2709/1/6
f 2704/1/6 2692/1/6 2710/1/6
f 2709/1/6 2704/1/6 2710/1/6
f 2692/3/6 2675/3/6 2711/3/6
f 2710/1/6 2692/1/6 2711/1/6
f 2675/3/6 2671/3/6 2712/3/6
f 2711/3/6 2675/3/6 2712/3/6
f 2680/3/6 2697/3/6 2713/3/6
f 2643/3/6 2680/3/6 2713/3/6
f 2708/3/6 2709/3/6 2713/3/6
f 2705/3/6 2708/3/6 2713/3/6
f 2697/3/6 2700/3/6 2713/3/6
f 2700/3/6 2705/3/6 2713/3/6
f 2713/3/6 2709/3/6 2714/3/6
f 2709/1/6 2710/1/6 2715/1/6
f 2714/3/6 2709/3/6 2715/3/6
f 2710/3/6 2711/3/6 2716/3/6
f 2715/1/6 2710/1/6 2716/1/6
f 2711/1/6 2712/1/6 2717/1/6
f 2716/3/6 2711/3/6 2717/3/6
f 2712/3/6 2671/3/6 2718/3/6
f 2717/1/6 2712/1/6 2718/1/6
f 2671/3/6 2661/3/6 2719/3/6
f 2718/3/6 2671/3/6 2719/3/6
f 2713/1/6 2714/1/6 2720/1/6
f 2643/3/6 2713/3/6 2720/3/6
f 2720/1/6 2714/1/6 2721/1/6
f 2714/3/6 2715/3/6 2722/3/6
f 2721/1/6 2714/1/6 2722/1/6
f 2715/3/6 2716/3/6 2722/3/6
f 2722/3/6 2716/3/6 2723/3/6
f 2716/1/6 2717/1/6 2724/1/6
f 2723/3/6 2716/3/6 2724/3/6
f 2717/1/6 2718/1/6 2724/1/6
f 2718/1/6 2719/1/6 2724/1/6
f 2724/1/6 2719/1/6 2725/1/6
f 2719/3/6 2661/3/6 2726/3/6
f 2725/1/6 2719/1/6 2726/1/6
f 2661/3/6 2641/3/6 2727/3/6
f 2726/3/6 2661/3/6 2727/3/6
f 2676/5/6 2677/5/6 2728/5/6
f 2728/5/6 2677/5/6 2729/5/6
f 2720/3/6 2721/3/6 2730/3/6
f 2722/1/6 2723/1/6 2730/1/6
f 2721/1/6 2722/1/6 2730/1/6
f 2730/1/6 2723/1/6 2731/1/6
f 2724/3/6 2725/3/6 2732/3/6
f 2731/1/6 2723/1/6 2732/1/6
f 2723/3/6 2724/3/6 2732/3/6
f 2732/3/6 2725/3/6 2733/3/6
f 2726/1/6 2727/1/6 2734/1/6
f 2725/1/6 2726/1/6 2734/1/6
f 2734/1/6 2727/1/6 2735/1/6
f 2733/3/6 2725/3/6 2736/3/6
f 2732/1/6 2733/1/6 2736/1/6
f 2731/1/6 2732/1/6 2736/1/6
f 2736/3/6 2725/3/6 2737/3/6
f 2737/3/6 2725/3/6 2738/3/6
f 2725/1/6 2734/1/6 2739/1/6
f 2738/3/6 2725/3/6 2739/3/6
f 2734/3/6 2735/3/6 2740/3/6
f 2739/1/6 2734/1/6 2740/1/6
f 2735/1/6 2727/1/6 2741/1/6
f 2740/3/6 2735/3/6 2741/3/6
f 2730/3/6 2731/3/6 2742/3/6
f 2731/1/6 2736/1/6 2742/1/6
f 2736/1/6 2737/1/6 2742/1/6
f 2742/1/6 2737/1/6 2743/1/6
f 2737/3/6 2738/3/6 2744/3/6
f 2743/1/6 2737/1/6 2744/1/6
f 2738/1/6 2739/1/6 2745/1/6
f 2744/3/6 2738/3/6 2745/3/6
f 2739/3/6 2740/3/6 2746/3/6
f 2745/1/6 2739/1/6 2746/1/6
f 2740/1/6 2741/1/6 2747/1/6
f 2746/3/6 2740/3/6 2747/3/6
f 2744/1/6 2745/1/6 2748/1/6
f 2743/1/6 2744/1/6 2748/1/6
f 2746/1/6 2747/1/6 2748/1/6
f 2742/3/6 2743/3/6 2748/3/6
f 2745/1/6 2746/1/6 2748/1/6
f 2748/1/6 2747/1/6 2749/1/6
f 2741/1/6 2727/1/6 2750/1/6
f 2749/1/6 2747/1/6 2750/1/6
f 2747/1/6 2741/1/6 2750/1/6
f 2750/1/6 2727/1/6 2751/1/6
f 2748/3/6 2749/3/6 2752/3/6
f 2749/1/6 2750/1/6 2753/1/6
f 2752/3/6 2749/3/6 2753/3/6
f 2750/3/6 2751/3/6 2754/3/6
f 2753/1/6 2750/1/6 2754/1/6
f 2751/1/6 2727/1/6 2755/1/6
f 2754/3/6 2751/3/6 2755/3/6
f 2753/1/6 2754/1/6 2756/1/6
f 2755/1/6 2727/1/6 2756/1/6
f 2754/1/6 2755/1/6 2756/1/6
f 2752/1/6 2753/1/6 2756/1/6
f 2756/1/6 2727/1/6 2757/1/6
f 2748/3/6 2752/3/6 2758/3/6
f 2742/3/6 2748/3/6 2758/3/6
f 2752/1/6 2756/1/6 2759/1/6
f 2758/3/6 2752/3/6 2759/3/6
f 2759/1/6 2756/1/6 2760/1/6
f 2760/1/6 2756/1/6 2761/1/6
f 2756/3/6 2757/3/6 2762/3/6
f 2761/1/6 2756/1/6 2762/1/6
f 2762/3/6 2757/3/6 2763/3/6
f 2758/1/6 2759/1/6 2764/1/6
f 2759/1/6 2760/1/6 2764/1/6
f 2764/1/6 2760/1/6 2765/1/6
f 2762/1/6 2763/1/6 2766/1/6
f 2761/1/6 2762/1/6 2766/1/6
f 2766/1/6 2763/1/6 2767/1/6
f 2730/3/6 2742/3/6 2768/3/6
f 2720/3/6 2730/3/6 2768/3/6
f 2643/3/6 2720/3/6 2768/3/6
f 2742/3/6 2758/3/6 2768/3/6
f 2768/3/6 2758/3/6 2769/3/6
f 2769/3/6 2758/3/6 2770/3/6
f 2758/1/6 2764/1/6 2771/1/6
f 2770/3/6 2758/3/6 2771/3/6
f 2764/3/6 2765/3/6 2772/3/6
f 2771/1/6 2764/1/6 2772/1/6
f 2765/1/6 2760/1/6 2773/1/6
f 2772/3/6 2765/3/6 2773/3/6
f 2760/3/6 2761/3/6 2774/3/6
f 2773/1/6 2760/1/6 2774/1/6
f 2761/1/6 2766/1/6 2775/1/6
f 2774/3/6 2761/3/6 2775/3/6
f 2766/3/6 2767/3/6 2776/3/6
f 2775/1/6 2766/1/6 2776/1/6
f 2776/3/6 2767/3/6 2777/3/6
f 2768/1/6 2769/1/6 2778/1/6
f 2778/1/6 2769/1/6 2779/1/6
f 2769/3/6 2770/3/6 2780/3/6
f 2779/1/6 2769/1/6 2780/1/6
f 2772/1/6 2773/1/6 2781/1/6
f 2780/3/6 2770/3/6 2781/3/6
f 2771/1/6 2772/1/6 2781/1/6
f 2770/1/6 2771/1/6 2781/1/6
f 2774/3/6 2775/3/6 2782/3/6
f 2781/1/6 2773/1/6 2782/1/6
f 2773/3/6 2774/3/6 2782/3/6
f 2775/3/6 2776/3/6 2782/3/6
f 2782/3/6 2776/3/6 2783/3/6
f 2776/1/6 2777/1/6 2784/1/6
f 2783/3/6 2776/3/6 2784/3/6
f 2784/1/6 2777/1/6 2785/1/6
f 2779/1/6 2780/1/6 2786/1/6
f 2780/1/6 2781/1/6 2786/1/6
f 2782/1/6 2783/1/6 2786/1/6
f 2781/1/6 2782/1/6 2786/1/6
f 2786/1/6 2783/1/6 2787/1/6
f 2779/1/6 2786/1/6 2788/1/6
f 2786/3/6 2787/3/6 2789/3/6
f 2788/1/6 2786/1/6 2789/1/6
f 2779/1/6 2788/1/6 2790/1/6
f 2788/3/6 2789/3/6 2791/3/6
f 2790/1/6 2788/1/6 2791/1/6
f 2779/1/6 2790/1/6 2792/1/6
f 2790/3/6 2791/3/6 2793/3/6
f 2792/1/6 2790/1/6 2793/1/6
f 2784/3/6 2785/3/6 2794/3/6
f 2783/3/6 2784/3/6 2794/3/6
f 2785/1/6 2777/1/6 2795/1/6
f 2794/3/6 2785/3/6 2795/3/6
f 2795/1/6 2777/1/6 2796/1/6
f 2783/3/6 2794/3/6 2797/3/6
f 2794/1/6 2795/1/6 2798/1/6
f 2797/3/6 2794/3/6 2798/3/6
f 2795/3/6 2796/3/6 2799/3/6
f 2798/1/6 2795/1/6 2799/1/6
f 2778/3/6 2779/3/6 2800/3/6
f 2779/1/6 2792/1/6 2801/1/6
f 2800/3/6 2779/3/6 2801/3/6
f 2793/3/6 2791/3/6 2802/3/6
f 2792/3/6 2793/3/6 2802/3/6
f 2789/3/6 2787/3/6 2802/3/6
f 2791/3/6 2789/3/6 2802/3/6
f 2787/1/6 2783/1/6 2803/1/6
f 2802/3/6 2787/3/6 2803/3/6
f 2783/3/6 2797/3/6 2804/3/6
f 2803/1/6 2783/1/6 2804/1/6
f 2792/3/6 2802/3/6 2805/3/6
f 2802/1/6 2803/1/6 2805/1/6
f 2803/3/6 2804/3/6 2806/3/6
f 2805/1/6 2803/1/6 2806/1/6
f 2804/3/6 2797/3/6 2807/3/6
f 2806/3/6 2804/3/6 2807/3/6
f 2807/3/6 2797/3/6 2808/3/6
f 2797/1/6 2798/1/6 2809/1/6
f 2808/3/6 2797/3/6 2809/3/6
f 2798/3/6 2799/3/6 2810/3/6
f 2809/1/6 2798/1/6 2810/1/6
f 2800/1/6 2801/1/6 2811/1/6
f 2801/1/6 2792/1/6 2812/1/6
f 2811/1/6 2801/1/6 2812/1/6
f 2807/3/6 2808/3/6 2813/3/6
f 2806/1/6 2807/1/6 2813/1/6
f 2808/1/6 2809/1/6 2814/1/6
f 2813/3/6 2808/3/6 2814/3/6
f 2809/3/6 2810/3/6 2815/3/6
f 2814/1/6 2809/1/6 2815/1/6
f 2805/3/6 2806/3/6 2816/3/6
f 2792/3/6 2805/3/6 2816/3/6
f 2806/1/6 2813/1/6 2817/1/6
f 2816/3/6 2806/3/6 2817/3/6
f 2813/1/6 2814/1/6 2817/1/6
f 2817/1/6 2814/1/6 2818/1/6
f 2792/3/6 2816/3/6 2819/3/6
f 2812/1/6 2792/1/6 2819/1/6
f 2819/3/6 2816/3/6 2820/3/6
f 2820/3/6 2816/3/6 2821/3/6
f 2816/1/6 2817/1/6 2822/1/6
f 2821/3/6 2816/3/6 2822/3/6
f 2817/3/6 2818/3/6 2823/3/6
f 2822/1/6 2817/1/6 2823/1/6
f 2818/1/6 2814/1/6 2824/1/6
f 2823/3/6 2818/3/6 2824/3/6
f 2814/3/6 2815/3/6 2825/3/6
f 2824/1/6 2814/1/6 2825/1/6
f 2812/1/6 2819/1/6 2826/1/6
f 2819/1/6 2820/1/6 2826/1/6
f 2826/1/6 2820/1/6 2827/1/6
f 2822/1/6 2823/1/6 2828/1/6
f 2821/1/6 2822/1/6 2828/1/6
f 2823/1/6 2824/1/6 2828/1/6
f 2820/3/6 2821/3/6 2828/3/6
f 2828/1/6 2824/1/6 2829/1/6
f 2829/1/6 2824/1/6 2830/1/6
f 2824/3/6 2825/3/6 2831/3/6
f 2830/1/6 2824/1/6 2831/1/6
f 2827/1/6 2820/1/6 2832/1/6
f 2820/3/6 2828/3/6 2832/3/6
f 2828/3/6 2829/3/6 2832/3/6
f 2829/1/6 2830/1/6 2833/1/6
f 2832/3/6 2829/3/6 2833/3/6
f 2812/1/6 2826/1/6 2834/1/6
f 2811/3/6 2812/3/6 2834/3/6
f 2826/3/6 2827/3/6 2835/3/6
f 2834/1/6 2826/1/6 2835/1/6
f 2832/1/6 2833/1/6 2836/1/6
f 2835/3/6 2827/3/6 2836/3/6
f 2827/1/6 2832/1/6 2836/1/6
f 2836/1/6 2833/1/6 2837/1/6
f 2834/3/6 2835/3/6 2838/3/6
f 2835/1/6 2836/1/6 2838/1/6
f 2836/3/6 2837/3/6 2839/3/6
f 2838/1/6 2836/1/6 2839/1/6
f 2837/1/6 2833/1/6 2840/1/6
f 2839/3/6 2837/3/6 2840/3/6
f 2833/1/6 2830/1/6 2841/1/6
f 2840/1/6 2833/1/6 2841/1/6
f 2830/3/6 2831/3/6 2841/3/6
f 2799/3/6 2796/3/6 2842/3/6
f 2841/3/6 2831/3/6 2842/3/6
f 2810/3/6 2799/3/6 2842/3/6
f 2825/3/6 2815/3/6 2842/3/6
f 2815/3/6 2810/3/6 2842/3/6
f 2831/3/6 2825/3/6 2842/3/6
f 2840/1/6 2841/1/6 2843/1/6
f 2839/1/6 2840/1/6 2843/1/6
f 2841/1/6 2842/1/6 2843/1/6
f 2843/1/6 2842/1/6 2844/1/6
f 2844/1/6 2842/1/6 2845/1/6
f 2845/1/6 2842/1/6 2846/1/6
f 2834/3/6 2838/3/6 2847/3/6
f 2838/3/6 2839/3/6 2847/3/6
f 2839/1/6 2843/1/6 2848/1/6
f 2847/3/6 2839/3/6 2848/3/6
f 2848/1/6 2843/1/6 2849/1/6
f 2843/3/6 2844/3/6 2850/3/6
f 2849/1/6 2843/1/6 2850/1/6
f 2844/1/6 2845/1/6 2851/1/6
f 2850/3/6 2844/3/6 2851/3/6
f 2845/3/6 2846/3/6 2852/3/6
f 2851/1/6 2845/1/6 2852/1/6
f 2852/3/6 2846/3/6 2853/3/6
f 2811/3/6 2834/3/6 2854/3/6
f 2834/3/6 2847/3/6 2854/3/6
f 2848/1/6 2849/1/6 2855/1/6
f 2854/3/6 2847/3/6 2855/3/6
f 2847/1/6 2848/1/6 2855/1/6
f 2855/1/6 2849/1/6 2856/1/6
f 2849/3/6 2850/3/6 2857/3/6
f 2856/1/6 2849/1/6 2857/1/6
f 2850/1/6 2851/1/6 2858/1/6
f 2857/3/6 2850/3/6 2858/3/6
f 2852/1/6 2853/1/6 2858/1/6
f 2851/1/6 2852/1/6 2858/1/6
f 2858/1/6 2853/1/6 2859/1/6
f 2859/1/6 2853/1/6 2860/1/6
f 2860/1/6 2853/1/6 2861/1/6
f 2811/3/6 2854/3/6 2862/3/6
f 2854/1/6 2855/1/6 2863/1/6
f 2862/3/6 2854/3/6 2863/3/6
f 2855/1/6 2856/1/6 2863/1/6
f 2863/1/6 2856/1/6 2864/1/6
f 2856/3/6 2857/3/6 2865/3/6
f 2864/1/6 2856/1/6 2865/1/6
f 2857/3/6 2858/3/6 2865/3/6
f 2858/3/6 2859/3/6 2865/3/6
f 2859/1/6 2860/1/6 2866/1/6
f 2865/3/6 2859/3/6 2866/3/6
f 2860/3/6 2861/3/6 2867/3/6
f 2866/1/6 2860/1/6 2867/1/6
f 2861/1/6 2853/1/6 2868/1/6
f 2867/3/6 2861/3/6 2868/3/6
f 2868/1/6 2853/1/6 2869/1/6
f 2863/1/6 2864/1/6 2870/1/6
f 2862/1/6 2863/1/6 2870/1/6
f 2866/3/6 2867/3/6 2871/3/6
f 2870/1/6 2864/1/6 2871/1/6
f 2865/3/6 2866/3/6 2871/3/6
f 2867/3/6 2868/3/6 2871/3/6
f 2864/3/6 2865/3/6 2871/3/6
f 2868/3/6 2869/3/6 2871/3/6
f 2870/3/6 2871/3/6 2872/3/6
f 2871/3/6 2869/3/6 2873/3/6
f 2872/3/6 2871/3/6 2873/3/6
f 2875/1/6 2876/1/6 2877/1/6
f 2874/5/6 2875/5/6 2879/5/6
f 2877/1/6 2878/1/6 2880/1/6
f 2879/5/6 2875/5/6 2880/5/6
f 2875/1/6 2877/1/6 2880/1/6
f 2880/1/6 2878/1/6 2881/1/6
f 2882/5/6 2883/5/6 2885/5/6
f 2884/5/6 2885/5/6 2886/5/6
f 2885/5/6 2883/5/6 2887/5/6
f 2886/5/6 2885/5/6 2887/5/6
f 2888/5/6 2889/5/6 2890/5/6
f 2887/5/6 2883/5/6 2891/5/6
f 2891/5/6 2883/5/6 2892/5/6
f 2892/5/6 2883/5/6 2893/5/6
f 2890/5/6 2891/5/6 2894/5/6
f 2891/5/6 2892/5/6 2894/5/6
f 2892/1/6 2893/1/6 2894/1/6
f 2894/1/6 2893/1/6 2895/1/6
f 2888/5/6 2890/5/6 2896/5/6
f 2890/5/6 2894/5/6 2896/5/6
f 2894/5/6 2895/5/6 2896/5/6
f 2896/5/6 2895/5/6 2897/5/6
f 2897/5/6 2895/5/6 2898/5/6
f 2895/1/6 2893/1/6 2899/1/6
f 2898/5/6 2895/5/6 2899/5/6
f 2893/5/6 2883/5/6 2900/5/6
f 2899/1/6 2893/1/6 2900/1/6
f 2900/5/6 2883/5/6 2901/5/6
f 2897/5/6 2898/5/6 2902/5/6
f 2902/5/6 2898/5/6 2903/5/6
f 2906/3/6 2907/3/6 2910/3/6
f 2905/1/6 2906/1/6 2910/1/6
f 2910/3/6 2907/3/6 2911/3/6
f 2905/1/6 2910/1/6 2912/1/6
f 2910/1/6 2911/1/6 2912/1/6
f 2912/1/6 2911/1/6 2913/1/6
f 2911/3/6 2907/3/6 2914/3/6
f 2904/3/6 2905/3/6 2916/3/6
f 2916/3/6 2905/3/6 2917/3/6
f 2913/1/6 2911/1/6 2918/1/6
f 2912/3/6 2913/3/6 2918/3/6
f 2914/3/6 2915/3/6 2919/3/6
f 2918/1/6 2911/1/6 2919/1/6
f 2911/3/6 2914/3/6 2919/3/6
f 2919/3/6 2915/3/6 2920/3/6
f 2917/3/6 2905/3/6 2921/3/6
f 2916/1/6 2917/1/6 2921/1/6
f 2921/3/6 2905/3/6 2922/3/6
f 2920/3/6 2915/3/6 2923/3/6
f 2908/3/6 2909/3/6 2924/3/6
f 2924/3/6 2909/3/6 2925/3/6
f 2916/1/6 2921/1/6 2926/1/6
f 2921/1/6 2922/1/6 2926/1/6
f 2926/1/6 2922/1/6 2927/1/6
f 2922/3/6 2905/3/6 2928/3/6
f 2927/1/6 2922/1/6 2928/1/6
f 2928/3/6 2905/3/6 2929/3/6
f 2920/3/6 2923/3/6 2930/3/6
f 2919/1/6 2920/1/6 2930/1/6
f 2923/3/6 2924/3/6 2930/3/6
f 2930/3/6 2924/3/6 2931/3/6
f 2931/3/6 2924/3/6 2932/3/6
f 2924/1/6 2925/1/6 2933/1/6
f 2932/3/6 2924/3/6 2933/3/6
f 2926/3/6 2927/3/6 2935/3/6
f 2928/1/6 2929/1/6 2936/1/6
f 2927/1/6 2928/1/6 2936/1/6
f 2935/3/6 2927/3/6 2936/3/6
f 2936/1/6 2929/1/6 2937/1/6
f 2929/3/6 2905/3/6 2938/3/6
f 2937/1/6 2929/1/6 2938/1/6
f 2905/1/6 2912/1/6 2939/1/6
f 2938/3/6 2905/3/6 2939/3/6
f 2918/3/6 2919/3/6 2940/3/6
f 2919/1/6 2930/1/6 2940/1/6
f 2930/1/6 2931/1/6 2940/1/6
f 2931/3/6 2932/3/6 2941/3/6
f 2940/1/6 2931/1/6 2941/1/6
f 2941/3/6 2932/3/6 2942/3/6
f 2933/1/6 2925/1/6 2943/1/6
f 2932/1/6 2933/1/6 2943/1/6
f 2925/3/6 2909/3/6 2944/3/6
f 2943/1/6 2925/1/6 2944/1/6
f 2936/3/6 2937/3/6 2945/3/6
f 2934/3/6 2935/3/6 2945/3/6
f 2935/3/6 2936/3/6 2945/3/6
f 2945/3/6 2937/3/6 2946/3/6
f 2912/3/6 2918/3/6 2947/3/6
f 2937/1/6 2938/1/6 2947/1/6
f 2939/1/6 2912/1/6 2947/1/6
f 2918/3/6 2940/3/6 2947/3/6
f 2938/1/6 2939/1/6 2947/1/6
f 2940/3/6 2941/3/6 2947/3/6
f 2947/3/6 2941/3/6 2948/3/6
f 2942/3/6 2932/3/6 2949/3/6
f 2932/1/6 2943/1/6 2950/1/6
f 2949/3/6 2932/3/6 2950/3/6
f 2946/3/6 2937/3/6 2951/3/6
f 2937/1/6 2947/1/6 2951/1/6
f 2947/1/6 2948/1/6 2951/1/6
f 2951/1/6 2948/1/6 2952/1/6
f 2948/3/6 2941/3/6 2953/3/6
f 2941/1/6 2942/1/6 2954/1/6
f 2953/3/6 2941/3/6 2954/3/6
f 2942/3/6 2949/3/6 2955/3/6
f 2954/1/6 2942/1/6 2955/1/6
f 2955/3/6 2949/3/6 2956/3/6
f 2956/3/6 2949/3/6 2957/3/6
f 2949/1/6 2950/1/6 2958/1/6
f 2957/3/6 2949/3/6 2958/3/6
f 2958/1/6 2950/1/6 2959/1/6
f 2959/1/6 2950/1/6 2960/1/6
f 2950/1/6 2943/1/6 2961/1/6
f 2960/1/6 2950/1/6 2961/1/6
f 2943/3/6 2944/3/6 2962/3/6
f 2961/1/6 2943/1/6 2962/1/6
f 2952/1/6 2948/1/6 2963/1/6
f 2963/1/6 2948/1/6 2964/1/6
f 2948/3/6 2953/3/6 2965/3/6
f 2964/1/6 2948/1/6 2965/1/6
f 2953/1/6 2954/1/6 2966/1/6
f 2965/3/6 2953/3/6 2966/3/6
f 2954/1/6 2955/1/6 2966/1/6
f 2955/1/6 2956/1/6 2966/1/6
f 2966/1/6 2956/1/6 2967/1/6
f 2967/1/6 2956/1/6 2968/1/6
f 2968/1/6 2956/1/6 2969/1/6
f 2956/3/6 2957/3/6 2970/3/6
f 2969/1/6 2956/1/6 2970/1/6
f 2957/1/6 2958/1/6 2971/1/6
f 2970/3/6 2957/3/6 2971/3/6
f 2958/1/6 2959/1/6 2971/1/6
f 2971/1/6 2959/1/6 2972/1/6
f 2959/3/6 2960/3/6 2973/3/6
f 2972/1/6 2959/1/6 2973/1/6
f 2951/3/6 2952/3/6 2974/3/6
f 2952/1/6 2963/1/6 2974/1/6
f 2963/3/6 2964/3/6 2975/3/6
f 2974/1/6 2963/1/6 2975/1/6
f 2975/3/6 2964/3/6 2976/3/6
f 2964/1/6 2965/1/6 2977/1/6
f 2976/3/6 2964/3/6 2977/3/6
f 2965/1/6 2966/1/6 2977/1/6
f 2977/1/6 2966/1/6 2978/1/6
f 2966/3/6 2967/3/6 2979/3/6
f 2978/1/6 2966/1/6 2979/1/6
f 2967/1/6 2968/1/6 2980/1/6
f 2979/3/6 2967/3/6 2980/3/6
f 2971/1/6 2972/1/6 2981/1/6
f 2969/1/6 2970/1/6 2981/1/6
f 2970/1/6 2971/1/6 2981/1/6
f 2972/3/6 2973/3/6 2982/3/6
f 2981/1/6 2972/1/6 2982/1/6
f 2979/1/6 2980/1/6 2983/1/6
f 2978/1/6 2979/1/6 2983/1/6
f 2977/3/6 2978/3/6 2983/3/6
f 2976/3/6 2977/3/6 2983/3/6
f 2983/1/6 2980/1/6 2984/1/6
f 2969/1/6 2981/1/6 2985/1/6
f 2981/3/6 2982/3/6 2985/3/6
f 2985/3/6 2982/3/6 2986/3/6
f 2973/3/6 2960/3/6 2987/3/6
f 2986/3/6 2982/3/6 2987/3/6
f 2982/3/6 2973/3/6 2987/3/6
f 2960/1/6 2961/1/6 2988/1/6
f 2987/3/6 2960/3/6 2988/3/6
f 2988/1/6 2961/1/6 2989/1/6
f 2975/1/6 2976/1/6 2990/1/6
f 2974/3/6 2975/3/6 2990/3/6
f 2983/3/6 2984/3/6 2991/3/6
f 2990/1/6 2976/1/6 2991/1/6
f 2976/3/6 2983/3/6 2991/3/6
f 2991/3/6 2984/3/6 2992/3/6
f 2984/1/6 2980/1/6 2993/1/6
f 2992/3/6 2984/3/6 2993/3/6
f 2980/1/6 2968/1/6 2994/1/6
f 2993/1/6 2980/1/6 2994/1/6
f 2968/3/6 2969/3/6 2995/3/6
f 2994/1/6 2968/1/6 2995/1/6
f 2985/1/6 2986/1/6 2996/1/6
f 2995/3/6 2969/3/6 2996/3/6
f 2969/1/6 2985/1/6 2996/1/6
f 2996/1/6 2986/1/6 2997/1/6
f 2997/1/6 2986/1/6 2998/1/6
f 2988/3/6 2989/3/6 2999/3/6
f 2987/1/6 2988/1/6 2999/1/6
f 2989/1/6 2961/1/6 3000/1/6
f 2999/3/6 2989/3/6 3000/3/6
f 2961/3/6 2962/3/6 3001/3/6
f 3000/1/6 2961/1/6 3001/1/6
f 2990/3/6 2991/3/6 3002/3/6
f 2974/3/6 2990/3/6 3002/3/6
f 2991/1/6 2992/1/6 3003/1/6
f 3002/3/6 2991/3/6 3003/3/6
f 2992/3/6 2993/3/6 3004/3/6
f 3003/1/6 2992/1/6 3004/1/6
f 2993/3/6 2994/3/6 3004/3/6
f 2996/1/6 2997/1/6 3005/1/6
f 3004/3/6 2994/3/6 3005/3/6
f 2994/1/6 2995/1/6 3005/1/6
f 2995/1/6 2996/1/6 3005/1/6
f 2997/3/6 2998/3/6 3006/3/6
f 3005/1/6 2997/1/6 3006/1/6
f 2998/1/6 2986/1/6 3007/1/6
f 3006/3/6 2998/3/6 3007/3/6
f 2987/1/6 2999/1/6 3008/1/6
f 2999/1/6 3000/1/6 3008/1/6
f 3000/3/6 3001/3/6 3009/3/6
f 3008/1/6 3000/1/6 3009/1/6
f 2951/3/6 2974/3/6 3010/3/6
f 2974/3/6 3002/3/6 3010/3/6
f 3002/1/6 3003/1/6 3011/1/6
f 3010/3/6 3002/3/6 3011/3/6
f 3003/1/6 3004/1/6 3011/1/6
f 3005/1/6 3006/1/6 3011/1/6
f 3004/1/6 3005/1/6 3011/1/6
f 3006/1/6 3007/1/6 3011/1/6
f 3011/1/6 3007/1/6 3012/1/6
f 3012/1/6 3007/1/6 3013/1/6
f 3013/1/6 3007/1/6 3014/1/6
f 3014/1/6 3007/1/6 3015/1/6
f 2951/3/6 3010/3/6 3016/3/6
f 2946/3/6 2951/3/6 3016/3/6
f 3010/1/6 3011/1/6 3017/1/6
f 3016/3/6 3010/3/6 3017/3/6
f 3011/1/6 3012/1/6 3017/1/6
f 3017/1/6 3012/1/6 3018/1/6
f 3012/3/6 3013/3/6 3019/3/6
f 3018/1/6 3012/1/6 3019/1/6
f 3019/3/6 3013/3/6 3020/3/6
f 3013/1/6 3014/1/6 3021/1/6
f 3020/3/6 3013/3/6 3021/3/6
f 3021/1/6 3014/1/6 3022/1/6
f 3014/3/6 3015/3/6 3023/3/6
f 3022/1/6 3014/1/6 3023/1/6
f 3015/1/6 3007/1/6 3024/1/6
f 3007/1/6 2986/1/6 3025/1/6
f 3024/1/6 3007/1/6 3025/1/6
f 2986/3/6 2987/3/6 3026/3/6
f 3025/1/6 2986/1/6 3026/1/6
f 2987/1/6 3008/1/6 3027/1/6
f 3026/3/6 2987/3/6 3027/3/6
f 3008/3/6 3009/3/6 3028/3/6
f 3027/1/6 3008/1/6 3028/1/6
f 2946/3/6 3016/3/6 3029/3/6
f 3017/1/6 3018/1/6 3030/1/6
f 3029/3/6 3016/3/6 3030/3/6
f 3016/1/6 3017/1/6 3030/1/6
f 3019/3/6 3020/3/6 3031/3/6
f 3030/1/6 3018/1/6 3031/1/6
f 3018/3/6 3019/3/6 3031/3/6
f 3021/1/6 3022/1/6 3032/1/6
f 3031/3/6 3020/3/6 3032/3/6
f 3020/1/6 3021/1/6 3032/1/6
f 3032/1/6 3022/1/6 3033/1/6
f 3022/3/6 3023/3/6 3034/3/6
f 3033/1/6 3022/1/6 3034/1/6
f 3025/1/6 3026/1/6 3035/1/6
f 3024/3/6 3025/3/6 3035/3/6
f 3026/1/6 3027/1/6 3035/1/6
f 3035/1/6 3027/1/6 3036/1/6
f 3030/1/6 3031/1/6 3037/1/6
f 3031/1/6 3032/1/6 3037/1/6
f 3029/1/6 3030/1/6 3037/1/6
f 3032/1/6 3033/1/6 3037/1/6
f 3033/3/6 3034/3/6 3038/3/6
f 3037/1/6 3033/1/6 3038/1/6
f 3023/3/6 3015/3/6 3039/3/6
f 3038/3/6 3034/3/6 3039/3/6
f 3034/3/6 3023/3/6 3039/3/6
f 3015/1/6 3024/1/6 3040/1/6
f 3039/3/6 3015/3/6 3040/3/6
f 3035/3/6 3036/3/6 3041/3/6
f 3040/1/6 3024/1/6 3041/1/6
f 3024/3/6 3035/3/6 3041/3/6
f 3029/1/6 3037/1/6 3042/1/6
f 2946/3/6 3029/3/6 3042/3/6
f 3037/3/6 3038/3/6 3043/3/6
f 3042/1/6 3037/1/6 3043/1/6
f 3038/3/6 3039/3/6 3043/3/6
f 3042/3/6 3043/3/6 3044/3/6
f 3043/3/6 3039/3/6 3044/3/6
f 3039/1/6 3040/1/6 3045/1/6
f 3044/3/6 3039/3/6 3045/3/6
f 3040/3/6 3041/3/6 3046/3/6
f 3045/1/6 3040/1/6 3046/1/6
f 3042/3/6 3044/3/6 3047/3/6
f 3047/3/6 3044/3/6 3048/3/6
f 3042/3/6 3047/3/6 3049/3/6
f 3047/1/6 3048/1/6 3050/1/6
f 3049/3/6 3047/3/6 3050/3/6
f 3050/1/6 3048/1/6 3051/1/6
f 3048/3/6 3044/3/6 3052/3/6
f 3051/1/6 3048/1/6 3052/1/6
f 3044/1/6 3045/1/6 3053/1/6
f 3052/3/6 3044/3/6 3053/3/6
f 3045/3/6 3046/3/6 3054/3/6
f 3053/1/6 3045/1/6 3054/1/6
f 3041/3/6 3036/3/6 3055/3/6
f 3054/3/6 3046/3/6 3055/3/6
f 3046/3/6 3041/3/6 3055/3/6
f 3055/3/6 3036/3/6 3056/3/6
f 3036/1/6 3027/1/6 3057/1/6
f 3056/3/6 3036/3/6 3057/3/6
f 3027/3/6 3028/3/6 3058/3/6
f 3057/1/6 3027/1/6 3058/1/6
f 2944/3/6 2909/3/6 3059/3/6
f 3058/3/6 3028/3/6 3059/3/6
f 2962/3/6 2944/3/6 3059/3/6
f 3009/3/6 3001/3/6 3059/3/6
f 3001/3/6 2962/3/6 3059/3/6
f 3028/3/6 3009/3/6 3059/3/6
f 2946/3/6 3042/3/6 3060/3/6
f 3042/3/6 3049/3/6 3060/3/6
f 3050/1/6 3051/1/6 3061/1/6
f 3060/3/6 3049/3/6 3061/3/6
f 3049/1/6 3050/1/6 3061/1/6
f 3051/3/6 3052/3/6 3062/3/6
f 3061/1/6 3051/1/6 3062/1/6
f 3054/1/6 3055/1/6 3063/1/6
f 3062/3/6 3052/3/6 3063/3/6
f 3053/1/6 3054/1/6 3063/1/6
f 3052/1/6 3053/1/6 3063/1/6
f 3063/1/6 3055/1/6 3064/1/6
f 3064/1/6 3055/1/6 3065/1/6
f 3065/1/6 3055/1/6 3066/1/6
f 3055/3/6 3056/3/6 3067/3/6
f 3066/1/6 3055/1/6 3067/1/6
f 3057/1/6 3058/1/6 3068/1/6
f 3067/3/6 3056/3/6 3068/3/6
f 3056/1/6 3057/1/6 3068/1/6
f 3058/1/6 3059/1/6 3068/1/6
f 3068/1/6 3059/1/6 3069/1/6
f 3069/1/6 3059/1/6 3070/1/6
f 3064/1/6 3065/1/6 3071/1/6
f 3065/3/6 3066/3/6 3071/3/6
f 3066/1/6 3067/1/6 3072/1/6
f 3071/3/6 3066/3/6 3072/3/6
f 3067/1/6 3068/1/6 3072/1/6
f 3068/1/6 3069/1/6 3072/1/6
f 3072/1/6 3069/1/6 3073/1/6
f 3069/3/6 3070/3/6 3074/3/6
f 3070/1/6 3059/1/6 3075/1/6
f 3074/3/6 3070/3/6 3075/3/6
f 3060/1/6 3061/1/6 3076/1/6
f 3061/3/6 3062/3/6 3077/3/6
f 3076/1/6 3061/1/6 3077/1/6
f 3063/3/6 3064/3/6 3077/3/6
f 3062/3/6 3063/3/6 3077/3/6
f 3064/1/6 3071/1/6 3078/1/6
f 3077/3/6 3064/3/6 3078/3/6
f 3071/1/6 3072/1/6 3078/1/6
f 3078/1/6 3072/1/6 3079/1/6
f 3072/3/6 3073/3/6 3080/3/6
f 3079/1/6 3072/1/6 3080/1/6
f 3073/1/6 3069/1/6 3081/1/6
f 3080/3/6 3073/3/6 3081/3/6
f 3081/1/6 3069/1/6 3082/1/6
f 3082/1/6 3069/1/6 3083/1/6
f 3069/3/6 3074/3/6 3084/3/6
f 3083/1/6 3069/1/6 3084/1/6
f 3074/1/6 3075/1/6 3085/1/6
f 3084/3/6 3074/3/6 3085/3/6
f 3075/1/6 3059/1/6 3086/1/6
f 3085/1/6 3075/1/6 3086/1/6
f 3086/1/6 3059/1/6 3087/1/6
f 3087/1/6 3059/1/6 3088/1/6
f 3088/1/6 3059/1/6 3089/1/6
f 3076/3/6 3077/3/6 3090/3/6
f 3078/1/6 3079/1/6 3090/1/6
f 3077/1/6 3078/1/6 3090/1/6
f 3090/1/6 3079/1/6 3091/1/6
f 3091/1/6 3079/1/6 3092/1/6
f 3092/1/6 3079/1/6 3093/1/6
f 3084/1/6 3085/1/6 3094/1/6
f 3083/1/6 3084/1/6 3094/1/6
f 3085/1/6 3086/1/6 3094/1/6
f 3086/3/6 3087/3/6 3094/3/6
f 3087/1/6 3088/1/6 3095/1/6
f 3094/3/6 3087/3/6 3095/3/6
f 3095/1/6 3088/1/6 3096/1/6
f 3088/3/6 3089/3/6 3097/3/6
f 3096/1/6 3088/1/6 3097/1/6
f 3091/1/6 3092/1/6 3098/1/6
f 3090/3/6 3091/3/6 3098/3/6
f 3092/3/6 3093/3/6 3099/3/6
f 3098/1/6 3092/1/6 3099/1/6
f 3093/1/6 3079/1/6 3100/1/6
f 3099/3/6 3093/3/6 3100/3/6
f 3079/3/6 3080/3/6 3101/3/6
f 3100/1/6 3079/1/6 3101/1/6
f 3080/1/6 3081/1/6 3102/1/6
f 3101/3/6 3080/3/6 3102/3/6
f 3081/1/6 3082/1/6 3102/1/6
f 3095/1/6 3096/1/6 3103/1/6
f 3083/1/6 3094/1/6 3103/1/6
f 3094/1/6 3095/1/6 3103/1/6
f 3096/3/6 3097/3/6 3104/3/6
f 3103/1/6 3096/1/6 3104/1/6
f 3102/1/6 3082/1/6 3105/1/6
f 3101/1/6 3102/1/6 3105/1/6
f 3082/3/6 3083/3/6 3106/3/6
f 3105/1/6 3082/1/6 3106/1/6
f 3083/1/6 3103/1/6 3107/1/6
f 3103/3/6 3104/3/6 3108/3/6
f 3107/1/6 3103/1/6 3108/1/6
f 3083/1/6 3107/1/6 3109/1/6
f 3106/3/6 3083/3/6 3109/3/6
f 3105/3/6 3106/3/6 3109/3/6
f 3107/3/6 3108/3/6 3110/3/6
f 3109/1/6 3107/1/6 3110/1/6
f 3108/3/6 3104/3/6 3111/3/6
f 3110/3/6 3108/3/6 3111/3/6
f 3101/1/6 3105/1/6 3112/1/6
f 3098/3/6 3099/3/6 3112/3/6
f 3099/3/6 3100/3/6 3112/3/6
f 3100/3/6 3101/3/6 3112/3/6
f 3112/1/6 3105/1/6 3113/1/6
f 3090/3/6 3098/3/6 3114/3/6
f 3076/3/6 3090/3/6 3114/3/6
f 3112/3/6 3113/3/6 3114/3/6
f 3098/3/6 3112/3/6 3114/3/6
f 3113/1/6 3105/1/6 3115/1/6
f 3114/3/6 3113/3/6 3115/3/6
f 3105/3/6 3109/3/6 3116/3/6
f 3115/1/6 3105/1/6 3116/1/6
f 3109/3/6 3110/3/6 3116/3/6
f 3110/1/6 3111/1/6 3117/1/6
f 3116/3/6 3110/3/6 3117/3/6
f 3111/3/6 3104/3/6 3118/3/6
f 3117/1/6 3111/1/6 3118/1/6
f 3104/3/6 3097/3/6 3119/3/6
f 3118/3/6 3104/3/6 3119/3/6
f 3097/3/6 3089/3/6 3119/3/6
f 3120/5/6 3121/5/6 3123/5/6
f 3122/5/6 3123/5/6 3124/5/6
f 3123/5/6 3121/5/6 3125/5/6
f 3124/5/6 3123/5/6 3125/5/6
f 3125/5/6 3121/5/6 3126/5/6
f 3126/5/6 3121/5/6 3127/5/6
f 3127/5/6 3121/5/6 3129/5/6
f 3128/5/6 3129/5/6 3130/5/6
f 3129/5/6 3121/5/6 3131/5/6
f 3130/5/6 3129/5/6 3131/5/6
f 3132/5/6 3133/5/6 3134/5/6
f 3132/5/6 3134/5/6 3136/5/6
f 3134/5/6 3135/5/6 3136/5/6
f 3136/5/6 3135/5/6 3137/5/6
f 3138/5/6 3139/5/6 3140/5/6
f 3140/5/6 3139/5/6 3141/5/6
f 3142/5/6 3143/5/6 3144/5/6
f 3144/5/6 3143/5/6 3145/5/6
f 3146/5/6 3147/5/6 3148/5/6
f 3148/5/6 3147/5/6 3149/5/6
f 3150/5/6 3151/5/6 3152/5/6
f 3152/5/6 3151/5/6 3153/5/6
f 3150/5/6 3152/5/6 3154/5/6
f 3154/5/6 3152/5/6 3155/5/6
f 3156/5/6 3157/5/6 3158/5/6
f 3158/5/6 3157/5/6 3159/5/6
f 3160/5/6 3161/5/6 3162/5/6
f 3162/5/6 3161/5/6 3163/5/6
f 3164/5/6 3165/5/6 3166/5/6
f 3166/5/6 3165/5/6 3167/5/6
f 3168/5/6 3169/5/6 3170/5/6
f 3170/5/6 3169/5/6 3171/5/6
f 3171/5/6 3169/5/6 3172/5/6
f 3172/5/6 3169/5/6 3173/5/6
f 3171/5/6 3172/5/6 3174/5/6
f 3174/5/6 3172/5/6 3175/5/6
f 3176/5/6 3177/5/6 3178/5/6
f 3178/5/6 3177/5/6 3179/5/6
f 3180/3/6 3181/3/6 3184/3/6
f 3184/3/6 3181/3/6 3185/3/6
f 3182/3/6 3183/3/6 3186/3/6
f 3180/3/6 3184/3/6 3188/3/6
f 3184/1/6 3185/1/6 3188/1/6
f 3188/1/6 3185/1/6 3189/1/6
f 3181/1/6 3182/1/6 3190/1/6
f 3186/3/6 3187/3/6 3190/3/6
f 3182/3/6 3186/3/6 3190/3/6
f 3190/3/6 3187/3/6 3191/3/6
f 3188/3/6 3189/3/6 3192/3/6
f 3180/3/6 3188/3/6 3192/3/6
f 3189/1/6 3185/1/6 3193/1/6
f 3192/3/6 3189/3/6 3193/3/6
f 3185/3/6 3181/3/6 3194/3/6
f 3193/1/6 3185/1/6 3194/1/6
f 3190/1/6 3191/1/6 3195/1/6
f 3194/3/6 3181/3/6 3195/3/6
f 3181/1/6 3190/1/6 3195/1/6
f 3195/1/6 3191/1/6 3196/1/6
f 3192/3/6 3193/3/6 3197/3/6
f 3193/3/6 3194/3/6 3197/3/6
f 3194/1/6 3195/1/6 3198/1/6
f 3197/3/6 3194/3/6 3198/3/6
f 3191/3/6 3187/3/6 3199/3/6
f 3199/3/6 3187/3/6 3200/3/6
f 3191/3/6 3199/3/6 3201/3/6
f 3199/1/6 3200/1/6 3202/1/6
f 3201/3/6 3199/3/6 3202/3/6
f 3200/3/6 3187/3/6 3203/3/6
f 3202/1/6 3200/1/6 3203/1/6
f 3203/3/6 3187/3/6 3204/3/6
f 3192/3/6 3197/3/6 3205/3/6
f 3197/1/6 3198/1/6 3206/1/6
f 3205/3/6 3197/3/6 3206/3/6
f 3196/1/6 3191/1/6 3207/1/6
f 3195/3/6 3196/3/6 3207/3/6
f 3191/3/6 3201/3/6 3208/3/6
f 3207/1/6 3191/1/6 3208/1/6
f 3208/3/6 3201/3/6 3209/3/6
f 3201/1/6 3202/1/6 3210/1/6
f 3202/1/6 3203/1/6 3210/1/6
f 3203/1/6 3204/1/6 3210/1/6
f 3210/1/6 3204/1/6 3211/1/6
f 3206/1/6 3198/1/6 3212/1/6
f 3198/1/6 3195/1/6 3212/1/6
f 3205/1/6 3206/1/6 3212/1/6
f 3195/3/6 3207/3/6 3213/3/6
f 3212/1/6 3195/1/6 3213/1/6
f 3207/3/6 3208/3/6 3213/3/6
f 3211/1/6 3204/1/6 3214/1/6
f 3205/1/6 3212/1/6 3216/1/6
f 3212/3/6 3213/3/6 3216/3/6
f 3213/3/6 3208/3/6 3217/3/6
f 3216/3/6 3213/3/6 3217/3/6
f 3192/3/6 3205/3/6 3218/3/6
f 3205/1/6 3216/1/6 3219/1/6
f 3218/3/6 3205/3/6 3219/3/6
f 3216/1/6 3217/1/6 3219/1/6
f 3217/3/6 3208/3/6 3220/3/6
f 3208/1/6 3209/1/6 3220/1/6
f 3209/3/6 3201/3/6 3221/3/6
f 3220/1/6 3209/1/6 3221/1/6
f 3201/1/6 3210/1/6 3222/1/6
f 3221/3/6 3201/3/6 3222/3/6
f 3219/1/6 3217/1/6 3223/1/6
f 3218/1/6 3219/1/6 3223/1/6
f 3223/1/6 3217/1/6 3224/1/6
f 3222/1/6 3210/1/6 3225/1/6
f 3221/1/6 3222/1/6 3225/1/6
f 3210/3/6 3211/3/6 3226/3/6
f 3225/1/6 3210/1/6 3226/1/6
f 3211/1/6 3214/1/6 3227/1/6
f 3226/3/6 3211/3/6 3227/3/6
f 3221/1/6 3225/1/6 3228/1/6
f 3225/3/6 3226/3/6 3228/3/6
f 3226/1/6 3227/1/6 3229/1/6
f 3228/3/6 3226/3/6 3229/3/6
f 3227/1/6 3214/1/6 3230/1/6
f 3229/1/6 3227/1/6 3230/1/6
f 3224/1/6 3217/1/6 3231/1/6
f 3223/3/6 3224/3/6 3231/3/6
f 3220/3/6 3221/3/6 3232/3/6
f 3231/1/6 3217/1/6 3232/1/6
f 3217/3/6 3220/3/6 3232/3/6
f 3232/3/6 3221/3/6 3233/3/6
f 3228/1/6 3229/1/6 3234/1/6
f 3221/1/6 3228/1/6 3234/1/6
f 3229/3/6 3230/3/6 3235/3/6
f 3234/1/6 3229/1/6 3235/1/6
f 3192/3/6 3218/3/6 3236/3/6
f 3218/1/6 3223/1/6 3237/1/6
f 3236/3/6 3218/3/6 3237/3/6
f 3223/3/6 3231/3/6 3238/3/6
f 3237/1/6 3223/1/6 3238/1/6
f 3231/3/6 3232/3/6 3238/3/6
f 3232/1/6 3233/1/6 3239/1/6
f 3238/3/6 3232/3/6 3239/3/6
f 3236/1/6 3237/1/6 3240/1/6
f 3237/3/6 3238/3/6 3241/3/6
f 3240/1/6 3237/1/6 3241/1/6
f 3238/1/6 3239/1/6 3242/1/6
f 3241/3/6 3238/3/6 3242/3/6
f 3242/1/6 3239/1/6 3243/1/6
f 3233/3/6 3221/3/6 3244/3/6
f 3221/1/6 3234/1/6 3245/1/6
f 3244/3/6 3221/3/6 3245/3/6
f 3243/1/6 3239/1/6 3246/1/6
f 3240/3/6 3241/3/6 3246/3/6
f 3241/3/6 3242/3/6 3246/3/6
f 3242/3/6 3243/3/6 3246/3/6
f 3239/1/6 3233/1/6 3247/1/6
f 3246/1/6 3239/1/6 3247/1/6
f 3245/1/6 3234/1/6 3248/1/6
f 3244/1/6 3245/1/6 3248/1/6
f 3234/3/6 3235/3/6 3249/3/6
f 3248/1/6 3234/1/6 3249/1/6
f 3235/3/6 3230/3/6 3250/3/6
f 3249/3/6 3235/3/6 3250/3/6
f 3247/1/6 3233/1/6 3251/1/6
f 3233/3/6 3244/3/6 3251/3/6
f 3244/1/6 3248/1/6 3252/1/6
f 3251/3/6 3244/3/6 3252/3/6
f 3250/3/6 3230/3/6 3253/3/6
f 3230/1/6 3214/1/6 3253/1/6
f 3214/3/6 3215/3/6 3254/3/6
f 3253/1/6 3214/1/6 3254/1/6
f 3236/1/6 3240/1/6 3255/1/6
f 3192/3/6 3236/3/6 3255/3/6
f 3240/3/6 3246/3/6 3256/3/6
f 3255/1/6 3240/1/6 3256/1/6
f 3246/3/6 3247/3/6 3256/3/6
f 3256/3/6 3247/3/6 3257/3/6
f 3257/3/6 3247/3/6 3258/3/6
f 3258/3/6 3247/3/6 3259/3/6
f 3248/3/6 3249/3/6 3260/3/6
f 3249/1/6 3250/1/6 3260/1/6
f 3253/3/6 3254/3/6 3261/3/6
f 3260/1/6 3250/1/6 3261/1/6
f 3250/3/6 3253/3/6 3261/3/6
f 3261/3/6 3254/3/6 3262/3/6
f 3255/3/6 3256/3/6 3263/3/6
f 3256/1/6 3257/1/6 3263/1/6
f 3257/3/6 3258/3/6 3264/3/6
f 3263/1/6 3257/1/6 3264/1/6
f 3258/1/6 3259/1/6 3265/1/6
f 3264/3/6 3258/3/6 3265/3/6
f 3259/3/6 3247/3/6 3266/3/6
f 3265/1/6 3259/1/6 3266/1/6
f 3266/3/6 3247/3/6 3267/3/6
f 3192/3/6 3255/3/6 3268/3/6
f 3255/3/6 3263/3/6 3268/3/6
f 3263/3/6 3264/3/6 3268/3/6
f 3268/3/6 3264/3/6 3269/3/6
f 3264/1/6 3265/1/6 3270/1/6
f 3266/1/6 3267/1/6 3270/1/6
f 3265/1/6 3266/1/6 3270/1/6
f 3270/1/6 3267/1/6 3271/1/6
f 3261/1/6 3262/1/6 3272/1/6
f 3260/3/6 3261/3/6 3272/3/6
f 3262/3/6 3254/3/6 3273/3/6
f 3272/1/6 3262/1/6 3273/1/6
f 3254/3/6 3215/3/6 3274/3/6
f 3273/3/6 3254/3/6 3274/3/6
f 3268/1/6 3269/1/6 3275/1/6
f 3275/1/6 3269/1/6 3276/1/6
f 3276/1/6 3269/1/6 3277/1/6
f 3269/3/6 3264/3/6 3278/3/6
f 3277/1/6 3269/1/6 3278/1/6
f 3264/1/6 3270/1/6 3279/1/6
f 3278/3/6 3264/3/6 3279/3/6
f 3271/1/6 3267/1/6 3280/1/6
f 3270/3/6 3271/3/6 3280/3/6
f 3267/3/6 3247/3/6 3281/3/6
f 3280/1/6 3267/1/6 3281/1/6
f 3251/1/6 3252/1/6 3282/1/6
f 3281/3/6 3247/3/6 3282/3/6
f 3247/1/6 3251/1/6 3282/1/6
f 3276/1/6 3277/1/6 3283/1/6
f 3275/3/6 3276/3/6 3283/3/6
f 3277/3/6 3278/3/6 3284/3/6
f 3283/1/6 3277/1/6 3284/1/6
f 3278/1/6 3279/1/6 3285/1/6
f 3284/3/6 3278/3/6 3285/3/6
f 3279/1/6 3270/1/6 3286/1/6
f 3285/1/6 3279/1/6 3286/1/6
f 3270/3/6 3280/3/6 3287/3/6
f 3286/1/6 3270/1/6 3287/1/6
f 3280/3/6 3281/3/6 3287/3/6
f 3287/3/6 3281/3/6 3288/3/6
f 3282/1/6 3252/1/6 3289/1/6
f 3252/1/6 3248/1/6 3289/1/6
f 3281/1/6 3282/1/6 3289/1/6
f 3272/3/6 3273/3/6 3290/3/6
f 3289/1/6 3248/1/6 3290/1/6
f 3248/3/6 3260/3/6 3290/3/6
f 3260/3/6 3272/3/6 3290/3/6
f 3290/3/6 3273/3/6 3291/3/6
f 3273/1/6 3274/1/6 3292/1/6
f 3291/3/6 3273/3/6 3292/3/6
f 3274/3/6 3215/3/6 3293/3/6
f 3292/1/6 3274/1/6 3293/1/6
f 3293/3/6 3215/3/6 3294/3/6
f 3287/1/6 3288/1/6 3295/1/6
f 3285/3/6 3286/3/6 3295/3/6
f 3286/1/6 3287/1/6 3295/1/6
f 3284/3/6 3285/3/6 3295/3/6
f 3283/3/6 3284/3/6 3295/3/6
f 3288/3/6 3281/3/6 3296/3/6
f 3295/1/6 3288/1/6 3296/1/6
f 3281/1/6 3289/1/6 3297/1/6
f 3296/3/6 3281/3/6 3297/3/6
f 3297/1/6 3289/1/6 3298/1/6
f 3289/3/6 3290/3/6 3299/3/6
f 3298/1/6 3289/1/6 3299/1/6
f 3290/1/6 3291/1/6 3300/1/6
f 3299/3/6 3290/3/6 3300/3/6
f 3295/3/6 3296/3/6 3301/3/6
f 3297/1/6 3298/1/6 3301/1/6
f 3296/1/6 3297/1/6 3301/1/6
f 3301/1/6 3298/1/6 3302/1/6
f 3298/3/6 3299/3/6 3303/3/6
f 3302/1/6 3298/1/6 3303/1/6
f 3299/1/6 3300/1/6 3304/1/6
f 3303/3/6 3299/3/6 3304/3/6
f 3300/1/6 3291/1/6 3305/1/6
f 3304/1/6 3300/1/6 3305/1/6
f 3291/3/6 3292/3/6 3305/3/6
f 3292/3/6 3293/3/6 3305/3/6
f 3293/1/6 3294/1/6 3306/1/6
f 3305/3/6 3293/3/6 3306/3/6
f 3294/3/6 3215/3/6 3307/3/6
f 3306/1/6 3294/1/6 3307/1/6
f 3307/3/6 3215/3/6 3308/3/6
f 3283/3/6 3295/3/6 3309/3/6
f 3301/3/6 3302/3/6 3309/3/6
f 3295/3/6 3301/3/6 3309/3/6
f 3309/3/6 3302/3/6 3310/3/6
f 3305/1/6 3306/1/6 3311/1/6
f 3304/1/6 3305/1/6 3311/1/6
f 3303/1/6 3304/1/6 3311/1/6
f 3307/1/6 3308/1/6 3311/1/6
f 3306/1/6 3307/1/6 3311/1/6
f 3302/1/6 3303/1/6 3311/1/6
f 3311/1/6 3308/1/6 3312/1/6
f 3312/1/6 3308/1/6 3313/1/6
f 3313/1/6 3308/1/6 3314/1/6
f 3310/3/6 3302/3/6 3315/3/6
f 3309/1/6 3310/1/6 3315/1/6
f 3315/3/6 3302/3/6 3316/3/6
f 3302/1/6 3311/1/6 3317/1/6
f 3311/3/6 3312/3/6 3318/3/6
f 3317/1/6 3311/1/6 3318/1/6
f 3312/1/6 3313/1/6 3319/1/6
f 3318/3/6 3312/3/6 3319/3/6
f 3319/1/6 3313/1/6 3320/1/6
f 3313/3/6 3314/3/6 3321/3/6
f 3320/1/6 3313/1/6 3321/1/6
f 3321/3/6 3314/3/6 3322/3/6
f 3314/1/6 3308/1/6 3323/1/6
f 3322/3/6 3314/3/6 3323/3/6
f 3323/1/6 3308/1/6 3324/1/6
f 3316/3/6 3302/3/6 3325/3/6
f 3302/1/6 3317/1/6 3326/1/6
f 3325/3/6 3302/3/6 3326/3/6
f 3319/3/6 3320/3/6 3327/3/6
f 3317/3/6 3318/3/6 3327/3/6
f 3318/3/6 3319/3/6 3327/3/6
f 3327/3/6 3320/3/6 3328/3/6
f 3321/1/6 3322/1/6 3329/1/6
f 3320/1/6 3321/1/6 3329/1/6
f 3323/3/6 3324/3/6 3330/3/6
f 3329/1/6 3322/1/6 3330/1/6
f 3322/3/6 3323/3/6 3330/3/6
f 3309/1/6 3315/1/6 3331/1/6
f 3315/1/6 3316/1/6 3331/1/6
f 3316/3/6 3325/3/6 3332/3/6
f 3331/1/6 3316/1/6 3332/1/6
f 3325/1/6 3326/1/6 3333/1/6
f 3332/3/6 3325/3/6 3333/3/6
f 3326/1/6 3317/1/6 3334/1/6
f 3333/1/6 3326/1/6 3334/1/6
f 3328/3/6 3320/3/6 3335/3/6
f 3320/1/6 3329/1/6 3335/1/6
f 3329/3/6 3330/3/6 3336/3/6
f 3335/1/6 3329/1/6 3336/1/6
f 3330/3/6 3324/3/6 3337/3/6
f 3336/3/6 3330/3/6 3337/3/6
f 3337/3/6 3324/3/6 3338/3/6
f 3317/3/6 3327/3/6 3339/3/6
f 3327/1/6 3328/1/6 3340/1/6
f 3339/3/6 3327/3/6 3340/3/6
f 3335/3/6 3336/3/6 3341/3/6
f 3340/1/6 3328/1/6 3341/1/6
f 3328/3/6 3335/3/6 3341/3/6
f 3341/3/6 3336/3/6 3342/3/6
f 3309/1/6 3331/1/6 3343/1/6
f 3331/3/6 3332/3/6 3343/3/6
f 3332/1/6 3333/1/6 3344/1/6
f 3343/3/6 3332/3/6 3344/3/6
f 3344/1/6 3333/1/6 3345/1/6
f 3339/1/6 3340/1/6 3346/1/6
f 3340/3/6 3341/3/6 3346/3/6
f 3341/1/6 3342/1/6 3347/1/6
f 3346/3/6 3341/3/6 3347/3/6
f 3342/3/6 3336/3/6 3348/3/6
f 3347/1/6 3342/1/6 3348/1/6
f 3348/3/6 3336/3/6 3349/3/6
f 3349/3/6 3336/3/6 3350/3/6
f 3336/1/6 3337/1/6 3351/1/6
f 3350/3/6 3336/3/6 3351/3/6
f 3351/1/6 3337/1/6 3352/1/6
f 3283/3/6 3309/3/6 3353/3/6
f 3309/1/6 3343/1/6 3354/1/6
f 3353/3/6 3309/3/6 3354/3/6
f 3343/1/6 3344/1/6 3354/1/6
f 3354/1/6 3344/1/6 3355/1/6
f 3344/3/6 3345/3/6 3356/3/6
f 3355/1/6 3344/1/6 3356/1/6
f 3345/1/6 3333/1/6 3357/1/6
f 3356/3/6 3345/3/6 3357/3/6
f 3333/3/6 3334/3/6 3358/3/6
f 3357/1/6 3333/1/6 3358/1/6
f 3334/1/6 3317/1/6 3359/1/6
f 3358/3/6 3334/3/6 3359/3/6
f 3346/1/6 3347/1/6 3360/1/6
f 3339/1/6 3346/1/6 3360/1/6
f 3317/3/6 3339/3/6 3360/3/6
f 3347/1/6 3348/1/6 3360/1/6
f 3348/1/6 3349/1/6 3360/1/6
f 3360/1/6 3349/1/6 3361/1/6
f 3361/1/6 3349/1/6 3362/1/6
f 3349/3/6 3350/3/6 3363/3/6
f 3362/1/6 3349/1/6 3363/1/6
f 3361/1/6 3362/1/6 3364/1/6
f 3360/3/6 3361/3/6 3364/3/6
f 3364/1/6 3362/1/6 3365/1/6
f 3362/3/6 3363/3/6 3366/3/6
f 3365/1/6 3362/1/6 3366/1/6
f 3363/3/6 3350/3/6 3367/3/6
f 3366/3/6 3363/3/6 3367/3/6
f 3350/1/6 3351/1/6 3367/1/6
f 3283/3/6 3353/3/6 3368/3/6
f 3353/1/6 3354/1/6 3369/1/6
f 3368/3/6 3353/3/6 3369/3/6
f 3354/1/6 3355/1/6 3369/1/6
f 3369/1/6 3355/1/6 3370/1/6
f 3357/3/6 3358/3/6 3371/3/6
f 3358/1/6 3359/1/6 3371/1/6
f 3355/3/6 3356/3/6 3371/3/6
f 3356/3/6 3357/3/6 3371/3/6
f 3359/1/6 3317/1/6 3372/1/6
f 3371/1/6 3359/1/6 3372/1/6
f 3364/3/6 3365/3/6 3372/3/6
f 3317/3/6 3360/3/6 3372/3/6
f 3360/3/6 3364/3/6 3372/3/6
f 3365/1/6 3366/1/6 3373/1/6
f 3372/3/6 3365/3/6 3373/3/6
f 3366/1/6 3367/1/6 3373/1/6
f 3367/1/6 3351/1/6 3374/1/6
f 3373/1/6 3367/1/6 3374/1/6
f 3275/3/6 3283/3/6 3377/3/6
f 3283/3/6 3368/3/6 3377/3/6
f 3368/1/6 3369/1/6 3378/1/6
f 3377/3/6 3368/3/6 3378/3/6
f 3369/3/6 3370/3/6 3379/3/6
f 3378/1/6 3369/1/6 3379/1/6
f 3370/1/6 3355/1/6 3380/1/6
f 3379/3/6 3370/3/6 3380/3/6
f 3372/3/6 3373/3/6 3381/3/6
f 3380/1/6 3355/1/6 3381/1/6
f 3355/3/6 3371/3/6 3381/3/6
f 3373/3/6 3374/3/6 3381/3/6
f 3371/3/6 3372/3/6 3381/3/6
f 3381/3/6 3374/3/6 3382/3/6
f 3374/1/6 3351/1/6 3383/1/6
f 3382/3/6 3374/3/6 3383/3/6
f 3383/1/6 3351/1/6 3384/1/6
f 3375/1/6 3376/1/6 3385/1/6
f 3385/1/6 3376/1/6 3386/1/6
f 3387/5/6 3388/5/6 3389/5/6
f 3387/5/6 3389/5/6 3391/5/6
f 3389/5/6 3390/5/6 3391/5/6
f 3391/5/6 3390/5/6 3392/5/6
f 3393/5/6 3394/5/6 3395/5/6
f 3395/5/6 3394/5/6 3396/5/6
f 3397/5/6 3398/5/6 3401/5/6
f 3401/5/6 3398/5/6 3402/5/6
f 3399/5/6 3400/5/6 3403/5/6
f 3403/5/6 3400/5/6 3404/5/6
f 3405/5/6 3406/5/6 3407/5/6
f 3407/5/6 3406/5/6 3408/5/6
f 3408/5/6 3406/5/6 3409/5/6
f 3409/5/6 3410/5/6 3411/5/6
f 3409/5/6 3411/5/6 3413/5/6
f 3411/5/6 3412/5/6 3413/5/6
f 3413/5/6 3412/5/6 3414/5/6
f 3409/5/6 3413/5/6 3415/5/6
f 3415/5/6 3416/5/6 3417/5/6
f 3417/5/6 3416/5/6 3418/5/6
f 3415/5/6 3417/5/6 3419/5/6
f 3417/1/6 3418/1/6 3419/1/6
f 3419/1/6 3418/1/6 3420/1/6
f 3408/5/6 3409/5/6 3421/5/6
f 3409/5/6 3415/5/6 3421/5/6
f 3419/5/6 3420/5/6 3421/5/6
f 3415/5/6 3419/5/6 3421/5/6
f 3421/5/6 3420/5/6 3422/5/6
f 3423/5/6 3424/5/6 3425/5/6
f 3425/5/6 3424/5/6 3426/5/6
f 3427/5/6 3428/5/6 3431/5/6
f 3431/5/6 3428/5/6 3432/5/6
f 3429/5/6 3430/5/6 3433/5/6
f 3433/5/6 3430/5/6 3434/5/6
f 3435/5/6 3436/5/6 3437/5/6
f 3437/5/6 3436/5/6 3438/5/6
f 3438/5/6 3436/5/6 3439/5/6
f 3435/5/6 3437/5/6 3441/5/6
f 3437/1/6 3438/1/6 3442/1/6
f 3441/5/6 3437/5/6 3442/5/6
f 3439/5/6 3440/5/6 3443/5/6
f 3442/1/6 3438/1/6 3443/1/6
f 3438/5/6 3439/5/6 3443/5/6
f 3443/5/6 3440/5/6 3444/5/6
f 3445/5/6 3446/5/6 3447/5/6
f 3447/5/6 3446/5/6 3448/5/6
f 3449/5/6 3450/5/6 3451/5/6
f 3451/5/6 3450/5/6 3452/5/6
f 3449/5/6 3451/5/6 3453/5/6
f 3453/5/6 3451/5/6 3454/5/6
f 3452/5/6 3450/5/6 3455/5/6
f 3455/5/6 3450/5/6 3456/5/6
f 3449/5/6 3453/5/6 3457/5/6
f 3449/5/6 3457/5/6 3459/5/6
f 3457/5/6 3458/5/6 3459/5/6
f 3459/5/6 3458/5/6 3460/5/6
f 3460/5/6 3458/5/6 3461/5/6
f 3449/5/6 3459/5/6 3463/5/6
f 3463/5/6 3459/5/6 3464/5/6
f 3461/5/6 3462/5/6 3465/5/6
f 3460/5/6 3461/5/6 3465/5/6
f 3465/5/6 3462/5/6 3466/5/6
f 3467/5/6 3468/5/6 3472/5/6
f 3469/5/6 3470/5/6 3473/5/6
f 3473/5/6 3470/5/6 3474/5/6
f 3471/5/6 3472/5/6 3475/5/6
f 3472/5/6 3468/5/6 3476/5/6
f 3475/5/6 3472/5/6 3476/5/6
f 3476/5/6 3468/5/6 3477/5/6
f 3478/5/6 3479/5/6 3480/5/6
f 3478/5/6 3480/5/6 3482/5/6
f 3480/5/6 3481/5/6 3482/5/6
f 3482/5/6 3481/5/6 3483/5/6
f 3484/5/6 3485/5/6 3486/5/6
f 3486/5/6 3485/5/6 3487/5/6
f 3488/5/6 3489/5/6 3490/5/6
f 3490/5/6 3489/5/6 3491/5/6
f 3492/3/6 3493/3/6 3496/3/6
f 3494/3/6 3495/3/6 3498/3/6
f 3496/1/6 3497/1/6 3499/1/6
f 3499/1/6 3497/1/6 3500/1/6
f 3492/3/6 3496/3/6 3501/3/6
f 3496/1/6 3499/1/6 3501/1/6
f 3499/3/6 3500/3/6 3502/3/6
f 3501/1/6 3499/1/6 3502/1/6
f 3502/3/6 3500/3/6 3503/3/6
f 3503/3/6 3500/3/6 3504/3/6
f 3500/1/6 3497/1/6 3505/1/6
f 3504/3/6 3500/3/6 3505/3/6
f 3497/3/6 3498/3/6 3506/3/6
f 3505/1/6 3497/1/6 3506/1/6
f 3506/3/6 3498/3/6 3507/3/6
f 3508/5/6 3509/5/6 3510/5/6
f 3510/5/6 3509/5/6 3511/5/6
f 3492/3/6 3501/3/6 3512/3/6
f 3501/3/6 3502/3/6 3512/3/6
f 3512/3/6 3502/3/6 3513/3/6
f 3502/1/6 3503/1/6 3514/1/6
f 3513/3/6 3502/3/6 3514/3/6
f 3503/3/6 3504/3/6 3515/3/6
f 3514/1/6 3503/1/6 3515/1/6
f 3504/1/6 3505/1/6 3516/1/6
f 3515/3/6 3504/3/6 3516/3/6
f 3505/3/6 3506/3/6 3517/3/6
f 3506/1/6 3507/1/6 3518/1/6
f 3517/3/6 3506/3/6 3518/3/6
f 3507/3/6 3498/3/6 3519/3/6
f 3518/1/6 3507/1/6 3519/1/6
f 3512/1/6 3513/1/6 3523/1/6
f 3516/1/6 3505/1/6 3524/1/6
f 3515/1/6 3516/1/6 3524/1/6
f 3505/3/6 3517/3/6 3525/3/6
f 3524/1/6 3505/1/6 3525/1/6
f 3522/3/6 3523/3/6 3526/3/6
f 3523/1/6 3513/1/6 3526/1/6
f 3514/3/6 3515/3/6 3527/3/6
f 3526/1/6 3513/1/6 3527/1/6
f 3513/3/6 3514/3/6 3527/3/6
f 3527/3/6 3515/3/6 3528/3/6
f 3520/3/6 3521/3/6 3529/3/6
f 3529/3/6 3521/3/6 3530/3/6
f 3525/3/6 3517/3/6 3531/3/6
f 3524/3/6 3525/3/6 3531/3/6
f 3517/1/6 3518/1/6 3532/1/6
f 3531/3/6 3517/3/6 3532/3/6
f 3518/3/6 3519/3/6 3533/3/6
f 3532/1/6 3518/1/6 3533/1/6
f 3529/1/6 3530/1/6 3534/1/6
f 3534/1/6 3530/1/6 3535/1/6
f 3535/1/6 3530/1/6 3536/1/6
f 3530/3/6 3521/3/6 3537/3/6
f 3536/1/6 3530/1/6 3537/1/6
f 3537/3/6 3521/3/6 3538/3/6
f 3534/1/6 3535/1/6 3539/1/6
f 3535/3/6 3536/3/6 3540/3/6
f 3539/1/6 3535/1/6 3540/1/6
f 3536/1/6 3537/1/6 3541/1/6
f 3540/3/6 3536/3/6 3541/3/6
f 3537/1/6 3538/1/6 3541/1/6
f 3541/1/6 3538/1/6 3542/1/6
f 3538/3/6 3521/3/6 3543/3/6
f 3526/3/6 3527/3/6 3545/3/6
f 3527/1/6 3528/1/6 3545/1/6
f 3528/3/6 3515/3/6 3546/3/6
f 3545/1/6 3528/1/6 3546/1/6
f 3546/3/6 3515/3/6 3547/3/6
f 3547/3/6 3515/3/6 3548/3/6
f 3515/1/6 3524/1/6 3549/1/6
f 3548/3/6 3515/3/6 3549/3/6
f 3524/3/6 3531/3/6 3550/3/6
f 3549/1/6 3524/1/6 3550/1/6
f 3531/1/6 3532/1/6 3551/1/6
f 3550/3/6 3531/3/6 3551/3/6
f 3539/1/6 3540/1/6 3552/1/6
f 3540/1/6 3541/1/6 3552/1/6
f 3552/1/6 3541/1/6 3553/1/6
f 3543/3/6 3544/3/6 3554/3/6
f 3538/3/6 3543/3/6 3554/3/6
f 3542/1/6 3538/1/6 3554/1/6
f 3554/3/6 3544/3/6 3555/3/6
f 3526/3/6 3545/3/6 3556/3/6
f 3545/3/6 3546/3/6 3556/3/6
f 3546/1/6 3547/1/6 3557/1/6
f 3556/3/6 3546/3/6 3557/3/6
f 3532/3/6 3533/3/6 3558/3/6
f 3551/1/6 3532/1/6 3558/1/6
f 3550/1/6 3551/1/6 3558/1/6
f 3519/3/6 3498/3/6 3559/3/6
f 3558/3/6 3533/3/6 3559/3/6
f 3533/3/6 3519/3/6 3559/3/6
f 3553/1/6 3541/1/6 3560/1/6
f 3552/3/6 3553/3/6 3560/3/6
f 3541/3/6 3542/3/6 3561/3/6
f 3560/1/6 3541/1/6 3561/1/6
f 3542/1/6 3554/1/6 3562/1/6
f 3561/3/6 3542/3/6 3562/3/6
f 3554/1/6 3555/1/6 3562/1/6
f 3522/3/6 3526/3/6 3563/3/6
f 3526/3/6 3556/3/6 3563/3/6
f 3563/3/6 3556/3/6 3564/3/6
f 3547/3/6 3548/3/6 3565/3/6
f 3557/1/6 3547/1/6 3565/1/6
f 3556/1/6 3557/1/6 3565/1/6
f 3548/1/6 3549/1/6 3566/1/6
f 3565/3/6 3548/3/6 3566/3/6
f 3559/3/6 3498/3/6 3567/3/6
f 3558/1/6 3559/1/6 3567/1/6
f 3567/3/6 3498/3/6 3568/3/6
f 3561/1/6 3562/1/6 3569/1/6
f 3560/3/6 3561/3/6 3569/3/6
f 3562/1/6 3555/1/6 3570/1/6
f 3569/1/6 3562/1/6 3570/1/6
f 3555/3/6 3544/3/6 3571/3/6
f 3570/1/6 3555/1/6 3571/1/6
f 3571/3/6 3544/3/6 3572/3/6
f 3572/3/6 3544/3/6 3573/3/6
f 3522/3/6 3563/3/6 3575/3/6
f 3563/1/6 3564/1/6 3576/1/6
f 3575/3/6 3563/3/6 3576/3/6
f 3564/3/6 3556/3/6 3577/3/6
f 3576/1/6 3564/1/6 3577/1/6
f 3556/1/6 3565/1/6 3578/1/6
f 3577/3/6 3556/3/6 3578/3/6
f 3565/1/6 3566/1/6 3578/1/6
f 3578/1/6 3566/1/6 3579/1/6
f 3566/1/6 3549/1/6 3580/1/6
f 3579/1/6 3566/1/6 3580/1/6
f 3550/1/6 3558/1/6 3581/1/6
f 3567/1/6 3568/1/6 3581/1/6
f 3558/1/6 3567/1/6 3581/1/6
f 3581/1/6 3568/1/6 3582/1/6
f 3568/3/6 3498/3/6 3583/3/6
f 3582/1/6 3568/1/6 3583/1/6
f 3498/3/6 3495/3/6 3584/3/6
f 3583/3/6 3498/3/6 3584/3/6
f 3569/3/6 3570/3/6 3585/3/6
f 3570/1/6 3571/1/6 3585/1/6
f 3571/1/6 3572/1/6 3585/1/6
f 3573/3/6 3574/3/6 3586/3/6
f 3585/1/6 3572/1/6 3586/1/6
f 3572/3/6 3573/3/6 3586/3/6
f 3586/3/6 3574/3/6 3587/3/6
f 3587/3/6 3574/3/6 3588/3/6
f 3575/1/6 3576/1/6 3589/1/6
f 3588/3/6 3574/3/6 3589/3/6
f 3576/1/6 3577/1/6 3589/1/6
f 3578/1/6 3579/1/6 3589/1/6
f 3574/1/6 3575/1/6 3589/1/6
f 3577/1/6 3578/1/6 3589/1/6
f 3589/1/6 3579/1/6 3590/1/6
f 3590/1/6 3579/1/6 3591/1/6
f 3591/1/6 3579/1/6 3592/1/6
f 3592/1/6 3579/1/6 3593/1/6
f 3579/3/6 3580/3/6 3594/3/6
f 3593/1/6 3579/1/6 3594/1/6
f 3580/1/6 3549/1/6 3595/1/6
f 3594/3/6 3580/3/6 3595/3/6
f 3582/1/6 3583/1/6 3596/1/6
f 3581/3/6 3582/3/6 3596/3/6
f 3583/1/6 3584/1/6 3596/1/6
f 3596/1/6 3584/1/6 3597/1/6
f 3584/3/6 3495/3/6 3598/3/6
f 3597/1/6 3584/1/6 3598/1/6
f 3598/3/6 3495/3/6 3599/3/6
f 3586/1/6 3587/1/6 3600/1/6
f 3585/3/6 3586/3/6 3600/3/6
f 3600/1/6 3587/1/6 3601/1/6
f 3587/3/6 3588/3/6 3602/3/6
f 3601/1/6 3587/1/6 3602/1/6
f 3602/3/6 3588/3/6 3603/3/6
f 3588/1/6 3589/1/6 3604/1/6
f 3589/1/6 3590/1/6 3604/1/6
f 3590/3/6 3591/3/6 3604/3/6
f 3591/1/6 3592/1/6 3605/1/6
f 3604/3/6 3591/3/6 3605/3/6
f 3605/1/6 3592/1/6 3606/1/6
f 3592/3/6 3593/3/6 3607/3/6
f 3606/1/6 3592/1/6 3607/1/6
f 3593/1/6 3594/1/6 3608/1/6
f 3594/1/6 3595/1/6 3608/1/6
f 3595/1/6 3549/1/6 3609/1/6
f 3608/1/6 3595/1/6 3609/1/6
f 3549/3/6 3550/3/6 3610/3/6
f 3609/1/6 3549/1/6 3610/1/6
f 3550/1/6 3581/1/6 3611/1/6
f 3610/3/6 3550/3/6 3611/3/6
f 3596/3/6 3597/3/6 3612/3/6
f 3598/1/6 3599/1/6 3612/1/6
f 3597/1/6 3598/1/6 3612/1/6
f 3612/1/6 3599/1/6 3613/1/6
f 3560/3/6 3569/3/6 3614/3/6
f 3600/3/6 3601/3/6 3614/3/6
f 3569/3/6 3585/3/6 3614/3/6
f 3552/3/6 3560/3/6 3614/3/6
f 3585/3/6 3600/3/6 3614/3/6
f 3614/3/6 3601/3/6 3615/3/6
f 3615/3/6 3601/3/6 3616/3/6
f 3602/1/6 3603/1/6 3617/1/6
f 3616/3/6 3601/3/6 3617/3/6
f 3601/1/6 3602/1/6 3617/1/6
f 3603/3/6 3588/3/6 3618/3/6
f 3617/1/6 3603/1/6 3618/1/6
f 3605/1/6 3606/1/6 3619/1/6
f 3618/3/6 3588/3/6 3619/3/6
f 3604/1/6 3605/1/6 3619/1/6
f 3588/1/6 3604/1/6 3619/1/6
f 3619/1/6 3606/1/6 3620/1/6
f 3620/1/6 3606/1/6 3621/1/6
f 3621/1/6 3606/1/6 3622/1/6
f 3606/3/6 3607/3/6 3623/3/6
f 3622/1/6 3606/1/6 3623/1/6
f 3607/3/6 3593/3/6 3624/3/6
f 3623/3/6 3607/3/6 3624/3/6
f 3593/1/6 3608/1/6 3625/1/6
f 3624/3/6 3593/3/6 3625/3/6
f 3625/1/6 3608/1/6 3626/1/6
f 3608/3/6 3609/3/6 3627/3/6
f 3626/1/6 3608/1/6 3627/1/6
f 3613/1/6 3599/1/6 3628/1/6
f 3612/3/6 3613/3/6 3628/3/6
f 3628/1/6 3599/1/6 3629/1/6
f 3614/1/6 3615/1/6 3630/1/6
f 3630/1/6 3615/1/6 3631/1/6
f 3615/3/6 3616/3/6 3632/3/6
f 3631/1/6 3615/1/6 3632/1/6
f 3617/1/6 3618/1/6 3633/1/6
f 3632/3/6 3616/3/6 3633/3/6
f 3616/1/6 3617/1/6 3633/1/6
f 3618/1/6 3619/1/6 3633/1/6
f 3619/1/6 3620/1/6 3633/1/6
f 3633/1/6 3620/1/6 3634/1/6
f 3620/3/6 3621/3/6 3635/3/6
f 3634/1/6 3620/1/6 3635/1/6
f 3621/1/6 3622/1/6 3636/1/6
f 3635/3/6 3621/3/6 3636/3/6
f 3623/3/6 3624/3/6 3637/3/6
f 3622/3/6 3623/3/6 3637/3/6
f 3625/1/6 3626/1/6 3638/1/6
f 3637/3/6 3624/3/6 3638/3/6
f 3624/1/6 3625/1/6 3638/1/6
f 3638/1/6 3626/1/6 3639/1/6
f 3626/3/6 3627/3/6 3640/3/6
f 3639/1/6 3626/1/6 3640/1/6
f 3631/1/6 3632/1/6 3641/1/6
f 3630/3/6 3631/3/6 3641/3/6
f 3632/1/6 3633/1/6 3641/1/6
f 3641/1/6 3633/1/6 3642/1/6
f 3635/1/6 3636/1/6 3643/1/6
f 3634/1/6 3635/1/6 3643/1/6
f 3633/3/6 3634/3/6 3643/3/6
f 3643/1/6 3636/1/6 3644/1/6
f 3636/1/6 3622/1/6 3645/1/6
f 3644/1/6 3636/1/6 3645/1/6
f 3622/3/6 3637/3/6 3646/3/6
f 3645/1/6 3622/1/6 3646/1/6
f 3638/1/6 3639/1/6 3647/1/6
f 3646/3/6 3637/3/6 3647/3/6
f 3637/1/6 3638/1/6 3647/1/6
f 3647/1/6 3639/1/6 3648/1/6
f 3639/3/6 3640/3/6 3649/3/6
f 3648/1/6 3639/1/6 3649/1/6
f 3627/3/6 3609/3/6 3650/3/6
f 3649/3/6 3640/3/6 3650/3/6
f 3610/1/6 3611/1/6 3650/1/6
f 3609/1/6 3610/1/6 3650/1/6
f 3640/3/6 3627/3/6 3650/3/6
f 3650/1/6 3611/1/6 3651/1/6
f 3642/1/6 3633/1/6 3652/1/6
f 3641/3/6 3642/3/6 3652/3/6
f 3643/3/6 3644/3/6 3653/3/6
f 3652/1/6 3633/1/6 3653/1/6
f 3633/3/6 3643/3/6 3653/3/6
f 3644/1/6 3645/1/6 3654/1/6
f 3653/3/6 3644/3/6 3654/3/6
f 3645/3/6 3646/3/6 3655/3/6
f 3654/1/6 3645/1/6 3655/1/6
f 3646/1/6 3647/1/6 3656/1/6
f 3655/3/6 3646/3/6 3656/3/6
f 3647/1/6 3648/1/6 3656/1/6
f 3648/3/6 3649/3/6 3657/3/6
f 3650/3/6 3651/3/6 3657/3/6
f 3649/3/6 3650/3/6 3657/3/6
f 3651/1/6 3611/1/6 3658/1/6
f 3657/3/6 3651/3/6 3658/3/6
f 3653/1/6 3654/1/6 3659/1/6
f 3655/1/6 3656/1/6 3659/1/6
f 3652/3/6 3653/3/6 3659/3/6
f 3654/1/6 3655/1/6 3659/1/6
f 3659/1/6 3656/1/6 3660/1/6
f 3656/1/6 3648/1/6 3661/1/6
f 3660/1/6 3656/1/6 3661/1/6
f 3648/3/6 3657/3/6 3662/3/6
f 3661/1/6 3648/1/6 3662/1/6
f 3657/1/6 3658/1/6 3663/1/6
f 3662/3/6 3657/3/6 3663/3/6
f 3611/1/6 3581/1/6 3664/1/6
f 3663/1/6 3658/1/6 3664/1/6
f 3658/1/6 3611/1/6 3664/1/6
f 3612/3/6 3628/3/6 3664/3/6
f 3628/3/6 3629/3/6 3664/3/6
f 3581/3/6 3596/3/6 3664/3/6
f 3596/3/6 3612/3/6 3664/3/6
f 3664/3/6 3629/3/6 3665/3/6
f 3659/3/6 3660/3/6 3666/3/6
f 3660/1/6 3661/1/6 3667/1/6
f 3666/3/6 3660/3/6 3667/3/6
f 3667/1/6 3661/1/6 3668/1/6
f 3668/1/6 3661/1/6 3669/1/6
f 3661/3/6 3662/3/6 3670/3/6
f 3669/1/6 3661/1/6 3670/1/6
f 3662/1/6 3663/1/6 3671/1/6
f 3670/3/6 3662/3/6 3671/3/6
f 3663/1/6 3664/1/6 3671/1/6
f 3664/1/6 3665/1/6 3671/1/6
f 3671/1/6 3665/1/6 3672/1/6
f 3672/1/6 3665/1/6 3673/1/6
f 3673/1/6 3665/1/6 3674/1/6
f 3674/1/6 3665/1/6 3675/1/6
f 3665/3/6 3629/3/6 3676/3/6
f 3675/1/6 3665/1/6 3676/1/6
f 3676/3/6 3629/3/6 3677/3/6
f 3659/3/6 3666/3/6 3678/3/6
f 3652/3/6 3659/3/6 3678/3/6
f 3667/1/6 3668/1/6 3679/1/6
f 3678/3/6 3666/3/6 3679/3/6
f 3666/1/6 3667/1/6 3679/1/6
f 3668/3/6 3669/3/6 3680/3/6
f 3679/1/6 3668/1/6 3680/1/6
f 3680/3/6 3669/3/6 3681/3/6
f 3669/1/6 3670/1/6 3682/1/6
f 3681/3/6 3669/3/6 3682/3/6
f 3670/1/6 3671/1/6 3682/1/6
f 3682/1/6 3671/1/6 3683/1/6
f 3683/1/6 3671/1/6 3684/1/6
f 3684/1/6 3671/1/6 3685/1/6
f 3671/3/6 3672/3/6 3686/3/6
f 3685/1/6 3671/1/6 3686/1/6
f 3672/1/6 3673/1/6 3687/1/6
f 3673/3/6 3674/3/6 3687/3/6
f 3674/1/6 3675/1/6 3688/1/6
f 3687/3/6 3674/3/6 3688/3/6
f 3675/3/6 3676/3/6 3689/3/6
f 3688/1/6 3675/1/6 3689/1/6
f 3676/1/6 3677/1/6 3690/1/6
f 3689/3/6 3676/3/6 3690/3/6
f 3690/1/6 3677/1/6 3691/1/6
f 3691/1/6 3677/1/6 3692/1/6
f 3641/3/6 3652/3/6 3693/3/6
f 3630/3/6 3641/3/6 3693/3/6
f 3652/3/6 3678/3/6 3693/3/6
f 3678/1/6 3679/1/6 3694/1/6
f 3693/3/6 3678/3/6 3694/3/6
f 3694/1/6 3679/1/6 3695/1/6
f 3680/3/6 3681/3/6 3696/3/6
f 3695/1/6 3679/1/6 3696/1/6
f 3679/3/6 3680/3/6 3696/3/6
f 3696/3/6 3681/3/6 3697/3/6
f 3681/1/6 3682/1/6 3698/1/6
f 3697/3/6 3681/3/6 3698/3/6
f 3682/1/6 3683/1/6 3698/1/6
f 3684/1/6 3685/1/6 3699/1/6
f 3683/3/6 3684/3/6 3699/3/6
f 3699/1/6 3685/1/6 3700/1/6
f 3685/3/6 3686/3/6 3701/3/6
f 3700/1/6 3685/1/6 3701/1/6
f 3672/1/6 3687/1/6 3702/1/6
f 3701/3/6 3686/3/6 3702/3/6
f 3688/1/6 3689/1/6 3702/1/6
f 3690/1/6 3691/1/6 3702/1/6
f 3689/1/6 3690/1/6 3702/1/6
f 3687/1/6 3688/1/6 3702/1/6
f 3686/3/6 3672/3/6 3702/3/6
f 3702/1/6 3691/1/6 3703/1/6
f 3703/1/6 3691/1/6 3704/1/6
f 3691/3/6 3692/3/6 3705/3/6
f 3704/1/6 3691/1/6 3705/1/6
f 3630/3/6 3693/3/6 3706/3/6
f 3694/1/6 3695/1/6 3707/1/6
f 3706/3/6 3693/3/6 3707/3/6
f 3693/1/6 3694/1/6 3707/1/6
f 3707/1/6 3695/1/6 3708/1/6
f 3695/3/6 3696/3/6 3709/3/6
f 3708/1/6 3695/1/6 3709/1/6
f 3696/3/6 3697/3/6 3709/3/6
f 3700/1/6 3701/1/6 3710/1/6
f 3699/3/6 3700/3/6 3710/3/6
f 3701/1/6 3702/1/6 3710/1/6
f 3702/3/6 3703/3/6 3711/3/6
f 3710/1/6 3702/1/6 3711/1/6
f 3703/1/6 3704/1/6 3712/1/6
f 3712/1/6 3704/1/6 3713/1/6
f 3707/1/6 3708/1/6 3714/1/6
f 3706/1/6 3707/1/6 3714/1/6
f 3708/3/6 3709/3/6 3715/3/6
f 3714/1/6 3708/1/6 3715/1/6
f 3709/3/6 3697/3/6 3716/3/6
f 3715/3/6 3709/3/6 3716/3/6
f 3697/1/6 3698/1/6 3717/1/6
f 3716/3/6 3697/3/6 3717/3/6
f 3698/1/6 3683/1/6 3718/1/6
f 3717/1/6 3698/1/6 3718/1/6
f 3683/3/6 3699/3/6 3719/3/6
f 3718/1/6 3683/1/6 3719/1/6
f 3699/3/6 3710/3/6 3719/3/6
f 3710/3/6 3711/3/6 3719/3/6
f 3713/1/6 3704/1/6 3720/1/6
f 3712/3/6 3713/3/6 3720/3/6
f 3720/1/6 3704/1/6 3721/1/6
f 3630/3/6 3706/3/6 3722/3/6
f 3706/1/6 3714/1/6 3723/1/6
f 3722/3/6 3706/3/6 3723/3/6
f 3714/3/6 3715/3/6 3724/3/6
f 3723/1/6 3714/1/6 3724/1/6
f 3715/3/6 3716/3/6 3724/3/6
f 3717/1/6 3718/1/6 3725/1/6
f 3716/1/6 3717/1/6 3725/1/6
f 3718/3/6 3719/3/6 3726/3/6
f 3725/1/6 3718/1/6 3726/1/6
f 3722/1/6 3723/1/6 3727/1/6
f 3723/3/6 3724/3/6 3728/3/6
f 3727/1/6 3723/1/6 3728/1/6
f 3724/3/6 3716/3/6 3729/3/6
f 3728/3/6 3724/3/6 3729/3/6
f 3716/1/6 3725/1/6 3729/1/6
f 3725/3/6 3726/3/6 3730/3/6
f 3729/1/6 3725/1/6 3730/1/6
f 3726/3/6 3719/3/6 3731/3/6
f 3730/3/6 3726/3/6 3731/3/6
f 3711/3/6 3703/3/6 3731/3/6
f 3719/3/6 3711/3/6 3731/3/6
f 3703/1/6 3712/1/6 3731/1/6
f 3712/3/6 3720/3/6 3732/3/6
f 3731/1/6 3712/1/6 3732/1/6
f 3720/3/6 3721/3/6 3732/3/6
f 3721/1/6 3704/1/6 3733/1/6
f 3732/3/6 3721/3/6 3733/3/6
f 3704/3/6 3705/3/6 3734/3/6
f 3733/1/6 3704/1/6 3734/1/6
f 3705/3/6 3692/3/6 3735/3/6
f 3734/3/6 3705/3/6 3735/3/6
f 3736/5/6 3737/5/6 3740/5/6
f 3738/5/6 3739/5/6 3741/5/6
f 3736/5/6 3740/5/6 3742/5/6
f 3740/5/6 3741/5/6 3742/5/6
f 3741/5/6 3739/5/6 3743/5/6
f 3742/5/6 3741/5/6 3743/5/6
f 3744/5/6 3745/5/6 3746/5/6
f 3746/5/6 3745/5/6 3747/5/6
f 3749/5/6 3750/5/6 3753/5/6
f 3751/5/6 3752/5/6 3753/5/6
f 3750/5/6 3751/5/6 3753/5/6
f 3753/5/6 3752/5/6 3754/5/6
f 3754/5/6 3752/5/6 3755/5/6
f 3746/5/6 3747/5/6 3756/5/6
f 3747/5/6 3748/5/6 3756/5/6
f 3756/5/6 3748/5/6 3757/5/6
f 3754/5/6 3755/5/6 3758/5/6
f 3758/5/6 3755/5/6 3759/5/6
f 3760/3/6 3761/3/6 3766/3/6
f 3766/3/6 3761/3/6 3767/3/6
f 3762/3/6 3763/3/6 3768/3/6
f 3763/1/6 3764/1/6 3769/1/6
f 3768/3/6 3763/3/6 3769/3/6
f 3764/3/6 3765/3/6 3770/3/6
f 3769/1/6 3764/1/6 3770/1/6
f 3770/3/6 3765/3/6 3771/3/6
f 3760/3/6 3766/3/6 3772/3/6
f 3766/1/6 3767/1/6 3772/1/6
f 3772/1/6 3767/1/6 3773/1/6
f 3767/3/6 3761/3/6 3774/3/6
f 3773/1/6 3767/1/6 3774/1/6
f 3774/3/6 3761/3/6 3775/3/6
f 3772/3/6 3773/3/6 3776/3/6
f 3760/3/6 3772/3/6 3776/3/6
f 3776/3/6 3773/3/6 3777/3/6
f 3774/1/6 3775/1/6 3778/1/6
f 3777/3/6 3773/3/6 3778/3/6
f 3773/1/6 3774/1/6 3778/1/6
f 3778/1/6 3775/1/6 3779/1/6
f 3775/3/6 3761/3/6 3780/3/6
f 3779/1/6 3775/1/6 3780/1/6
f 3780/3/6 3761/3/6 3781/3/6
f 3768/1/6 3769/1/6 3782/1/6
f 3778/3/6 3779/3/6 3787/3/6
f 3776/1/6 3777/1/6 3787/1/6
f 3777/3/6 3778/3/6 3787/3/6
f 3779/1/6 3780/1/6 3788/1/6
f 3787/3/6 3779/3/6 3788/3/6
f 3780/1/6 3781/1/6 3788/1/6
f 3788/1/6 3781/1/6 3789/1/6
f 3789/1/6 3781/1/6 3790/1/6
f 3790/1/6 3781/1/6 3791/1/6
f 3781/3/6 3761/3/6 3792/3/6
f 3791/1/6 3781/1/6 3792/1/6
f 3792/3/6 3761/3/6 3793/3/6
f 3793/3/6 3761/3/6 3794/3/6
f 3762/3/6 3768/3/6 3795/3/6
f 3768/1/6 3782/1/6 3796/1/6
f 3782/3/6 3783/3/6 3796/3/6
f 3796/3/6 3783/3/6 3797/3/6
f 3776/1/6 3787/1/6 3798/1/6
f 3787/1/6 3788/1/6 3798/1/6
f 3788/1/6 3789/1/6 3798/1/6
f 3789/3/6 3790/3/6 3799/3/6
f 3798/1/6 3789/1/6 3799/1/6
f 3790/1/6 3791/1/6 3800/1/6
f 3799/3/6 3790/3/6 3800/3/6
f 3791/3/6 3792/3/6 3801/3/6
f 3800/1/6 3791/1/6 3801/1/6
f 3792/1/6 3793/1/6 3802/1/6
f 3801/3/6 3792/3/6 3802/3/6
f 3802/1/6 3793/1/6 3803/1/6
f 3793/3/6 3794/3/6 3804/3/6
f 3803/1/6 3793/1/6 3804/1/6
f 3794/3/6 3795/3/6 3804/3/6
f 3804/3/6 3795/3/6 3805/3/6
f 3805/3/6 3795/3/6 3806/3/6
f 3806/3/6 3795/3/6 3807/3/6
f 3795/3/6 3768/3/6 3808/3/6
f 3807/3/6 3795/3/6 3808/3/6
f 3796/1/6 3797/1/6 3809/1/6
f 3808/3/6 3768/3/6 3809/3/6
f 3768/1/6 3796/1/6 3809/1/6
f 3797/3/6 3783/3/6 3810/3/6
f 3809/1/6 3797/1/6 3810/1/6
f 3810/3/6 3783/3/6 3811/3/6
f 3784/3/6 3785/3/6 3812/3/6
f 3785/1/6 3786/1/6 3813/1/6
f 3812/3/6 3785/3/6 3813/3/6
f 3813/1/6 3786/1/6 3814/1/6
f 3798/3/6 3799/3/6 3815/3/6
f 3802/1/6 3803/1/6 3815/1/6
f 3801/1/6 3802/1/6 3815/1/6
f 3799/1/6 3800/1/6 3815/1/6
f 3800/1/6 3801/1/6 3815/1/6
f 3803/3/6 3804/3/6 3816/3/6
f 3815/1/6 3803/1/6 3816/1/6
f 3804/1/6 3805/1/6 3817/1/6
f 3816/3/6 3804/3/6 3817/3/6
f 3805/3/6 3806/3/6 3818/3/6
f 3817/1/6 3805/1/6 3818/1/6
f 3806/1/6 3807/1/6 3819/1/6
f 3818/3/6 3806/3/6 3819/3/6
f 3807/3/6 3808/3/6 3820/3/6
f 3819/1/6 3807/1/6 3820/1/6
f 3808/1/6 3809/1/6 3821/1/6
f 3820/3/6 3808/3/6 3821/3/6
f 3810/1/6 3811/1/6 3821/1/6
f 3809/1/6 3810/1/6 3821/1/6
f 3811/3/6 3783/3/6 3822/3/6
f 3784/3/6 3812/3/6 3823/3/6
f 3813/1/6 3814/1/6 3824/1/6
f 3812/1/6 3813/1/6 3824/1/6
f 3824/1/6 3814/1/6 3825/1/6
f 3817/1/6 3818/1/6 3826/1/6
f 3819/1/6 3820/1/6 3826/1/6
f 3818/1/6 3819/1/6 3826/1/6
f 3816/1/6 3817/1/6 3826/1/6
f 3815/3/6 3816/3/6 3826/3/6
f 3820/1/6 3821/1/6 3826/1/6
f 3826/1/6 3821/1/6 3827/1/6
f 3827/1/6 3821/1/6 3828/1/6
f 3821/1/6 3811/1/6 3829/1/6
f 3828/1/6 3821/1/6 3829/1/6
f 3822/3/6 3823/3/6 3830/3/6
f 3823/3/6 3812/3/6 3830/3/6
f 3812/1/6 3824/1/6 3831/1/6
f 3830/3/6 3812/3/6 3831/3/6
f 3824/3/6 3825/3/6 3832/3/6
f 3831/1/6 3824/1/6 3832/1/6
f 3827/1/6 3828/1/6 3833/1/6
f 3826/3/6 3827/3/6 3833/3/6
f 3833/1/6 3828/1/6 3834/1/6
f 3811/3/6 3822/3/6 3835/3/6
f 3829/1/6 3811/1/6 3835/1/6
f 3822/3/6 3830/3/6 3835/3/6
f 3835/3/6 3830/3/6 3836/3/6
f 3833/3/6 3834/3/6 3837/3/6
f 3826/3/6 3833/3/6 3837/3/6
f 3834/1/6 3828/1/6 3838/1/6
f 3837/3/6 3834/3/6 3838/3/6
f 3838/1/6 3828/1/6 3839/1/6
f 3839/1/6 3828/1/6 3840/1/6
f 3828/3/6 3829/3/6 3841/3/6
f 3840/1/6 3828/1/6 3841/1/6
f 3841/3/6 3829/3/6 3842/3/6
f 3835/1/6 3836/1/6 3843/1/6
f 3842/3/6 3829/3/6 3843/3/6
f 3829/1/6 3835/1/6 3843/1/6
f 3843/1/6 3836/1/6 3844/1/6
f 3836/3/6 3830/3/6 3845/3/6
f 3830/1/6 3831/1/6 3846/1/6
f 3845/3/6 3830/3/6 3846/3/6
f 3831/3/6 3832/3/6 3847/3/6
f 3846/1/6 3831/1/6 3847/1/6
f 3760/3/6 3776/3/6 3848/3/6
f 3776/1/6 3798/1/6 3848/1/6
f 3826/3/6 3837/3/6 3849/3/6
f 3848/1/6 3798/1/6 3849/1/6
f 3798/3/6 3815/3/6 3849/3/6
f 3815/3/6 3826/3/6 3849/3/6
f 3849/3/6 3837/3/6 3850/3/6
f 3837/1/6 3838/1/6 3851/1/6
f 3850/3/6 3837/3/6 3851/3/6
f 3838/1/6 3839/1/6 3851/1/6
f 3851/1/6 3839/1/6 3852/1/6
f 3839/3/6 3840/3/6 3853/3/6
f 3852/1/6 3839/1/6 3853/1/6
f 3841/1/6 3842/1/6 3854/1/6
f 3853/3/6 3840/3/6 3854/3/6
f 3840/1/6 3841/1/6 3854/1/6
f 3854/1/6 3842/1/6 3855/1/6
f 3843/3/6 3844/3/6 3856/3/6
f 3855/1/6 3842/1/6 3856/1/6
f 3842/3/6 3843/3/6 3856/3/6
f 3856/3/6 3844/3/6 3857/3/6
f 3844/1/6 3836/1/6 3858/1/6
f 3836/3/6 3845/3/6 3858/3/6
f 3845/1/6 3846/1/6 3859/1/6
f 3858/3/6 3845/3/6 3859/3/6
f 3846/3/6 3847/3/6 3860/3/6
f 3859/1/6 3846/1/6 3860/1/6
f 3849/3/6 3850/3/6 3861/3/6
f 3848/3/6 3849/3/6 3861/3/6
f 3851/1/6 3852/1/6 3862/1/6
f 3861/3/6 3850/3/6 3862/3/6
f 3850/1/6 3851/1/6 3862/1/6
f 3862/1/6 3852/1/6 3863/1/6
f 3852/3/6 3853/3/6 3864/3/6
f 3863/1/6 3852/1/6 3864/1/6
f 3854/3/6 3855/3/6 3864/3/6
f 3853/3/6 3854/3/6 3864/3/6
f 3864/3/6 3855/3/6 3865/3/6
f 3856/1/6 3857/1/6 3866/1/6
f 3865/3/6 3855/3/6 3866/3/6
f 3855/1/6 3856/1/6 3866/1/6
f 3866/1/6 3857/1/6 3867/1/6
f 3857/3/6 3844/3/6 3868/3/6
f 3867/1/6 3857/1/6 3868/1/6
f 3858/1/6 3859/1/6 3869/1/6
f 3868/3/6 3844/3/6 3869/3/6
f 3844/1/6 3858/1/6 3869/1/6
f 3869/1/6 3859/1/6 3870/1/6
f 3848/3/6 3861/3/6 3871/3/6
f 3862/1/6 3863/1/6 3872/1/6
f 3871/3/6 3861/3/6 3872/3/6
f 3861/1/6 3862/1/6 3872/1/6
f 3872/1/6 3863/1/6 3873/1/6
f 3873/1/6 3863/1/6 3874/1/6
f 3864/3/6 3865/3/6 3875/3/6
f 3874/1/6 3863/1/6 3875/1/6
f 3863/3/6 3864/3/6 3875/3/6
f 3865/1/6 3866/1/6 3876/1/6
f 3875/3/6 3865/3/6 3876/3/6
f 3866/3/6 3867/3/6 3877/3/6
f 3876/1/6 3866/1/6 3877/1/6
f 3867/1/6 3868/1/6 3878/1/6
f 3877/3/6 3867/3/6 3878/3/6
f 3868/1/6 3869/1/6 3878/1/6
f 3878/1/6 3869/1/6 3879/1/6
f 3869/3/6 3870/3/6 3880/3/6
f 3879/1/6 3869/1/6 3880/1/6
f 3870/1/6 3859/1/6 3881/1/6
f 3880/3/6 3870/3/6 3881/3/6
f 3760/3/6 3848/3/6 3882/3/6
f 3848/3/6 3871/3/6 3882/3/6
f 3872/1/6 3873/1/6 3883/1/6
f 3882/3/6 3871/3/6 3883/3/6
f 3871/1/6 3872/1/6 3883/1/6
f 3883/1/6 3873/1/6 3884/1/6
f 3873/3/6 3874/3/6 3885/3/6
f 3884/1/6 3873/1/6 3885/1/6
f 3875/1/6 3876/1/6 3886/1/6
f 3885/3/6 3874/3/6 3886/3/6
f 3874/1/6 3875/1/6 3886/1/6
f 3886/1/6 3876/1/6 3887/1/6
f 3876/3/6 3877/3/6 3888/3/6
f 3887/1/6 3876/1/6 3888/1/6
f 3878/3/6 3879/3/6 3888/3/6
f 3877/3/6 3878/3/6 3888/3/6
f 3879/1/6 3880/1/6 3889/1/6
f 3888/3/6 3879/3/6 3889/3/6
f 3880/1/6 3881/1/6 3889/1/6
f 3889/1/6 3881/1/6 3890/1/6
f 3881/1/6 3859/1/6 3891/1/6
f 3890/1/6 3881/1/6 3891/1/6
f 3891/1/6 3859/1/6 3892/1/6
f 3886/1/6 3887/1/6 3893/1/6
f 3885/1/6 3886/1/6 3893/1/6
f 3889/3/6 3890/3/6 3894/3/6
f 3893/1/6 3887/1/6 3894/1/6
f 3887/3/6 3888/3/6 3894/3/6
f 3888/3/6 3889/3/6 3894/3/6
f 3894/3/6 3890/3/6 3895/3/6
f 3891/3/6 3892/3/6 3896/3/6
f 3890/1/6 3891/1/6 3896/1/6
f 3892/1/6 3859/1/6 3897/1/6
f 3896/3/6 3892/3/6 3897/3/6
f 3897/1/6 3859/1/6 3898/1/6
f 3894/1/6 3895/1/6 3899/1/6
f 3893/3/6 3894/3/6 3899/3/6
f 3899/1/6 3895/1/6 3900/1/6
f 3895/3/6 3890/3/6 3901/3/6
f 3900/1/6 3895/1/6 3901/1/6
f 3901/3/6 3890/3/6 3902/3/6
f 3902/3/6 3890/3/6 3903/3/6
f 3890/1/6 3896/1/6 3904/1/6
f 3903/3/6 3890/3/6 3904/3/6
f 3896/1/6 3897/1/6 3904/1/6
f 3899/3/6 3900/3/6 3905/3/6
f 3893/3/6 3899/3/6 3905/3/6
f 3901/1/6 3902/1/6 3906/1/6
f 3905/3/6 3900/3/6 3906/3/6
f 3900/1/6 3901/1/6 3906/1/6
f 3906/1/6 3902/1/6 3907/1/6
f 3902/3/6 3903/3/6 3908/3/6
f 3907/1/6 3902/1/6 3908/1/6
f 3908/3/6 3903/3/6 3909/3/6
f 3909/3/6 3903/3/6 3910/3/6
f 3910/3/6 3903/3/6 3911/3/6
f 3904/1/6 3897/1/6 3912/1/6
f 3903/1/6 3904/1/6 3912/1/6
f 3897/3/6 3898/3/6 3913/3/6
f 3912/1/6 3897/1/6 3913/1/6
f 3898/1/6 3859/1/6 3914/1/6
f 3913/3/6 3898/3/6 3914/3/6
f 3859/3/6 3860/3/6 3915/3/6
f 3914/1/6 3859/1/6 3915/1/6
f 3860/3/6 3847/3/6 3916/3/6
f 3915/3/6 3860/3/6 3916/3/6
f 3847/3/6 3832/3/6 3917/3/6
f 3916/3/6 3847/3/6 3917/3/6
f 3832/3/6 3825/3/6 3918/3/6
f 3917/3/6 3832/3/6 3918/3/6
f 3910/1/6 3911/1/6 3919/1/6
f 3911/3/6 3903/3/6 3920/3/6
f 3919/1/6 3911/1/6 3920/1/6
f 3903/1/6 3912/1/6 3921/1/6
f 3920/3/6 3903/3/6 3921/3/6
f 3921/1/6 3912/1/6 3922/1/6
f 3912/3/6 3913/3/6 3923/3/6
f 3922/1/6 3912/1/6 3923/1/6
f 3915/1/6 3916/1/6 3924/1/6
f 3923/3/6 3913/3/6 3924/3/6
f 3914/1/6 3915/1/6 3924/1/6
f 3913/1/6 3914/1/6 3924/1/6
f 3924/1/6 3916/1/6 3925/1/6
f 3916/3/6 3917/3/6 3926/3/6
f 3917/1/6 3918/1/6 3926/1/6
f 3926/1/6 3918/1/6 3927/1/6
f 3920/1/6 3921/1/6 3928/1/6
f 3921/1/6 3922/1/6 3928/1/6
f 3919/3/6 3920/3/6 3928/3/6
f 3928/1/6 3922/1/6 3929/1/6
f 3929/1/6 3922/1/6 3930/1/6
f 3922/3/6 3923/3/6 3931/3/6
f 3930/1/6 3922/1/6 3931/1/6
f 3924/3/6 3925/3/6 3931/3/6
f 3923/3/6 3924/3/6 3931/3/6
f 3925/1/6 3916/1/6 3932/1/6
f 3931/3/6 3925/3/6 3932/3/6
f 3930/3/6 3931/3/6 3932/3/6
f 3932/1/6 3916/1/6 3933/1/6
f 3926/3/6 3927/3/6 3934/3/6
f 3933/1/6 3916/1/6 3934/1/6
f 3916/3/6 3926/3/6 3934/3/6
f 3934/3/6 3927/3/6 3935/3/6
f 3928/3/6 3929/3/6 3936/3/6
f 3929/1/6 3930/1/6 3937/1/6
f 3936/3/6 3929/3/6 3937/3/6
f 3937/1/6 3930/1/6 3938/1/6
f 3932/3/6 3933/3/6 3939/3/6
f 3938/1/6 3930/1/6 3939/1/6
f 3930/3/6 3932/3/6 3939/3/6
f 3933/1/6 3934/1/6 3940/1/6
f 3939/3/6 3933/3/6 3940/3/6
f 3934/1/6 3935/1/6 3940/1/6
f 3940/1/6 3935/1/6 3941/1/6
f 3935/3/6 3927/3/6 3942/3/6
f 3941/1/6 3935/1/6 3942/1/6
f 3942/3/6 3927/3/6 3943/3/6
f 3928/3/6 3936/3/6 3944/3/6
f 3937/1/6 3938/1/6 3944/1/6
f 3936/1/6 3937/1/6 3944/1/6
f 3940/3/6 3941/3/6 3945/3/6
f 3944/1/6 3938/1/6 3945/1/6
f 3938/3/6 3939/3/6 3945/3/6
f 3939/3/6 3940/3/6 3945/3/6
f 3942/1/6 3943/1/6 3946/1/6
f 3945/3/6 3941/3/6 3946/3/6
f 3941/1/6 3942/1/6 3946/1/6
f 3946/1/6 3943/1/6 3947/1/6
f 3943/3/6 3927/3/6 3948/3/6
f 3947/1/6 3943/1/6 3948/1/6
f 3948/3/6 3927/3/6 3949/3/6
f 3919/3/6 3928/3/6 3950/3/6
f 3946/3/6 3947/3/6 3950/3/6
f 3944/3/6 3945/3/6 3950/3/6
f 3928/3/6 3944/3/6 3950/3/6
f 3945/3/6 3946/3/6 3950/3/6
f 3948/1/6 3949/1/6 3951/1/6
f 3950/3/6 3947/3/6 3951/3/6
f 3947/1/6 3948/1/6 3951/1/6
f 3951/1/6 3949/1/6 3952/1/6
f 3953/5/6 3954/5/6 3955/5/6
f 3953/5/6 3955/5/6 3956/5/6
f 3956/5/6 3955/5/6 3957/5/6
f 3958/5/6 3959/5/6 3960/5/6
f 3960/5/6 3959/5/6 3961/5/6
f 3962/5/6 3963/5/6 3964/5/6
f 3964/5/6 3963/5/6 3965/5/6
f 3966/5/6 3967/5/6 3968/5/6
f 3966/5/6 3968/5/6 3969/5/6
f 3969/5/6 3968/5/6 3970/5/6
f 3971/5/6 3972/5/6 3973/5/6
f 3971/5/6 3973/5/6 3975/5/6
f 3973/5/6 3974/5/6 3975/5/6
f 3975/5/6 3974/5/6 3976/5/6
f 3979/3/6 3980/3/6 3981/3/6
f 3981/3/6 3980/3/6 3982/3/6
f 3978/1/6 3979/1/6 3983/1/6
f 3979/3/6 3981/3/6 3983/3/6
f 3983/3/6 3981/3/6 3984/3/6
f 3984/3/6 3981/3/6 3985/3/6
f 3984/3/6 3985/3/6 3987/3/6
f 3985/3/6 3986/3/6 3987/3/6
f 3987/3/6 3986/3/6 3988/3/6
f 3977/3/6 3978/3/6 3989/3/6
f 3978/1/6 3983/1/6 3989/1/6
f 3983/1/6 3984/1/6 3989/1/6
f 3989/1/6 3984/1/6 3990/1/6
f 3977/3/6 3989/3/6 3991/3/6
f 3989/3/6 3990/3/6 3991/3/6
f 3990/1/6 3984/1/6 3992/1/6
f 3991/3/6 3990/3/6 3992/3/6
f 3977/3/6 3991/3/6 3994/3/6
f 3992/1/6 3984/1/6 3995/1/6
f 3991/1/6 3992/1/6 3995/1/6
f 3984/3/6 3987/3/6 3996/3/6
f 3995/1/6 3984/1/6 3996/1/6
f 3991/1/6 3995/1/6 3997/1/6
f 3995/3/6 3996/3/6 3997/3/6
f 3996/3/6 3987/3/6 3998/3/6
f 3997/3/6 3996/3/6 3998/3/6
f 3998/3/6 3987/3/6 3999/3/6
f 3993/3/6 3994/3/6 4002/3/6
f 3994/3/6 3991/3/6 4002/3/6
f 3991/1/6 3997/1/6 4003/1/6
f 4002/3/6 3991/3/6 4003/3/6
f 3997/1/6 3998/1/6 4003/1/6
f 3998/3/6 3999/3/6 4004/3/6
f 4003/1/6 3998/1/6 4004/1/6
f 3999/1/6 4000/1/6 4005/1/6
f 4004/3/6 3999/3/6 4005/3/6
f 4000/3/6 4001/3/6 4006/3/6
f 4005/1/6 4000/1/6 4006/1/6
f 4006/3/6 4001/3/6 4007/3/6
f 3993/3/6 4002/3/6 4008/3/6
f 4008/3/6 4002/3/6 4009/3/6
f 4004/1/6 4005/1/6 4010/1/6
f 4003/1/6 4004/1/6 4010/1/6
f 4002/1/6 4003/1/6 4010/1/6
f 4005/1/6 4006/1/6 4010/1/6
f 4006/1/6 4007/1/6 4010/1/6
f 4010/1/6 4007/1/6 4011/1/6
f 4009/3/6 4002/3/6 4012/3/6
f 4008/1/6 4009/1/6 4012/1/6
f 4012/3/6 4002/3/6 4013/3/6
f 4013/3/6 4002/3/6 4014/3/6
f 4002/1/6 4010/1/6 4015/1/6
f 4014/3/6 4002/3/6 4015/3/6
f 4015/1/6 4010/1/6 4016/1/6
f 4010/3/6 4011/3/6 4017/3/6
f 4016/1/6 4010/1/6 4017/1/6
f 4011/1/6 4007/1/6 4018/1/6
f 4017/3/6 4011/3/6 4018/3/6
f 4007/3/6 4001/3/6 4019/3/6
f 4018/1/6 4007/1/6 4019/1/6
f 4008/1/6 4012/1/6 4020/1/6
f 4012/1/6 4013/1/6 4020/1/6
f 4020/1/6 4013/1/6 4021/1/6
f 4013/3/6 4014/3/6 4022/3/6
f 4021/1/6 4013/1/6 4022/1/6
f 4015/1/6 4016/1/6 4023/1/6
f 4022/3/6 4014/3/6 4023/3/6
f 4014/1/6 4015/1/6 4023/1/6
f 4023/1/6 4016/1/6 4024/1/6
f 4017/3/6 4018/3/6 4025/3/6
f 4024/1/6 4016/1/6 4025/1/6
f 4016/3/6 4017/3/6 4025/3/6
f 4018/3/6 4019/3/6 4025/3/6
f 4025/3/6 4019/3/6 4026/3/6
f 4026/3/6 4019/3/6 4027/3/6
f 4023/1/6 4024/1/6 4028/1/6
f 4022/1/6 4023/1/6 4028/1/6
f 4021/1/6 4022/1/6 4028/1/6
f 4020/3/6 4021/3/6 4028/3/6
f 4028/1/6 4024/1/6 4029/1/6
f 4028/3/6 4029/3/6 4030/3/6
f 4029/1/6 4024/1/6 4030/1/6
f 4030/1/6 4024/1/6 4031/1/6
f 4031/1/6 4024/1/6 4032/1/6
f 4025/3/6 4026/3/6 4033/3/6
f 4032/1/6 4024/1/6 4033/1/6
f 4024/3/6 4025/3/6 4033/3/6
f 4027/3/6 4019/3/6 4034/3/6
f 4019/3/6 4001/3/6 4035/3/6
f 4034/3/6 4019/3/6 4035/3/6
f 4030/3/6 4031/3/6 4036/3/6
f 4028/3/6 4030/3/6 4036/3/6
f 4031/1/6 4032/1/6 4037/1/6
f 4036/3/6 4031/3/6 4037/3/6
f 4028/3/6 4036/3/6 4038/3/6
f 4020/3/6 4028/3/6 4038/3/6
f 4036/1/6 4037/1/6 4039/1/6
f 4038/3/6 4036/3/6 4039/3/6
f 4037/1/6 4032/1/6 4040/1/6
f 4039/1/6 4037/1/6 4040/1/6
f 4040/1/6 4032/1/6 4041/1/6
f 4032/3/6 4033/3/6 4042/3/6
f 4041/1/6 4032/1/6 4042/1/6
f 4033/3/6 4026/3/6 4043/3/6
f 4042/3/6 4033/3/6 4043/3/6
f 4043/3/6 4026/3/6 4044/3/6
f 4041/1/6 4042/1/6 4046/1/6
f 4044/3/6 4045/3/6 4046/3/6
f 4043/3/6 4044/3/6 4046/3/6
f 4042/1/6 4043/1/6 4046/1/6
f 4046/3/6 4045/3/6 4047/3/6
f 4039/1/6 4040/1/6 4048/1/6
f 4038/1/6 4039/1/6 4048/1/6
f 4048/1/6 4040/1/6 4049/1/6
f 4046/1/6 4047/1/6 4050/1/6
f 4040/3/6 4041/3/6 4050/3/6
f 4041/1/6 4046/1/6 4050/1/6
f 4050/1/6 4047/1/6 4051/1/6
f 4020/3/6 4038/3/6 4052/3/6
f 4038/1/6 4048/1/6 4052/1/6
f 4048/3/6 4049/3/6 4053/3/6
f 4052/1/6 4048/1/6 4053/1/6
f 4049/1/6 4040/1/6 4054/1/6
f 4053/3/6 4049/3/6 4054/3/6
f 4047/3/6 4045/3/6 4055/3/6
f 4055/3/6 4045/3/6 4056/3/6
f 4052/3/6 4053/3/6 4057/3/6
f 4020/3/6 4052/3/6 4057/3/6
f 4053/1/6 4054/1/6 4058/1/6
f 4057/3/6 4053/3/6 4058/3/6
f 4054/1/6 4040/1/6 4059/1/6
f 4058/1/6 4054/1/6 4059/1/6
f 4050/3/6 4051/3/6 4059/3/6
f 4040/3/6 4050/3/6 4059/3/6
f 4051/1/6 4047/1/6 4060/1/6
f 4047/3/6 4055/3/6 4060/3/6
f 4060/3/6 4055/3/6 4061/3/6
f 4020/3/6 4057/3/6 4064/3/6
f 4057/1/6 4058/1/6 4065/1/6
f 4064/3/6 4057/3/6 4065/3/6
f 4059/3/6 4051/3/6 4066/3/6
f 4058/3/6 4059/3/6 4066/3/6
f 4051/1/6 4060/1/6 4066/1/6
f 4060/1/6 4061/1/6 4066/1/6
f 4066/1/6 4061/1/6 4067/1/6
f 4061/3/6 4055/3/6 4068/3/6
f 4062/3/6 4063/3/6 4069/3/6
f 4065/1/6 4058/1/6 4070/1/6
f 4064/1/6 4065/1/6 4070/1/6
f 4058/3/6 4066/3/6 4071/3/6
f 4070/1/6 4058/1/6 4071/1/6
f 4066/3/6 4067/3/6 4071/3/6
f 4064/1/6 4070/1/6 4072/1/6
f 4070/3/6 4071/3/6 4073/3/6
f 4072/1/6 4070/1/6 4073/1/6
f 4067/1/6 4061/1/6 4074/1/6
f 4068/3/6 4069/3/6 4075/3/6
f 4074/1/6 4061/1/6 4075/1/6
f 4061/3/6 4068/3/6 4075/3/6
f 4072/3/6 4073/3/6 4076/3/6
f 4073/3/6 4071/3/6 4077/3/6
f 4076/3/6 4073/3/6 4077/3/6
f 4067/1/6 4074/1/6 4077/1/6
f 4071/3/6 4067/3/6 4077/3/6
f 4074/3/6 4075/3/6 4078/3/6
f 4077/1/6 4074/1/6 4078/1/6
f 4069/3/6 4063/3/6 4079/3/6
f 4078/3/6 4075/3/6 4079/3/6
f 4075/3/6 4069/3/6 4079/3/6
f 4080/5/6 4081/5/6 4082/5/6
f 4082/5/6 4081/5/6 4083/5/6
f 4084/5/6 4085/5/6 4086/5/6
f 4086/5/6 4085/5/6 4087/5/6
f 4087/5/6 4085/5/6 4088/5/6
f 4091/5/6 4092/5/6 4094/5/6
f 4092/1/6 4093/1/6 4094/1/6
f 4094/1/6 4093/1/6 4095/1/6
f 4091/5/6 4094/5/6 4096/5/6
f 4094/5/6 4095/5/6 4096/5/6
f 4096/5/6 4095/5/6 4097/5/6
f 4089/3/6 4090/3/6 4098/3/6
f 4099/1/6 4100/1/6 4102/1/6
f 4100/3/6 4101/3/6 4102/3/6
f 4102/3/6 4101/3/6 4103/3/6
f 4098/3/6 4099/3/6 4104/3/6
f 4099/1/6 4102/1/6 4105/1/6
f 4104/3/6 4099/3/6 4105/3/6
f 4102/1/6 4103/1/6 4105/1/6
f 4105/1/6 4103/1/6 4106/1/6
f 4106/1/6 4103/1/6 4107/1/6
f 4089/3/6 4098/3/6 4108/3/6
f 4098/3/6 4104/3/6 4108/3/6
f 4104/1/6 4105/1/6 4109/1/6
f 4108/3/6 4104/3/6 4109/3/6
f 4105/1/6 4106/1/6 4109/1/6
f 4109/1/6 4106/1/6 4110/1/6
f 4106/3/6 4107/3/6 4111/3/6
f 4110/1/6 4106/1/6 4111/1/6
f 4107/1/6 4103/1/6 4112/1/6
f 4103/3/6 4101/3/6 4112/3/6
f 4112/3/6 4101/3/6 4113/3/6
f 4089/3/6 4108/3/6 4116/3/6
f 4109/1/6 4110/1/6 4117/1/6
f 4116/3/6 4108/3/6 4117/3/6
f 4108/1/6 4109/1/6 4117/1/6
f 4110/3/6 4111/3/6 4118/3/6
f 4117/1/6 4110/1/6 4118/1/6
f 4111/3/6 4107/3/6 4119/3/6
f 4118/3/6 4111/3/6 4119/3/6
f 4113/1/6 4114/1/6 4119/1/6
f 4112/1/6 4113/1/6 4119/1/6
f 4107/1/6 4112/1/6 4119/1/6
f 4119/1/6 4114/1/6 4120/1/6
f 4120/1/6 4114/1/6 4121/1/6
f 4121/1/6 4114/1/6 4122/1/6
f 4114/3/6 4115/3/6 4123/3/6
f 4122/1/6 4114/1/6 4123/1/6
f 4123/3/6 4115/3/6 4124/3/6
f 4124/3/6 4115/3/6 4125/3/6
f 4117/1/6 4118/1/6 4126/1/6
f 4116/1/6 4117/1/6 4126/1/6
f 4118/1/6 4119/1/6 4126/1/6
f 4119/1/6 4120/1/6 4126/1/6
f 4126/1/6 4120/1/6 4127/1/6
f 4127/1/6 4120/1/6 4128/1/6
f 4120/3/6 4121/3/6 4129/3/6
f 4128/1/6 4120/1/6 4129/1/6
f 4121/1/6 4122/1/6 4130/1/6
f 4123/3/6 4124/3/6 4130/3/6
f 4122/3/6 4123/3/6 4130/3/6
f 4130/3/6 4124/3/6 4131/3/6
f 4131/3/6 4124/3/6 4132/3/6
f 4124/1/6 4125/1/6 4133/1/6
f 4132/3/6 4124/3/6 4133/3/6
f 4133/1/6 4125/1/6 4134/1/6
f 4125/3/6 4115/3/6 4135/3/6
f 4134/1/6 4125/1/6 4135/1/6
f 4126/3/6 4127/3/6 4136/3/6
f 4127/1/6 4128/1/6 4136/1/6
f 4128/3/6 4129/3/6 4137/3/6
f 4136/1/6 4128/1/6 4137/1/6
f 4137/3/6 4129/3/6 4138/3/6
f 4129/3/6 4121/3/6 4139/3/6
f 4138/3/6 4129/3/6 4139/3/6
f 4121/1/6 4130/1/6 4139/1/6
f 4130/1/6 4131/1/6 4139/1/6
f 4139/1/6 4131/1/6 4140/1/6
f 4131/3/6 4132/3/6 4141/3/6
f 4140/1/6 4131/1/6 4141/1/6
f 4133/1/6 4134/1/6 4142/1/6
f 4141/3/6 4132/3/6 4142/3/6
f 4132/1/6 4133/1/6 4142/1/6
f 4142/1/6 4134/1/6 4143/1/6
f 4134/3/6 4135/3/6 4144/3/6
f 4143/1/6 4134/1/6 4144/1/6
f 4137/1/6 4138/1/6 4145/1/6
f 4136/3/6 4137/3/6 4145/3/6
f 4145/1/6 4138/1/6 4146/1/6
f 4139/3/6 4140/3/6 4147/3/6
f 4146/1/6 4138/1/6 4147/1/6
f 4138/3/6 4139/3/6 4147/3/6
f 4147/3/6 4140/3/6 4148/3/6
f 4140/1/6 4141/1/6 4149/1/6
f 4148/3/6 4140/3/6 4149/3/6
f 4142/1/6 4143/1/6 4149/1/6
f 4141/1/6 4142/1/6 4149/1/6
f 4149/1/6 4143/1/6 4150/1/6
f 4143/3/6 4144/3/6 4151/3/6
f 4150/1/6 4143/1/6 4151/1/6
f 4144/3/6 4135/3/6 4152/3/6
f 4151/3/6 4144/3/6 4152/3/6
f 4147/1/6 4148/1/6 4153/1/6
f 4145/3/6 4146/3/6 4153/3/6
f 4146/1/6 4147/1/6 4153/1/6
f 4153/1/6 4148/1/6 4154/1/6
f 4148/3/6 4149/3/6 4155/3/6
f 4154/1/6 4148/1/6 4155/1/6
f 4149/3/6 4150/3/6 4155/3/6
f 4155/3/6 4150/3/6 4156/3/6
f 4151/1/6 4152/1/6 4157/1/6
f 4150/1/6 4151/1/6 4157/1/6
f 4157/1/6 4152/1/6 4158/1/6
f 4155/1/6 4156/1/6 4159/1/6
f 4153/3/6 4154/3/6 4159/3/6
f 4154/1/6 4155/1/6 4159/1/6
f 4156/3/6 4150/3/6 4160/3/6
f 4159/1/6 4156/1/6 4160/1/6
f 4150/1/6 4157/1/6 4161/1/6
f 4160/3/6 4150/3/6 4161/3/6
f 4157/3/6 4158/3/6 4162/3/6
f 4161/1/6 4157/1/6 4162/1/6
f 4158/1/6 4152/1/6 4163/1/6
f 4162/3/6 4158/3/6 4163/3/6
f 4153/3/6 4159/3/6 4164/3/6
f 4126/3/6 4136/3/6 4164/3/6
f 4145/3/6 4153/3/6 4164/3/6
f 4159/3/6 4160/3/6 4164/3/6
f 4136/3/6 4145/3/6 4164/3/6
f 4160/1/6 4161/1/6 4165/1/6
f 4164/3/6 4160/3/6 4165/3/6
f 4161/3/6 4162/3/6 4166/3/6
f 4165/1/6 4161/1/6 4166/1/6
f 4162/1/6 4163/1/6 4167/1/6
f 4166/3/6 4162/3/6 4167/3/6
f 4152/3/6 4135/3/6 4168/3/6
f 4167/1/6 4163/1/6 4168/1/6
f 4163/1/6 4152/1/6 4168/1/6
f 4135/3/6 4115/3/6 4169/3/6
f 4168/3/6 4135/3/6 4169/3/6
f 4170/5/6 4171/5/6 4172/5/6
f 4172/5/6 4171/5/6 4173/5/6
f 4174/5/6 4175/5/6 4176/5/6
f 4176/5/6 4175/5/6 4177/5/6
f 4174/5/6 4176/5/6 4178/5/6
f 4176/1/6 4177/1/6 4179/1/6
f 4178/5/6 4176/5/6 4179/5/6
f 4179/1/6 4177/1/6 4180/1/6
f 4181/5/6 4182/5/6 4183/5/6
f 4183/5/6 4182/5/6 4184/5/6
f 4185/5/6 4186/5/6 4187/5/6
f 4187/5/6 4186/5/6 4188/5/6
f 4189/5/6 4190/5/6 4191/5/6
f 4191/5/6 4190/5/6 4192/5/6
f 4195/3/6 4196/3/6 4197/3/6
f 4197/3/6 4196/3/6 4198/3/6
f 4198/3/6 4196/3/6 4199/3/6
f 4199/3/6 4196/3/6 4200/3/6
f 4200/3/6 4196/3/6 4201/3/6
f 4193/3/6 4194/3/6 4203/3/6
f 4195/3/6 4197/3/6 4206/3/6
f 4206/3/6 4197/3/6 4207/3/6
f 4199/1/6 4200/1/6 4209/1/6
f 4201/3/6 4202/3/6 4210/3/6
f 4200/3/6 4201/3/6 4210/3/6
f 4209/1/6 4200/1/6 4210/1/6
f 4204/1/6 4205/1/6 4211/1/6
f 4207/3/6 4208/3/6 4211/3/6
f 4205/3/6 4206/3/6 4211/3/6
f 4206/3/6 4207/3/6 4211/3/6
f 4211/3/6 4208/3/6 4212/3/6
f 4212/3/6 4208/3/6 4213/3/6
f 4208/1/6 4209/1/6 4214/1/6
f 4213/3/6 4208/3/6 4214/3/6
f 4203/3/6 4204/3/6 4215/3/6
f 4204/1/6 4211/1/6 4215/1/6
f 4211/1/6 4212/1/6 4215/1/6
f 4215/1/6 4212/1/6 4216/1/6
f 4212/3/6 4213/3/6 4217/3/6
f 4216/1/6 4212/1/6 4217/1/6
f 4217/3/6 4213/3/6 4218/3/6
f 4218/3/6 4213/3/6 4219/3/6
f 4213/1/6 4214/1/6 4220/1/6
f 4219/3/6 4213/3/6 4220/3/6
f 4214/1/6 4209/1/6 4221/1/6
f 4220/1/6 4214/1/6 4221/1/6
f 4219/1/6 4220/1/6 4221/1/6
f 4209/3/6 4210/3/6 4222/3/6
f 4221/1/6 4209/1/6 4222/1/6
f 4210/3/6 4202/3/6 4223/3/6
f 4222/3/6 4210/3/6 4223/3/6
f 4215/3/6 4216/3/6 4226/3/6
f 4193/3/6 4203/3/6 4226/3/6
f 4203/3/6 4215/3/6 4226/3/6
f 4226/3/6 4216/3/6 4227/3/6
f 4217/1/6 4218/1/6 4228/1/6
f 4227/3/6 4216/3/6 4228/3/6
f 4216/1/6 4217/1/6 4228/1/6
f 4228/1/6 4218/1/6 4229/1/6
f 4218/3/6 4219/3/6 4230/3/6
f 4229/1/6 4218/1/6 4230/1/6
f 4219/1/6 4221/1/6 4231/1/6
f 4230/3/6 4219/3/6 4231/3/6
f 4221/3/6 4222/3/6 4232/3/6
f 4223/3/6 4224/3/6 4232/3/6
f 4222/3/6 4223/3/6 4232/3/6
f 4224/1/6 4225/1/6 4233/1/6
f 4232/3/6 4224/3/6 4233/3/6
f 4233/1/6 4225/1/6 4234/1/6
f 4226/1/6 4227/1/6 4235/1/6
f 4228/3/6 4229/3/6 4235/3/6
f 4227/3/6 4228/3/6 4235/3/6
f 4235/3/6 4229/3/6 4236/3/6
f 4236/3/6 4229/3/6 4237/3/6
f 4229/1/6 4230/1/6 4238/1/6
f 4237/3/6 4229/3/6 4238/3/6
f 4230/1/6 4231/1/6 4238/1/6
f 4221/3/6 4232/3/6 4239/3/6
f 4238/1/6 4231/1/6 4239/1/6
f 4231/1/6 4221/1/6 4239/1/6
f 4239/3/6 4232/3/6 4240/3/6
f 4240/3/6 4232/3/6 4241/3/6
f 4232/1/6 4233/1/6 4242/1/6
f 4241/3/6 4232/3/6 4242/3/6
f 4233/3/6 4234/3/6 4243/3/6
f 4242/1/6 4233/1/6 4243/1/6
f 4226/1/6 4235/1/6 4244/1/6
f 4235/1/6 4236/1/6 4244/1/6
f 4244/1/6 4236/1/6 4245/1/6
f 4236/3/6 4237/3/6 4246/3/6
f 4245/1/6 4236/1/6 4246/1/6
f 4246/3/6 4237/3/6 4247/3/6
f 4237/1/6 4238/1/6 4248/1/6
f 4238/1/6 4239/1/6 4248/1/6
f 4239/1/6 4240/1/6 4248/1/6
f 4248/1/6 4240/1/6 4249/1/6
f 4240/3/6 4241/3/6 4250/3/6
f 4249/1/6 4240/1/6 4250/1/6
f 4241/1/6 4242/1/6 4251/1/6
f 4250/3/6 4241/3/6 4251/3/6
f 4242/3/6 4243/3/6 4252/3/6
f 4251/1/6 4242/1/6 4252/1/6
f 4244/3/6 4245/3/6 4253/3/6
f 4246/1/6 4247/1/6 4253/1/6
f 4245/1/6 4246/1/6 4253/1/6
f 4253/1/6 4247/1/6 4254/1/6
f 4247/3/6 4237/3/6 4255/3/6
f 4254/1/6 4247/1/6 4255/1/6
f 4237/1/6 4248/1/6 4256/1/6
f 4255/3/6 4237/3/6 4256/3/6
f 4250/1/6 4251/1/6 4257/1/6
f 4249/1/6 4250/1/6 4257/1/6
f 4257/1/6 4251/1/6 4258/1/6
f 4251/3/6 4252/3/6 4259/3/6
f 4258/1/6 4251/1/6 4259/1/6
f 4243/3/6 4234/3/6 4260/3/6
f 4259/3/6 4252/3/6 4260/3/6
f 4252/3/6 4243/3/6 4260/3/6
f 4256/1/6 4248/1/6 4261/1/6
f 4255/1/6 4256/1/6 4261/1/6
f 4254/1/6 4255/1/6 4261/1/6
f 4261/1/6 4248/1/6 4262/1/6
f 4248/3/6 4249/3/6 4263/3/6
f 4262/1/6 4248/1/6 4263/1/6
f 4249/1/6 4257/1/6 4264/1/6
f 4263/3/6 4249/3/6 4264/3/6
f 4258/1/6 4259/1/6 4265/1/6
f 4259/1/6 4260/1/6 4265/1/6
f 4257/3/6 4258/3/6 4265/3/6
f 4265/1/6 4260/1/6 4266/1/6
f 4253/3/6 4254/3/6 4267/3/6
f 4244/3/6 4253/3/6 4267/3/6
f 4254/1/6 4261/1/6 4268/1/6
f 4267/3/6 4254/3/6 4268/3/6
f 4261/3/6 4262/3/6 4269/3/6
f 4268/1/6 4261/1/6 4269/1/6
f 4262/1/6 4263/1/6 4270/1/6
f 4269/3/6 4262/3/6 4270/3/6
f 4263/1/6 4264/1/6 4270/1/6
f 4270/1/6 4264/1/6 4271/1/6
f 4264/1/6 4257/1/6 4272/1/6
f 4271/1/6 4264/1/6 4272/1/6
f 4257/3/6 4265/3/6 4272/3/6
f 4265/3/6 4266/3/6 4272/3/6
f 4266/1/6 4260/1/6 4273/1/6
f 4272/3/6 4266/3/6 4273/3/6
f 4273/1/6 4260/1/6 4274/1/6
f 4268/1/6 4269/1/6 4275/1/6
f 4269/1/6 4270/1/6 4275/1/6
f 4267/1/6 4268/1/6 4275/1/6
f 4275/1/6 4270/1/6 4276/1/6
f 4270/3/6 4271/3/6 4277/3/6
f 4276/1/6 4270/1/6 4277/1/6
f 4271/1/6 4272/1/6 4278/1/6
f 4277/3/6 4271/3/6 4278/3/6
f 4272/1/6 4273/1/6 4278/1/6
f 4278/1/6 4273/1/6 4279/1/6
f 4279/1/6 4273/1/6 4280/1/6
f 4273/3/6 4274/3/6 4281/3/6
f 4280/1/6 4273/1/6 4281/1/6
f 4274/1/6 4260/1/6 4282/1/6
f 4281/3/6 4274/3/6 4282/3/6
f 4282/1/6 4260/1/6 4283/1/6
f 4276/1/6 4277/1/6 4284/1/6
f 4275/3/6 4276/3/6 4284/3/6
f 4277/1/6 4278/1/6 4284/1/6
f 4278/3/6 4279/3/6 4285/3/6
f 4284/1/6 4278/1/6 4285/1/6
f 4279/1/6 4280/1/6 4286/1/6
f 4285/3/6 4279/3/6 4286/3/6
f 4286/1/6 4280/1/6 4287/1/6
f 4282/3/6 4283/3/6 4288/3/6
f 4287/1/6 4280/1/6 4288/1/6
f 4280/3/6 4281/3/6 4288/3/6
f 4281/3/6 4282/3/6 4288/3/6
f 4244/3/6 4267/3/6 4289/3/6
f 4267/1/6 4275/1/6 4290/1/6
f 4289/3/6 4267/3/6 4290/3/6
f 4290/1/6 4275/1/6 4291/1/6
f 4284/3/6 4285/3/6 4292/3/6
f 4291/1/6 4275/1/6 4292/1/6
f 4275/3/6 4284/3/6 4292/3/6
f 4286/1/6 4287/1/6 4293/1/6
f 4292/3/6 4285/3/6 4293/3/6
f 4285/1/6 4286/1/6 4293/1/6
f 4293/1/6 4287/1/6 4294/1/6
f 4287/3/6 4288/3/6 4295/3/6
f 4294/1/6 4287/1/6 4295/1/6
f 4288/3/6 4283/3/6 4296/3/6
f 4295/3/6 4288/3/6 4296/3/6
f 4290/1/6 4291/1/6 4297/1/6
f 4244/3/6 4289/3/6 4297/3/6
f 4289/1/6 4290/1/6 4297/1/6
f 4291/3/6 4292/3/6 4298/3/6
f 4297/1/6 4291/1/6 4298/1/6
f 4293/3/6 4294/3/6 4298/3/6
f 4292/3/6 4293/3/6 4298/3/6
f 4295/1/6 4296/1/6 4299/1/6
f 4294/1/6 4295/1/6 4299/1/6
f 4299/1/6 4296/1/6 4300/1/6
f 4296/3/6 4283/3/6 4301/3/6
f 4300/1/6 4296/1/6 4301/1/6
f 4301/3/6 4283/3/6 4302/3/6
f 4244/3/6 4297/3/6 4303/3/6
f 4297/3/6 4298/3/6 4303/3/6
f 4298/3/6 4294/3/6 4304/3/6
f 4303/3/6 4298/3/6 4304/3/6
f 4294/1/6 4299/1/6 4304/1/6
f 4299/3/6 4300/3/6 4305/3/6
f 4304/1/6 4299/1/6 4305/1/6
f 4301/1/6 4302/1/6 4306/1/6
f 4305/3/6 4300/3/6 4306/3/6
f 4300/1/6 4301/1/6 4306/1/6
f 4302/3/6 4283/3/6 4307/3/6
f 4306/1/6 4302/1/6 4307/1/6
f 4307/3/6 4283/3/6 4308/3/6
f 4309/5/6 4310/5/6 4312/5/6
f 4310/5/6 4311/5/6 4312/5/6
f 4309/5/6 4312/5/6 4314/5/6
f 4312/5/6 4313/5/6 4314/5/6
f 4314/5/6 4313/5/6 4315/5/6
f 4316/5/6 4317/5/6 4318/5/6
f 4318/5/6 4317/5/6 4319/5/6
f 4320/5/6 4321/5/6 4322/5/6
f 4322/5/6 4321/5/6 4323/5/6
f 4324/5/6 4325/5/6 4328/5/6
f 4326/5/6 4327/5/6 4329/5/6
f 4329/5/6 4327/5/6 4330/5/6
f 4324/5/6 4328/5/6 4331/5/6
f 4328/5/6 4329/5/6 4331/5/6
f 4329/5/6 4330/5/6 4331/5/6
f 4331/5/6 4330/5/6 4332/5/6
f 4333/5/6 4334/5/6 4335/5/6
f 4335/5/6 4334/5/6 4336/5/6
f 4333/5/6 4335/5/6 4337/5/6
f 4337/5/6 4335/5/6 4338/5/6
f 4339/5/6 4340/5/6 4343/5/6
f 4341/5/6 4342/5/6 4343/5/6
f 4340/5/6 4341/5/6 4343/5/6
f 4343/5/6 4342/5/6 4344/5/6
f 4339/5/6 4343/5/6 4345/5/6
f 4345/5/6 4343/5/6 4346/5/6
f 4344/5/6 4342/5/6 4347/5/6
f 4347/5/6 4342/5/6 4348/5/6
f 4339/5/6 4345/5/6 4349/5/6
f 4349/5/6 4345/5/6 4350/5/6
f 4351/3/6 4352/3/6 4357/3/6
f 4352/1/6 4353/1/6 4358/1/6
f 4357/3/6 4352/3/6 4358/3/6
f 4355/5/6 4356/5/6 4359/5/6
f 4359/5/6 4356/5/6 4360/5/6
f 4351/3/6 4357/3/6 4361/3/6
f 4361/3/6 4357/3/6 4362/3/6
f 4362/3/6 4357/3/6 4363/3/6
f 4363/3/6 4357/3/6 4364/3/6
f 4364/3/6 4357/3/6 4365/3/6
f 4357/1/6 4358/1/6 4366/1/6
f 4365/3/6 4357/3/6 4366/3/6
f 4358/1/6 4353/1/6 4367/1/6
f 4366/1/6 4358/1/6 4367/1/6
f 4353/3/6 4354/3/6 4368/3/6
f 4367/1/6 4353/1/6 4368/1/6
f 4361/1/6 4362/1/6 4369/1/6
f 4369/1/6 4362/1/6 4370/1/6
f 4362/3/6 4363/3/6 4371/3/6
f 4370/1/6 4362/1/6 4371/1/6
f 4363/1/6 4364/1/6 4372/1/6
f 4371/3/6 4363/3/6 4372/3/6
f 4364/3/6 4365/3/6 4373/3/6
f 4372/1/6 4364/1/6 4373/1/6
f 4366/1/6 4367/1/6 4374/1/6
f 4373/3/6 4365/3/6 4374/3/6
f 4365/1/6 4366/1/6 4374/1/6
f 4368/3/6 4354/3/6 4375/3/6
f 4367/3/6 4368/3/6 4375/3/6
f 4372/1/6 4373/1/6 4377/1/6
f 4371/1/6 4372/1/6 4377/1/6
f 4369/3/6 4370/3/6 4377/3/6
f 4373/1/6 4374/1/6 4377/1/6
f 4370/1/6 4371/1/6 4377/1/6
f 4377/1/6 4374/1/6 4378/1/6
f 4378/1/6 4374/1/6 4379/1/6
f 4379/1/6 4374/1/6 4380/1/6
f 4380/1/6 4374/1/6 4381/1/6
f 4375/3/6 4376/3/6 4382/3/6
f 4381/1/6 4374/1/6 4382/1/6
f 4367/3/6 4375/3/6 4382/3/6
f 4374/1/6 4367/1/6 4382/1/6
f 4369/3/6 4377/3/6 4383/3/6
f 4377/3/6 4378/3/6 4383/3/6
f 4378/1/6 4379/1/6 4384/1/6
f 4383/3/6 4378/3/6 4384/3/6
f 4384/1/6 4379/1/6 4385/1/6
f 4379/3/6 4380/3/6 4386/3/6
f 4385/1/6 4379/1/6 4386/1/6
f 4380/1/6 4381/1/6 4387/1/6
f 4386/3/6 4380/3/6 4387/3/6
f 4381/3/6 4382/3/6 4388/3/6
f 4387/1/6 4381/1/6 4388/1/6
f 4382/3/6 4376/3/6 4389/3/6
f 4388/3/6 4382/3/6 4389/3/6
f 4384/1/6 4385/1/6 4390/1/6
f 4383/1/6 4384/1/6 4390/1/6
f 4390/1/6 4385/1/6 4391/1/6
f 4369/3/6 4383/3/6 4392/3/6
f 4383/1/6 4390/1/6 4393/1/6
f 4392/3/6 4383/3/6 4393/3/6
f 4392/1/6 4393/1/6 4394/1/6
f 4393/1/6 4390/1/6 4394/1/6
f 4390/3/6 4391/3/6 4395/3/6
f 4394/1/6 4390/1/6 4395/1/6
f 4392/1/6 4394/1/6 4396/1/6
f 4394/3/6 4395/3/6 4397/3/6
f 4396/1/6 4394/1/6 4397/1/6
f 4395/3/6 4391/3/6 4398/3/6
f 4397/3/6 4395/3/6 4398/3/6
f 4396/3/6 4397/3/6 4398/3/6
f 4396/3/6 4398/3/6 4400/3/6
f 4398/3/6 4399/3/6 4400/3/6
f 4400/3/6 4399/3/6 4401/3/6
f 4402/3/6 4403/3/6 4406/3/6
f 4406/3/6 4403/3/6 4407/3/6
f 4404/5/6 4405/5/6 4408/5/6
f 4408/5/6 4405/5/6 4409/5/6
f 4402/3/6 4406/3/6 4410/3/6
f 4410/3/6 4406/3/6 4411/3/6
f 4402/3/6 4410/3/6 4412/3/6
f 4412/3/6 4410/3/6 4413/3/6
f 4402/3/6 4412/3/6 4414/3/6
f 4412/1/6 4413/1/6 4415/1/6
f 4414/3/6 4412/3/6 4415/3/6
f 4411/3/6 4406/3/6 4416/3/6
f 4413/3/6 4410/3/6 4418/3/6
f 4410/1/6 4411/1/6 4419/1/6
f 4418/3/6 4410/3/6 4419/3/6
f 4416/3/6 4417/3/6 4420/3/6
f 4419/1/6 4411/1/6 4420/1/6
f 4411/3/6 4416/3/6 4420/3/6
f 4420/3/6 4417/3/6 4421/3/6
f 4414/1/6 4415/1/6 4422/1/6
f 4415/1/6 4413/1/6 4423/1/6
f 4422/1/6 4415/1/6 4423/1/6
f 4413/3/6 4418/3/6 4424/3/6
f 4418/1/6 4419/1/6 4425/1/6
f 4424/3/6 4418/3/6 4425/3/6
f 4419/3/6 4420/3/6 4426/3/6
f 4425/1/6 4419/1/6 4426/1/6
f 4423/1/6 4413/1/6 4427/1/6
f 4413/3/6 4424/3/6 4427/3/6
f 4427/3/6 4424/3/6 4428/3/6
f 4427/1/6 4428/1/6 4429/1/6
f 4428/3/6 4424/3/6 4429/3/6
f 4424/1/6 4425/1/6 4430/1/6
f 4429/3/6 4424/3/6 4430/3/6
f 4425/3/6 4426/3/6 4431/3/6
f 4430/1/6 4425/1/6 4431/1/6
f 4429/1/6 4430/1/6 4432/1/6
f 4427/1/6 4429/1/6 4432/1/6
f 4422/3/6 4423/3/6 4432/3/6
f 4423/1/6 4427/1/6 4432/1/6
f 4432/1/6 4430/1/6 4433/1/6
f 4433/1/6 4430/1/6 4434/1/6
f 4430/3/6 4431/3/6 4435/3/6
f 4434/1/6 4430/1/6 4435/1/6
f 4433/1/6 4434/1/6 4436/1/6
f 4434/3/6 4435/3/6 4436/3/6
f 4435/3/6 4431/3/6 4437/3/6
f 4436/3/6 4435/3/6 4437/3/6
f 4422/3/6 4432/3/6 4438/3/6
f 4432/3/6 4433/3/6 4438/3/6
f 4433/1/6 4436/1/6 4439/1/6
f 4438/3/6 4433/3/6 4439/3/6
f 4436/1/6 4437/1/6 4439/1/6
f 4439/1/6 4437/1/6 4440/1/6
f 4438/1/6 4439/1/6 4441/1/6
f 4439/3/6 4440/3/6 4441/3/6
f 4440/1/6 4437/1/6 4442/1/6
f 4441/3/6 4440/3/6 4442/3/6
f 4422/3/6 4438/3/6 4443/3/6
f 4438/1/6 4441/1/6 4444/1/6
f 4443/3/6 4438/3/6 4444/3/6
f 4441/1/6 4442/1/6 4444/1/6
f 4444/1/6 4442/1/6 4445/1/6
f 4442/1/6 4437/1/6 4446/1/6
f 4445/1/6 4442/1/6 4446/1/6
f 4437/3/6 4431/3/6 4447/3/6
f 4446/1/6 4437/1/6 4447/1/6
f 4431/3/6 4426/3/6 4448/3/6
f 4447/3/6 4431/3/6 4448/3/6
f 4446/1/6 4447/1/6 4449/1/6
f 4447/1/6 4448/1/6 4449/1/6
f 4448/3/6 4426/3/6 4450/3/6
f 4449/1/6 4448/1/6 4450/1/6
f 4426/3/6 4420/3/6 4451/3/6
f 4450/3/6 4426/3/6 4451/3/6
f 4444/1/6 4445/1/6 4453/1/6
f 4443/1/6 4444/1/6 4453/1/6
f 4445/3/6 4446/3/6 4454/3/6
f 4453/1/6 4445/1/6 4454/1/6
f 4446/1/6 4449/1/6 4455/1/6
f 4454/3/6 4446/3/6 4455/3/6
f 4449/3/6 4450/3/6 4456/3/6
f 4455/1/6 4449/1/6 4456/1/6
f 4451/3/6 4452/3/6 4456/3/6
f 4450/3/6 4451/3/6 4456/3/6
f 4456/3/6 4452/3/6 4457/3/6
f 4457/3/6 4452/3/6 4458/3/6
f 4458/3/6 4452/3/6 4459/3/6
f 4454/1/6 4455/1/6 4460/1/6
f 4453/3/6 4454/3/6 4460/3/6
f 4455/1/6 4456/1/6 4460/1/6
f 4456/1/6 4457/1/6 4460/1/6
f 4460/1/6 4457/1/6 4461/1/6
f 4459/3/6 4452/3/6 4462/3/6
f 4462/3/6 4452/3/6 4463/3/6
f 4461/1/6 4457/1/6 4464/1/6
f 4457/3/6 4458/3/6 4464/3/6
f 4464/3/6 4458/3/6 4465/3/6
f 4453/3/6 4460/3/6 4466/3/6
f 4460/3/6 4461/3/6 4466/3/6
f 4464/1/6 4465/1/6 4467/1/6
f 4466/3/6 4461/3/6 4467/3/6
f 4461/1/6 4464/1/6 4467/1/6
f 4465/3/6 4458/3/6 4468/3/6
f 4467/1/6 4465/1/6 4468/1/6
f 4468/3/6 4458/3/6 4469/3/6
f 4470/5/6 4471/5/6 4472/5/6
f 4472/5/6 4471/5/6 4473/5/6
f 4474/5/6 4475/5/6 4476/5/6
f 4476/5/6 4475/5/6 4477/5/6
f 4478/5/6 4479/5/6 4480/5/6
f 4480/5/6 4479/5/6 4481/5/6
f 4482/5/6 4483/5/6 4484/5/6
f 4484/5/6 4483/5/6 4485/5/6
f 4482/5/6 4484/5/6 4486/5/6
f 4486/5/6 4484/5/6 4487/5/6
f 4488/5/6 4489/5/6 4490/5/6
f 4490/5/6 4489/5/6 4491/5/6
f 4492/5/6 4493/5/6 4494/5/6
f 4494/5/6 4493/5/6 4495/5/6
f 4496/5/6 4497/5/6 4498/5/6
f 4498/5/6 4497/5/6 4499/5/6
f 4500/5/6 4501/5/6 4503/5/6
f 4501/5/6 4502/5/6 4503/5/6
f 4503/5/6 4502/5/6 4504/5/6
f 4505/5/6 4506/5/6 4507/5/6
f 4507/5/6 4508/5/6 4509/5/6
f 4505/5/6 4507/5/6 4511/5/6
f 4509/5/6 4510/5/6 4511/5/6
f 4507/5/6 4509/5/6 4511/5/6
f 4511/5/6 4510/5/6 4512/5/6
f 4513/5/6 4514/5/6 4515/5/6
f 4515/5/6 4514/5/6 4516/5/6
f 4513/5/6 4515/5/6 4517/5/6
f 4517/5/6 4518/5/6 4519/5/6
f 4519/5/6 4520/5/6 4521/5/6
f 4521/5/6 4520/5/6 4522/5/6
f 4513/5/6 4517/5/6 4523/5/6
f 4517/5/6 4519/5/6 4523/5/6
f 4519/5/6 4521/5/6 4523/5/6
f 4523/5/6 4521/5/6 4524/5/6
